MacroPlot.Name,Date,Index,Transect,Point,Tape,Order,Height,CanopyLayer,Status,Comment,UV1,UV2,UV3,NumTran,TranLen,NumPtsTran,Offset,FieldTeam,EntryTeam,UV1Desc,UV2Desc,UV3Desc,SaComment,Species.Symbol,Visited,X
PIEN 15,8/5/2024 1:19:35 PM,,,,,,,,,,,,,2,49.8,166,0,Brannfors; Lalor,Westfahl,,,,,,True,
PIEN 15,8/5/2024 1:19:35 PM,1,1,1,0.3,1,,,D,,,,,,,,,,,,,,,LITT,,
PIEN 15,8/5/2024 1:19:35 PM,2,1,2,0.6,1,0.05,,L,,,,,,,,,,,,,,,CAXX,,
PIEN 15,8/5/2024 1:19:35 PM,3,1,3,0.9,1,0.55,,D,,,,,,,,,,,,,,,POTR,,
PIEN 15,8/5/2024 1:19:35 PM,4,1,3,0.9,2,,,L,,,,,,,,,,,,,,,CAXX,,
PIEN 15,8/5/2024 1:19:35 PM,5,1,4,1.2,1,0.2,,L,,,,,,,,,,,,,,,CAXX,,
PIEN 15,8/5/2024 1:19:35 PM,6,1,5,1.5,1,0.25,,L,,,,,,,,,,,,,,,CAXX,,
PIEN 15,8/5/2024 1:19:35 PM,7,1,5,1.5,2,,,L,,,,,,,,,,,,,,,POTR,,
PIEN 15,8/5/2024 1:19:35 PM,8,1,6,1.8,1,0.25,,L,,,,,,,,,,,,,,,CAXX,,
PIEN 15,8/5/2024 1:19:35 PM,9,1,7,2.1,1,0.2,,L,,,,,,,,,,,,,,,CAXX,,
PIEN 15,8/5/2024 1:19:35 PM,10,1,8,2.4,1,0.75,,D,,,,,,,,,,,,,,,POTR,,
PIEN 15,8/5/2024 1:19:35 PM,11,1,8,2.4,2,,,L,,,,,,,,,,,,,,,CAXX,,
PIEN 15,8/5/2024 1:19:35 PM,12,1,9,2.7,1,0.1,,L,,,,,,,,,,,,,,,CAXX,,
PIEN 15,8/5/2024 1:19:35 PM,13,1,10,3,1,,,D,,,,,,,,,,,,,,,LITT,,
PIEN 15,8/5/2024 1:19:35 PM,14,1,11,3.3,1,,,D,,,,,,,,,,,,,,,LITT,,
PIEN 15,8/5/2024 1:19:35 PM,15,1,12,3.6,1,,,D,,,,,,,,,,,,,,,LITT,,
PIEN 15,8/5/2024 1:19:35 PM,16,1,13,3.9,1,,,D,,,,,,,,,,,,,,,LITT,,
PIEN 15,8/5/2024 1:19:35 PM,17,1,14,4.2,1,0.2,,L,,,,,,,,,,,,,,,CAXX,,
PIEN 15,8/5/2024 1:19:35 PM,18,1,15,4.5,1,,,D,,,,,,,,,,,,,,,WOOD,,
PIEN 15,8/5/2024 1:19:35 PM,19,1,16,4.8,1,0.25,,L,,,,,,,,,,,,,,,CAXX,,
PIEN 15,8/5/2024 1:19:35 PM,20,1,17,5.1,1,0.01,,L,,,,,,,,,,,,,,,CAXX,,
PIEN 15,8/5/2024 1:19:35 PM,21,1,18,5.4,1,0.2,,L,,,,,,,,,,,,,,,CAXX,,
PIEN 15,8/5/2024 1:19:35 PM,22,1,19,5.7,1,,,D,,,,,,,,,,,,,,,LITT,,
PIEN 15,8/5/2024 1:19:35 PM,23,1,20,6,1,,,D,,,,,,,,,,,,,,,WOOD,,
PIEN 15,8/5/2024 1:19:35 PM,24,1,21,6.3,1,,,D,,,,,,,,,,,,,,,WOOD,,
PIEN 15,8/5/2024 1:19:35 PM,25,1,22,6.6,1,,,D,,,,,,,,,,,,,,,LITT,,
PIEN 15,8/5/2024 1:19:35 PM,26,1,23,6.9,1,0.25,,L,,,,,,,,,,,,,,,CAXX,,
PIEN 15,8/5/2024 1:19:35 PM,27,1,24,7.2,1,0.15,,L,,,,,,,,,,,,,,,CAXX,,
PIEN 15,8/5/2024 1:19:35 PM,28,1,25,7.5,1,0.15,,L,,,,,,,,,,,,,,,CAXX,,
PIEN 15,8/5/2024 1:19:35 PM,29,1,26,7.8,1,0.2,,,,,,,,,,,,,,,,,CAXX,,
PIEN 15,8/5/2024 1:19:35 PM,30,1,27,8.1,1,0.5,,L,,,,,,,,,,,,,,,POTR,,
PIEN 15,8/5/2024 1:19:35 PM,31,1,27,8.1,2,,,L,,,,,,,,,,,,,,,CAXX,,
PIEN 15,8/5/2024 1:19:35 PM,32,1,28,8.4,1,0.1,,L,,,,,,,,,,,,,,,CAXX,,
PIEN 15,8/5/2024 1:19:35 PM,33,1,29,8.7,1,1.2,,L,,,,,,,,,,,,,,,POTR,,
PIEN 15,8/5/2024 1:19:35 PM,34,1,29,8.7,2,,,L,,,,,,,,,,,,,,,CAXX,,
PIEN 15,8/5/2024 1:19:35 PM,35,1,30,9,1,0.45,,L,,,,,,,,,,,,,,,CAXX,,
PIEN 15,8/5/2024 1:19:35 PM,36,1,31,9.3,1,0.6,,L,,,,,,,,,,,,,,,POTR,,
PIEN 15,8/5/2024 1:19:35 PM,37,1,31,9.3,2,,,L,,,,,,,,,,,,,,,CAXX,,
PIEN 15,8/5/2024 1:19:35 PM,38,1,32,9.6,1,0.01,,L,,,,,,,,,,,,,,,CAXX,,
PIEN 15,8/5/2024 1:19:35 PM,39,1,33,9.9,1,,,D,,,,,,,,,,,,,,,LITT,,
PIEN 15,8/5/2024 1:19:35 PM,40,1,34,10.2,1,,,D,,,,,,,,,,,,,,,LITT,,
PIEN 15,8/5/2024 1:19:35 PM,41,1,35,10.5,1,0.2,,L,,,,,,,,,,,,,,,CAXX,,
PIEN 15,8/5/2024 1:19:35 PM,42,1,36,10.8,1,0.85,,L,,,,,,,,,,,,,,,POTR,,
PIEN 15,8/5/2024 1:19:35 PM,43,1,36,10.8,2,,,L,,,,,,,,,,,,,,,CAXX,,
PIEN 15,8/5/2024 1:19:35 PM,44,1,37,11.1,1,0.5,,L,,,,,,,,,,,,,,,POTR,,
PIEN 15,8/5/2024 1:19:35 PM,45,1,37,11.1,2,,,L,,,,,,,,,,,,,,,CAXX,,
PIEN 15,8/5/2024 1:19:35 PM,46,1,38,11.4,1,0.3,,L,,,,,,,,,,,,,,,CAXX,,
PIEN 15,8/5/2024 1:19:35 PM,47,1,39,11.7,1,0.2,,L,,,,,,,,,,,,,,,CAXX,,
PIEN 15,8/5/2024 1:19:35 PM,48,1,40,12,1,0.15,,L,,,,,,,,,,,,,,,LIPO,,
PIEN 15,8/5/2024 1:19:35 PM,49,1,40,12,2,,,L,,,,,,,,,,,,,,,CAXX,,
PIEN 15,8/5/2024 1:19:35 PM,50,1,41,12.3,1,1.4,,L,,,,,,,,,,,,,,,POTR,,
PIEN 15,8/5/2024 1:19:35 PM,51,1,41,12.3,2,,,L,,,,,,,,,,,,,,,CIXX,,
PIEN 15,8/5/2024 1:19:35 PM,52,1,42,12.6,1,0.3,,L,,,,,,,,,,,,,,,ELTR,,
PIEN 15,8/5/2024 1:19:35 PM,53,1,42,12.6,2,,,L,,,,,,,,,,,,,,,CAXX,,
PIEN 15,8/5/2024 1:19:35 PM,54,1,43,12.9,1,,,D,,,,,,,,,,,,,,,LITT,,
PIEN 15,8/5/2024 1:19:35 PM,55,1,44,13.2,1,,,D,,,,,,,,,,,,,,,LITT,,
PIEN 15,8/5/2024 1:19:35 PM,56,1,45,13.5,1,0.8,,D,,,,,,,,,,,,,,,POTR,,
PIEN 15,8/5/2024 1:19:35 PM,57,1,46,13.8,1,0.35,,D,,,,,,,,,,,,,,,POTR,,
PIEN 15,8/5/2024 1:19:35 PM,58,1,47,14.1,1,,,D,,,,,,,,,,,,,,,WOOD,,
PIEN 15,8/5/2024 1:19:35 PM,59,1,48,14.4,1,0.25,,L,,,,,,,,,,,,,,,CAXX,,
PIEN 15,8/5/2024 1:19:35 PM,60,1,49,14.7,1,,,D,,,,,,,,,,,,,,,LITT,,
PIEN 15,8/5/2024 1:19:35 PM,61,1,50,15,1,,,D,,,,,,,,,,,,,,,LITT,,
PIEN 15,8/5/2024 1:19:35 PM,62,1,51,15.3,1,,,D,,,,,,,,,,,,,,,LITT,,
PIEN 15,8/5/2024 1:19:35 PM,63,1,52,15.6,1,,,D,,,,,,,,,,,,,,,WOOD,,
PIEN 15,8/5/2024 1:19:35 PM,64,1,53,15.9,1,0.15,,L,,,,,,,,,,,,,,,CAXX,,
PIEN 15,8/5/2024 1:19:35 PM,65,1,54,16.2,1,0.15,,L,,,,,,,,,,,,,,,CAXX,,
PIEN 15,8/5/2024 1:19:35 PM,66,1,55,16.5,1,1.3,,L,,,,,,,,,,,,,,,POTR,,
PIEN 15,8/5/2024 1:19:35 PM,67,1,55,16.5,2,,,L,,,,,,,,,,,,,,,CAXX,,
PIEN 15,8/5/2024 1:19:35 PM,68,1,56,16.8,1,,,D,,,,,,,,,,,,,,,LITT,,
PIEN 15,8/5/2024 1:19:35 PM,69,1,57,17.1,1,,,D,,,,,,,,,,,,,,,LITT,,
PIEN 15,8/5/2024 1:19:35 PM,70,1,58,17.4,1,0.05,,L,,,,,,,,,,,,,,,CAXX,,
PIEN 15,8/5/2024 1:19:35 PM,71,1,59,17.7,1,0.15,,L,,,,,,,,,,,,,,,CAXX,,
PIEN 15,8/5/2024 1:19:35 PM,72,1,60,18,1,,,D,,,,,,,,,,,,,,,LITT,,
PIEN 15,8/5/2024 1:19:35 PM,73,1,61,18.3,1,,,D,,,,,,,,,,,,,,,LITT,,
PIEN 15,8/5/2024 1:19:35 PM,74,1,62,18.6,1,0.2,,L,,,,,,,,,,,,,,,CAXX,,
PIEN 15,8/5/2024 1:19:35 PM,75,1,63,18.9,1,,,D,,,,,,,,,,,,,,,LITT,,
PIEN 15,8/5/2024 1:19:35 PM,76,1,64,19.2,1,,,D,,,,,,,,,,,,,,,WOOD,,
PIEN 15,8/5/2024 1:19:35 PM,77,1,65,19.5,1,,,D,,,,,,,,,,,,,,,WOOD,,
PIEN 15,8/5/2024 1:19:35 PM,78,1,66,19.8,1,0.6,,L,,,,,,,,,,,,,,,POTR,,
PIEN 15,8/5/2024 1:19:35 PM,79,1,66,19.8,2,,,L,,,,,,,,,,,,,,,CAXX,,
PIEN 15,8/5/2024 1:19:35 PM,80,1,67,20.1,1,0.35,,L,,,,,,,,,,,,,,,CAXX,,
PIEN 15,8/5/2024 1:19:35 PM,81,1,68,20.4,1,0.15,,L,,,,,,,,,,,,,,,CAXX,,
PIEN 15,8/5/2024 1:19:35 PM,82,1,69,20.7,1,0.05,,L,,,,,,,,,,,,,,,LOUT,,
PIEN 15,8/5/2024 1:19:35 PM,83,1,70,21,1,0.15,,L,,,,,,,,,,,,,,,LOUT,,
PIEN 15,8/5/2024 1:19:35 PM,84,1,71,21.3,1,,,D,,,,,,,,,,,,,,,LITT,,
PIEN 15,8/5/2024 1:19:35 PM,85,1,72,21.6,1,,,D,,,,,,,,,,,,,,,LITT,,
PIEN 15,8/5/2024 1:19:35 PM,86,1,73,21.9,1,0.2,,L,,,,,,,,,,,,,,,RUID,,
PIEN 15,8/5/2024 1:19:35 PM,87,1,74,22.2,1,0.25,,L,,,,,,,,,,,,,,,CAXX,,
PIEN 15,8/5/2024 1:19:35 PM,88,1,74,22.2,2,,,L,,,,,,,,,,,,,,,LOUT,,
PIEN 15,8/5/2024 1:19:35 PM,89,1,75,22.5,1,0.2,,L,,,,,,,,,,,,,,,CAXX,,
PIEN 15,8/5/2024 1:19:35 PM,90,1,76,22.8,1,0.25,,L,,,,,,,,,,,,,,,CAXX,,
PIEN 15,8/5/2024 1:19:35 PM,91,1,76,22.8,2,,,L,,,,,,,,,,,,,,,LOUT,,
PIEN 15,8/5/2024 1:19:35 PM,92,1,77,23.1,1,0.2,,L,,,,,,,,,,,,,,,LOUT,,
PIEN 15,8/5/2024 1:19:35 PM,93,1,78,23.4,1,0.2,,L,,,,,,,,,,,,,,,CAXX,,
PIEN 15,8/5/2024 1:19:35 PM,94,1,79,23.7,1,0.25,,L,,,,,,,,,,,,,,,LOUT,,
PIEN 15,8/5/2024 1:19:35 PM,95,1,80,24,1,,,D,,,,,,,,,,,,,,,WOOD,,
PIEN 15,8/5/2024 1:19:35 PM,96,1,81,24.3,1,,,D,,,,,,,,,,,,,,,LITT,,
PIEN 15,8/5/2024 1:19:35 PM,97,1,82,24.6,1,0.15,,L,,,,,,,,,,,,,,,CAXX,,
PIEN 15,8/5/2024 1:19:35 PM,98,1,83,24.9,1,0.85,,L,,,,,,,,,,,,,,,POTR,,
PIEN 15,8/5/2024 1:19:35 PM,99,1,84,25.2,1,0.65,,L,,,,,,,,,,,,,,,POTR,,
PIEN 15,8/5/2024 1:19:35 PM,100,1,85,25.5,1,0.25,,L,,,,,,,,,,,,,,,LIPO,,
PIEN 15,8/5/2024 1:19:35 PM,101,1,86,25.8,1,0.25,,L,,,,,,,,,,,,,,,CAXX,,
PIEN 15,8/5/2024 1:19:35 PM,102,1,87,26.1,1,0.35,,L,,,,,,,,,,,,,,,CAXX,,
PIEN 15,8/5/2024 1:19:35 PM,103,1,87,26.1,2,,,L,,,,,,,,,,,,,,,LIPO,,
PIEN 15,8/5/2024 1:19:35 PM,104,1,88,26.4,1,0.3,,L,,,,,,,,,,,,,,,LIPO,,
PIEN 15,8/5/2024 1:19:35 PM,105,1,88,26.4,2,,,L,,,,,,,,,,,,,,,CAXX,,
PIEN 15,8/5/2024 1:19:35 PM,106,1,89,26.7,1,0.35,,L,,,,,,,,,,,,,,,LIPO,,
PIEN 15,8/5/2024 1:19:35 PM,107,1,89,26.7,2,,,L,,,,,,,,,,,,,,,CAXX,,
PIEN 15,8/5/2024 1:19:35 PM,108,1,90,27,1,0.1,,L,,,,,,,,,,,,,,,CAXX,,
PIEN 15,8/5/2024 1:19:35 PM,109,1,91,27.3,1,0.2,,L,,,,,,,,,,,,,,,CAXX,,
PIEN 15,8/5/2024 1:19:35 PM,110,1,92,27.6,1,0.05,,L,,,,,,,,,,,,,,,CAXX,,
PIEN 15,8/5/2024 1:19:35 PM,111,1,93,27.9,1,0.05,,L,,,,,,,,,,,,,,,LOUT,,
PIEN 15,8/5/2024 1:19:35 PM,112,1,94,28.2,1,0.1,,L,,,,,,,,,,,,,,,CAXX,,
PIEN 15,8/5/2024 1:19:35 PM,113,1,95,28.5,1,0.15,,L,,,,,,,,,,,,,,,CAXX,,
PIEN 15,8/5/2024 1:19:35 PM,114,1,96,28.8,1,,,D,,,,,,,,,,,,,,,WOOD,,
PIEN 15,8/5/2024 1:19:35 PM,115,1,97,29.1,1,0.25,,L,,,,,,,,,,,,,,,SOXX,,
PIEN 15,8/5/2024 1:19:35 PM,116,1,97,29.1,2,,,L,,,,,,,,,,,,,,,LOUT,,
PIEN 15,8/5/2024 1:19:35 PM,117,1,98,29.4,1,0.05,,L,,,,,,,,,,,,,,,LOUT,,
PIEN 15,8/5/2024 1:19:35 PM,118,1,99,29.7,1,0.45,,L,,,,,,,,,,,,,,,RONE,,
PIEN 15,8/5/2024 1:19:35 PM,119,1,99,29.7,2,,,L,,,,,,,,,,,,,,,CAXX,,
PIEN 15,8/5/2024 1:19:35 PM,120,1,99,29.7,3,,,L,,,,,,,,,,,,,,,LOUT,,
PIEN 15,8/5/2024 1:19:35 PM,121,1,100,30,1,0.55,,L,,,,,,,,,,,,,,,RONE,,
PIEN 15,8/5/2024 1:19:35 PM,122,1,100,30,2,,,L,,,,,,,,,,,,,,,LOUT,,
PIEN 15,8/5/2024 1:19:35 PM,123,1,100,30,3,,,L,,,,,,,,,,,,,,,CAXX,,
PIEN 15,8/5/2024 1:19:35 PM,124,1,101,30.3,1,0.75,,L,,,,,,,,,,,,,,,RONE,,
PIEN 15,8/5/2024 1:19:35 PM,125,1,101,30.3,2,,,L,,,,,,,,,,,,,,,CAXX,,
PIEN 15,8/5/2024 1:19:35 PM,126,1,101,30.3,3,,,L,,,,,,,,,,,,,,,LOUT,,
PIEN 15,8/5/2024 1:19:35 PM,127,1,102,30.6,1,0.3,,L,,,,,,,,,,,,,,,RONE,,
PIEN 15,8/5/2024 1:19:35 PM,128,1,103,30.9,1,,,D,,,,,,,,,,,,,,,LITT,,
PIEN 15,8/5/2024 1:19:35 PM,129,1,104,31.2,1,0.2,,L,,,,,,,,,,,,,,,CAXX,,
PIEN 15,8/5/2024 1:19:35 PM,130,1,105,31.5,1,0.2,,L,,,,,,,,,,,,,,,LOUT,,
PIEN 15,8/5/2024 1:19:35 PM,131,1,105,31.5,2,,,L,,,,,,,,,,,,,,,CAXX,,
PIEN 15,8/5/2024 1:19:35 PM,132,1,106,31.8,1,0.2,,L,,,,,,,,,,,,,,,CAXX,,
PIEN 15,8/5/2024 1:19:35 PM,133,1,106,31.8,2,,,L,,,,,,,,,,,,,,,LOUT,,
PIEN 15,8/5/2024 1:19:35 PM,134,1,107,32.1,1,0.3,,L,,,,,,,,,,,,,,,RONE,,
PIEN 15,8/5/2024 1:19:35 PM,135,1,108,32.4,1,0.1,,L,,,,,,,,,,,,,,,LOUT,,
PIEN 15,8/5/2024 1:19:35 PM,136,1,109,32.7,1,0.25,,L,,,,,,,,,,,,,,,CAXX,,
PIEN 15,8/5/2024 1:19:35 PM,137,1,110,33,1,,,D,,,,,,,,,,,,,,,BOLE,,
PIEN 15,8/5/2024 1:19:35 PM,138,1,111,33.3,1,0.25,,L,,,,,,,,,,,,,,,CAXX,,
PIEN 15,8/5/2024 1:19:35 PM,139,1,112,33.6,1,0.1,,L,,,,,,,,,,,,,,,LOUT,,
PIEN 15,8/5/2024 1:19:35 PM,140,1,113,33.9,1,,,D,,,,,,,,,,,,,,,LITT,,
PIEN 15,8/5/2024 1:19:35 PM,141,1,114,34.2,1,0.3,,L,,,,,,,,,,,,,,,CAXX,,
PIEN 15,8/5/2024 1:19:35 PM,142,1,115,34.5,1,,,D,,,,,,,,,,,,,,,WOOD,,
PIEN 15,8/5/2024 1:19:35 PM,143,1,116,34.8,1,0.2,,L,,,,,,,,,,,,,,,CAXX,,
PIEN 15,8/5/2024 1:19:35 PM,144,1,116,34.8,2,,,L,,,,,,,,,,,,,,,LOUT,,
PIEN 15,8/5/2024 1:19:35 PM,145,1,117,35.1,1,0.2,,L,,,,,,,,,,,,,,,RONE,,
PIEN 15,8/5/2024 1:19:35 PM,146,1,117,35.1,2,,,L,,,,,,,,,,,,,,,LOUT,,
PIEN 15,8/5/2024 1:19:35 PM,147,1,118,35.4,1,0.5,,L,,,,,,,,,,,,,,,RONE,,
PIEN 15,8/5/2024 1:19:35 PM,148,1,119,35.7,1,0.55,,L,,,,,,,,,,,,,,,RONE,,
PIEN 15,8/5/2024 1:19:35 PM,149,1,120,36,1,0.55,,L,,,,,,,,,,,,,,,RONE,,
PIEN 15,8/5/2024 1:19:35 PM,150,1,121,36.3,1,0.2,,L,,,,,,,,,,,,,,,RONE,,
PIEN 15,8/5/2024 1:19:35 PM,151,1,122,36.6,1,0.7,,L,,,,,,,,,,,,,,,RONE,,
PIEN 15,8/5/2024 1:19:35 PM,152,1,122,36.6,2,,,L,,,,,,,,,,,,,,,LOUT,,
PIEN 15,8/5/2024 1:19:35 PM,153,1,123,36.9,1,0.5,,L,,,,,,,,,,,,,,,RONE,,
PIEN 15,8/5/2024 1:19:35 PM,154,1,123,36.9,2,,,L,Hesperpstipa columbiana? name change?,,,,,,,,,,,,,,ACNE,,
PIEN 15,8/5/2024 1:19:35 PM,155,1,124,37.2,1,0.65,,L,,,,,,,,,,,,,,,RONE,,
PIEN 15,8/5/2024 1:19:35 PM,156,1,125,37.5,1,0.85,,L,,,,,,,,,,,,,,,RONE,,
PIEN 15,8/5/2024 1:19:35 PM,157,1,126,37.8,1,0.85,,L,,,,,,,,,,,,,,,RONE,,
PIEN 15,8/5/2024 1:19:35 PM,158,1,127,38.1,1,0.7,,L,,,,,,,,,,,,,,,RONE,,
PIEN 15,8/5/2024 1:19:35 PM,159,1,128,38.4,1,0.7,,L,,,,,,,,,,,,,,,RONE,,
PIEN 15,8/5/2024 1:19:35 PM,160,1,129,38.7,1,0.55,,L,,,,,,,,,,,,,,,RONE,,
PIEN 15,8/5/2024 1:19:35 PM,161,1,129,38.7,2,,,L,,,,,,,,,,,,,,,CAXX,,
PIEN 15,8/5/2024 1:19:35 PM,162,1,130,39,1,0.55,,L,,,,,,,,,,,,,,,RONE,,
PIEN 15,8/5/2024 1:19:35 PM,163,1,131,39.3,1,0.6,,L,,,,,,,,,,,,,,,RONE,,
PIEN 15,8/5/2024 1:19:35 PM,164,1,132,39.6,1,0.85,,L,,,,,,,,,,,,,,,RONE,,
PIEN 15,8/5/2024 1:19:35 PM,165,1,133,39.9,1,0.9,,L,,,,,,,,,,,,,,,RONE,,
PIEN 15,8/5/2024 1:19:35 PM,166,1,134,40.2,1,0.95,,L,,,,,,,,,,,,,,,RONE,,
PIEN 15,8/5/2024 1:19:35 PM,167,1,135,40.5,1,0.8,,L,,,,,,,,,,,,,,,RONE,,
PIEN 15,8/5/2024 1:19:35 PM,168,1,135,40.5,2,,,L,,,,,,,,,,,,,,,CIXX,,
PIEN 15,8/5/2024 1:19:35 PM,169,1,136,40.8,1,0.6,,L,,,,,,,,,,,,,,,RONE,,
PIEN 15,8/5/2024 1:19:35 PM,170,1,136,40.8,2,,,L,,,,,,,,,,,,,,,CAXX,,
PIEN 15,8/5/2024 1:19:35 PM,171,1,137,41.1,1,0.75,,L,,,,,,,,,,,,,,,RONE,,
PIEN 15,8/5/2024 1:19:35 PM,172,1,137,41.1,2,,,L,,,,,,,,,,,,,,,CAXX,,
PIEN 15,8/5/2024 1:19:35 PM,173,1,138,41.4,1,0.65,,L,,,,,,,,,,,,,,,RONE,,
PIEN 15,8/5/2024 1:19:35 PM,174,1,139,41.7,1,0.9,,L,,,,,,,,,,,,,,,RONE,,
PIEN 15,8/5/2024 1:19:35 PM,175,1,139,41.7,2,,,L,,,,,,,,,,,,,,,CAXX,,
PIEN 15,8/5/2024 1:19:35 PM,176,1,140,42,1,0.55,,L,,,,,,,,,,,,,,,RONE,,
PIEN 15,8/5/2024 1:19:35 PM,177,1,140,42,2,,,L,,,,,,,,,,,,,,,CAXX,,
PIEN 15,8/5/2024 1:19:35 PM,178,1,141,42.3,1,0.75,,L,,,,,,,,,,,,,,,RONE,,
PIEN 15,8/5/2024 1:19:35 PM,179,1,141,42.3,2,,,L,,,,,,,,,,,,,,,CAXX,,
PIEN 15,8/5/2024 1:19:35 PM,180,1,142,42.6,1,0.45,,L,,,,,,,,,,,,,,,RONE,,
PIEN 15,8/5/2024 1:19:35 PM,181,1,142,42.6,2,,,L,,,,,,,,,,,,,,,CAXX,,
PIEN 15,8/5/2024 1:19:35 PM,182,1,143,42.9,1,0.3,,L,,,,,,,,,,,,,,,CAXX,,
PIEN 15,8/5/2024 1:19:35 PM,183,1,144,43.2,1,1.1,,L,,,,,,,,,,,,,,,RONE,,
PIEN 15,8/5/2024 1:19:35 PM,184,1,144,43.2,2,,,L,,,,,,,,,,,,,,,CAXX,,
PIEN 15,8/5/2024 1:19:35 PM,185,1,145,43.5,1,0.5,,L,,,,,,,,,,,,,,,RONE,,
PIEN 15,8/5/2024 1:19:35 PM,186,1,145,43.5,2,,,L,,,,,,,,,,,,,,,CAXX,,
PIEN 15,8/5/2024 1:19:35 PM,187,1,146,43.8,1,0.2,,L,,,,,,,,,,,,,,,CAXX,,
PIEN 15,8/5/2024 1:19:35 PM,188,1,147,44.1,1,0.15,,L,,,,,,,,,,,,,,,CAXX,,
PIEN 15,8/5/2024 1:19:35 PM,189,1,148,44.4,1,0.1,,L,,,,,,,,,,,,,,,CAXX,,
PIEN 15,8/5/2024 1:19:35 PM,190,1,149,44.7,1,0.65,,L,,,,,,,,,,,,,,,RONE,,
PIEN 15,8/5/2024 1:19:35 PM,191,1,149,44.7,2,,,L,,,,,,,,,,,,,,,CAXX,,
PIEN 15,8/5/2024 1:19:35 PM,192,1,150,45,1,0.3,,L,,,,,,,,,,,,,,,RONE,,
PIEN 15,8/5/2024 1:19:35 PM,193,1,150,45,2,,,L,,,,,,,,,,,,,,,ELTR,,
PIEN 15,8/5/2024 1:19:35 PM,194,1,151,45.3,1,0.35,,L,,,,,,,,,,,,,,,RONE,,
PIEN 15,8/5/2024 1:19:35 PM,195,1,151,45.3,2,,,L,,,,,,,,,,,,,,,CHAN,,
PIEN 15,8/5/2024 1:19:35 PM,196,1,152,45.6,1,0.4,,L,,,,,,,,,,,,,,,RONE,,
PIEN 15,8/5/2024 1:19:35 PM,197,1,153,45.9,1,,,D,,,,,,,,,,,,,,,WOOD,,
PIEN 15,8/5/2024 1:19:35 PM,198,1,154,46.2,1,0.1,,L,,,,,,,,,,,,,,,RONE,,
PIEN 15,8/5/2024 1:19:35 PM,199,1,155,46.5,1,0.55,,L,,,,,,,,,,,,,,,RONE,,
PIEN 15,8/5/2024 1:19:35 PM,200,1,156,46.8,1,0.5,,L,,,,,,,,,,,,,,,RONE,,
PIEN 15,8/5/2024 1:19:35 PM,201,1,156,46.8,2,,,L,,,,,,,,,,,,,,,CHAN,,
PIEN 15,8/5/2024 1:19:35 PM,202,1,156,46.8,3,,,L,,,,,,,,,,,,,,,ERXX,,
PIEN 15,8/5/2024 1:19:35 PM,203,1,157,47.1,1,0.3,,L,,,,,,,,,,,,,,,RONE,,
PIEN 15,8/5/2024 1:19:35 PM,204,1,157,47.1,2,,,L,,,,,,,,,,,,,,,CAXX,,
PIEN 15,8/5/2024 1:19:35 PM,205,1,158,47.4,1,0.25,,L,,,,,,,,,,,,,,,RONE,,
PIEN 15,8/5/2024 1:19:35 PM,206,1,159,47.7,1,0.1,,L,,,,,,,,,,,,,,,CAXX,,
PIEN 15,8/5/2024 1:19:35 PM,207,1,160,48,1,,,D,,,,,,,,,,,,,,,LITT,,
PIEN 15,8/5/2024 1:19:35 PM,208,1,161,48.3,1,,,D,,,,,,,,,,,,,,,WOOD,,
PIEN 15,8/5/2024 1:19:35 PM,209,1,162,48.6,1,1.25,,L,,,,,,,,,,,,,,,RONE,,
PIEN 15,8/5/2024 1:19:35 PM,210,1,163,48.9,1,1.1,,L,,,,,,,,,,,,,,,RONE,,
PIEN 15,8/5/2024 1:19:35 PM,211,1,163,48.9,2,,,L,,,,,,,,,,,,,,,CAXX,,
PIEN 15,8/5/2024 1:19:35 PM,212,1,164,49.2,1,,,D,,,,,,,,,,,,,,,LITT,,
PIEN 15,8/5/2024 1:19:35 PM,213,1,165,49.5,1,,,D,,,,,,,,,,,,,,,LITT,,
PIEN 15,8/5/2024 1:19:35 PM,214,1,166,49.8,1,0.05,,L,,,,,,,,,,,,,,,CAXX,,
PIEN 15,8/5/2024 1:19:35 PM,215,2,1,0.3,1,0.01,,L,,,,,,,,,,,,,,,LOUT,,
PIEN 15,8/5/2024 1:19:35 PM,216,2,2,0.6,1,0.15,,L,,,,,,,,,,,,,,,LOUT,,
PIEN 15,8/5/2024 1:19:35 PM,217,2,2,0.6,2,,,L,,,,,,,,,,,,,,,CAXX,,
PIEN 15,8/5/2024 1:19:35 PM,218,2,3,0.9,1,,,D,,,,,,,,,,,,,,,LITT,,
PIEN 15,8/5/2024 1:19:35 PM,219,2,4,1.2,1,0.1,,L,,,,,,,,,,,,,,,CAXX,,
PIEN 15,8/5/2024 1:19:35 PM,220,2,5,1.5,1,0.1,,L,,,,,,,,,,,,,,,CEFE,,
PIEN 15,8/5/2024 1:19:35 PM,221,2,6,1.8,1,,,D,,,,,,,,,,,,,,,LITT,,
PIEN 15,8/5/2024 1:19:35 PM,222,2,7,2.1,1,0.2,,L,,,,,,,,,,,,,,,CAXX,,
PIEN 15,8/5/2024 1:19:35 PM,223,2,7,2.1,2,,,L,,,,,,,,,,,,,,,CEFE,,
PIEN 15,8/5/2024 1:19:35 PM,224,2,8,2.4,1,0.15,,L,,,,,,,,,,,,,,,CEFE,,
PIEN 15,8/5/2024 1:19:35 PM,225,2,9,2.7,1,,,D,,,,,,,,,,,,,,,LITT,,
PIEN 15,8/5/2024 1:19:35 PM,226,2,10,3,1,,,D,,,,,,,,,,,,,,,LITT,,
PIEN 15,8/5/2024 1:19:35 PM,227,2,11,3.3,1,0.15,,L,,,,,,,,,,,,,,,CAXX,,
PIEN 15,8/5/2024 1:19:35 PM,228,2,12,3.6,1,,,D,,,,,,,,,,,,,,,LITT,,
PIEN 15,8/5/2024 1:19:35 PM,229,2,13,3.9,1,0.05,,L,,,,,,,,,,,,,,,CAXX,,
PIEN 15,8/5/2024 1:19:35 PM,230,2,14,4.2,1,0.15,,L,,,,,,,,,,,,,,,POTR,,
PIEN 15,8/5/2024 1:19:35 PM,231,2,15,4.5,1,,,D,,,,,,,,,,,,,,,LITT,,
PIEN 15,8/5/2024 1:19:35 PM,232,2,16,4.8,1,,,D,,,,,,,,,,,,,,,LITT,,
PIEN 15,8/5/2024 1:19:35 PM,233,2,17,5.1,1,,,D,,,,,,,,,,,,,,,LITT,,
PIEN 15,8/5/2024 1:19:35 PM,234,2,18,5.4,1,,,D,,,,,,,,,,,,,,,LITT,,
PIEN 15,8/5/2024 1:19:35 PM,235,2,19,5.7,1,,,D,,,,,,,,,,,,,,,LITT,,
PIEN 15,8/5/2024 1:19:35 PM,236,2,20,6,1,0.3,,L,,,,,,,,,,,,,,,CAXX,,
PIEN 15,8/5/2024 1:19:35 PM,237,2,21,6.3,1,0.1,,L,,,,,,,,,,,,,,,CAXX,,
PIEN 15,8/5/2024 1:19:35 PM,238,2,22,6.6,1,0.5,,L,,,,,,,,,,,,,,,POTR,,
PIEN 15,8/5/2024 1:19:35 PM,239,2,23,6.9,1,0.75,,L,,,,,,,,,,,,,,,POTR,,
PIEN 15,8/5/2024 1:19:35 PM,240,2,24,7.2,1,1.35,,L,,,,,,,,,,,,,,,POTR,,
PIEN 15,8/5/2024 1:19:35 PM,241,2,25,7.5,1,,,D,,,,,,,,,,,,,,,LITT,,
PIEN 15,8/5/2024 1:19:35 PM,242,2,26,7.8,1,0.05,,L,,,,,,,,,,,,,,,CAXX,,
PIEN 15,8/5/2024 1:19:35 PM,243,2,27,8.1,1,,,D,,,,,,,,,,,,,,,WOOD,,
PIEN 15,8/5/2024 1:19:35 PM,244,2,28,8.4,1,0.3,,L,,,,,,,,,,,,,,,CAXX,,
PIEN 15,8/5/2024 1:19:35 PM,245,2,29,8.7,1,,,D,,,,,,,,,,,,,,,LITT,,
PIEN 15,8/5/2024 1:19:35 PM,246,2,30,9,1,,,D,,,,,,,,,,,,,,,LITT,,
PIEN 15,8/5/2024 1:19:35 PM,247,2,31,9.3,1,0.2,,L,,,,,,,,,,,,,,,CAXX,,
PIEN 15,8/5/2024 1:19:35 PM,248,2,32,9.6,1,0.1,,L,,,,,,,,,,,,,,,CAXX,,
PIEN 15,8/5/2024 1:19:35 PM,249,2,33,9.9,1,,,D,,,,,,,,,,,,,,,LITT,,
PIEN 15,8/5/2024 1:19:35 PM,250,2,34,10.2,1,,,D,,,,,,,,,,,,,,,LITT,,
PIEN 15,8/5/2024 1:19:35 PM,251,2,35,10.5,1,,,D,,,,,,,,,,,,,,,LITT,,
PIEN 15,8/5/2024 1:19:35 PM,252,2,36,10.8,1,,,D,,,,,,,,,,,,,,,LITT,,
PIEN 15,8/5/2024 1:19:35 PM,253,2,37,11.1,1,0.25,,L,,,,,,,,,,,,,,,LOUT,,
PIEN 15,8/5/2024 1:19:35 PM,254,2,37,11.1,2,,,L,,,,,,,,,,,,,,,DICA,,
PIEN 15,8/5/2024 1:19:35 PM,255,2,38,11.4,1,,,D,,,,,,,,,,,,,,,LITT,,
PIEN 15,8/5/2024 1:19:35 PM,256,2,39,11.7,1,,,D,,,,,,,,,,,,,,,LITT,,
PIEN 15,8/5/2024 1:19:35 PM,257,2,40,12,1,,,D,,,,,,,,,,,,,,,LITT,,
PIEN 15,8/5/2024 1:19:35 PM,258,2,41,12.3,1,,,D,,,,,,,,,,,,,,,LITT,,
PIEN 15,8/5/2024 1:19:35 PM,259,2,42,12.6,1,,,D,,,,,,,,,,,,,,,LITT,,
PIEN 15,8/5/2024 1:19:35 PM,260,2,43,12.9,1,1.4,,D,,,,,,,,,,,,,,,POTR,,
PIEN 15,8/5/2024 1:19:35 PM,261,2,43,12.9,2,,,L,,,,,,,,,,,,,,,CAXX,,
PIEN 15,8/5/2024 1:19:35 PM,262,2,44,13.2,1,0.15,,L,,,,,,,,,,,,,,,CAXX,,
PIEN 15,8/5/2024 1:19:35 PM,263,2,45,13.5,1,0.15,,L,,,,,,,,,,,,,,,CAXX,,
PIEN 15,8/5/2024 1:19:35 PM,264,2,46,13.8,1,0.2,,L,,,,,,,,,,,,,,,CAXX,,
PIEN 15,8/5/2024 1:19:35 PM,265,2,47,14.1,1,,,D,,,,,,,,,,,,,,,LITT,,
PIEN 15,8/5/2024 1:19:35 PM,266,2,48,14.4,1,,,D,,,,,,,,,,,,,,,WOOD,,
PIEN 15,8/5/2024 1:19:35 PM,267,2,49,14.7,1,0.2,,L,,,,,,,,,,,,,,,CAXX,,
PIEN 15,8/5/2024 1:19:35 PM,268,2,50,15,1,,,D,,,,,,,,,,,,,,,LITT,,
PIEN 15,8/5/2024 1:19:35 PM,269,2,51,15.3,1,0.15,,L,,,,,,,,,,,,,,,CAXX,,
PIEN 15,8/5/2024 1:19:35 PM,270,2,52,15.6,1,0.3,,L,,,,,,,,,,,,,,,CAXX,,
PIEN 15,8/5/2024 1:19:35 PM,271,2,53,15.9,1,,,D,,,,,,,,,,,,,,,LITT,,
PIEN 15,8/5/2024 1:19:35 PM,272,2,54,16.2,1,0.1,,L,,,,,,,,,,,,,,,RUID,,
PIEN 15,8/5/2024 1:19:35 PM,273,2,55,16.5,1,,,D,,,,,,,,,,,,,,,WOOD,,
PIEN 15,8/5/2024 1:19:35 PM,274,2,56,16.8,1,,,D,,,,,,,,,,,,,,,LITT,,
PIEN 15,8/5/2024 1:19:35 PM,275,2,57,17.1,1,0.8,,L,,,,,,,,,,,,,,,POTR,,
PIEN 15,8/5/2024 1:19:35 PM,276,2,58,17.4,1,0.65,,L,,,,,,,,,,,,,,,POTR,,
PIEN 15,8/5/2024 1:19:35 PM,277,2,59,17.7,1,0.1,,L,,,,,,,,,,,,,,,CAXX,,
PIEN 15,8/5/2024 1:19:35 PM,278,2,60,18,1,,,D,,,,,,,,,,,,,,,LITT,,
PIEN 15,8/5/2024 1:19:35 PM,279,2,61,18.3,1,0.2,,L,,,,,,,,,,,,,,,CAXX,,
PIEN 15,8/5/2024 1:19:35 PM,280,2,62,18.6,1,,,D,,,,,,,,,,,,,,,WOOD,,
PIEN 15,8/5/2024 1:19:35 PM,281,2,63,18.9,1,0.2,,L,,,,,,,,,,,,,,,CAXX,,
PIEN 15,8/5/2024 1:19:35 PM,282,2,64,19.2,1,0.85,,D,,,,,,,,,,,,,,,POTR,,
PIEN 15,8/5/2024 1:19:35 PM,283,2,64,19.2,2,,,L,,,,,,,,,,,,,,,CAXX,,
PIEN 15,8/5/2024 1:19:35 PM,284,2,65,19.5,1,,,D,,,,,,,,,,,,,,,WOOD,,
PIEN 15,8/5/2024 1:19:35 PM,285,2,66,19.8,1,0.9,,L,,,,,,,,,,,,,,,POTR,,
PIEN 15,8/5/2024 1:19:35 PM,286,2,66,19.8,2,,,L,,,,,,,,,,,,,,,CAXX,,
PIEN 15,8/5/2024 1:19:35 PM,287,2,67,20.1,1,0.25,,L,,,,,,,,,,,,,,,CAXX,,
PIEN 15,8/5/2024 1:19:35 PM,288,2,68,20.4,1,,,D,,,,,,,,,,,,,,,LITT,,
PIEN 15,8/5/2024 1:19:35 PM,289,2,69,20.7,1,0.15,,L,,,,,,,,,,,,,,,CAXX,,
PIEN 15,8/5/2024 1:19:35 PM,290,2,70,21,1,0.4,,L,,,,,,,,,,,,,,,CAXX,,
PIEN 15,8/5/2024 1:19:35 PM,291,2,71,21.3,1,0.2,,L,,,,,,,,,,,,,,,CAXX,,
PIEN 15,8/5/2024 1:19:35 PM,292,2,72,21.6,1,0.15,,L,,,,,,,,,,,,,,,CAXX,,
PIEN 15,8/5/2024 1:19:35 PM,293,2,73,21.9,1,,,D,,,,,,,,,,,,,,,LITT,,
PIEN 15,8/5/2024 1:19:35 PM,294,2,74,22.2,1,,,D,,,,,,,,,,,,,,,LITT,,
PIEN 15,8/5/2024 1:19:35 PM,295,2,75,22.5,1,,,D,,,,,,,,,,,,,,,LITT,,
PIEN 15,8/5/2024 1:19:35 PM,296,2,76,22.8,1,0.15,,L,,,,,,,,,,,,,,,CAXX,,
PIEN 15,8/5/2024 1:19:35 PM,297,2,77,23.1,1,0.2,,L,,,,,,,,,,,,,,,CAXX,,
PIEN 15,8/5/2024 1:19:35 PM,298,2,78,23.4,1,0.1,,L,,,,,,,,,,,,,,,CAXX,,
PIEN 15,8/5/2024 1:19:35 PM,299,2,79,23.7,1,0.2,,L,,,,,,,,,,,,,,,CAXX,,
PIEN 15,8/5/2024 1:19:35 PM,300,2,80,24,1,0.25,,L,,,,,,,,,,,,,,,CAXX,,
PIEN 15,8/5/2024 1:19:35 PM,301,2,81,24.3,1,0.75,,L,,,,,,,,,,,,,,,POTR,,
PIEN 15,8/5/2024 1:19:35 PM,302,2,81,24.3,2,,,L,,,,,,,,,,,,,,,CAXX,,
PIEN 15,8/5/2024 1:19:35 PM,303,2,82,24.6,1,0.25,,L,,,,,,,,,,,,,,,CAXX,,
PIEN 15,8/5/2024 1:19:35 PM,304,2,82,24.6,2,,,L,,,,,,,,,,,,,,,BRFR,,
PIEN 15,8/5/2024 1:19:35 PM,305,2,83,24.9,1,0.2,,L,,,,,,,,,,,,,,,CAXX,,
PIEN 15,8/5/2024 1:19:35 PM,306,2,84,25.2,1,,,D,,,,,,,,,,,,,,,LITT,,
PIEN 15,8/5/2024 1:19:35 PM,307,2,85,25.5,1,0.15,,L,,,,,,,,,,,,,,,BRFR,,
PIEN 15,8/5/2024 1:19:35 PM,308,2,86,25.8,1,,,D,,,,,,,,,,,,,,,LITT,,
PIEN 15,8/5/2024 1:19:35 PM,309,2,87,26.1,1,0.3,,L,,,,,,,,,,,,,,,CAXX,,
PIEN 15,8/5/2024 1:19:35 PM,310,2,88,26.4,1,,,D,,,,,,,,,,,,,,,WOOD,,
PIEN 15,8/5/2024 1:19:35 PM,311,2,89,26.7,1,,,D,,,,,,,,,,,,,,,WOOD,,
PIEN 15,8/5/2024 1:19:35 PM,312,2,90,27,1,0.01,,L,,,,,,,,,,,,,,,MOSS,,
PIEN 15,8/5/2024 1:19:35 PM,313,2,91,27.3,1,0.7,,L,,,,,,,,,,,,,,,PTAQ,,
PIEN 15,8/5/2024 1:19:35 PM,314,2,91,27.3,2,,,L,,,,,,,,,,,,,,,CAXX,,
PIEN 15,8/5/2024 1:19:35 PM,315,2,92,27.6,1,0.3,,L,,,,,,,,,,,,,,,CAXX,,
PIEN 15,8/5/2024 1:19:35 PM,316,2,93,27.9,1,0.1,,L,,,,,,,,,,,,,,,CAXX,,
PIEN 15,8/5/2024 1:19:35 PM,317,2,94,28.2,1,0.1,,L,,,,,,,,,,,,,,,CAXX,,
PIEN 15,8/5/2024 1:19:35 PM,318,2,95,28.5,1,0.15,,L,,,,,,,,,,,,,,,CAXX,,
PIEN 15,8/5/2024 1:19:35 PM,319,2,96,28.8,1,0.15,,L,,,,,,,,,,,,,,,CAXX,,
PIEN 15,8/5/2024 1:19:35 PM,320,2,97,29.1,1,1.6,,D,,,,,,,,,,,,,,,POTR,,
PIEN 15,8/5/2024 1:19:35 PM,321,2,97,29.1,2,,,,,,,,,,,,,,,,,,CAXX,,
PIEN 15,8/5/2024 1:19:35 PM,322,2,98,29.4,1,1.45,,D,,,,,,,,,,,,,,,POTR,,
PIEN 15,8/5/2024 1:19:35 PM,323,2,98,29.4,2,,,L,,,,,,,,,,,,,,,CAXX,,
PIEN 15,8/5/2024 1:19:35 PM,324,2,99,29.7,1,0.7,,L,,,,,,,,,,,,,,,PTAQ,,
PIEN 15,8/5/2024 1:19:35 PM,325,2,99,29.7,2,,,L,,,,,,,,,,,,,,,CIXX,,
PIEN 15,8/5/2024 1:19:35 PM,326,2,100,30,1,0.6,,L,,,,,,,,,,,,,,,PTAQ,,
PIEN 15,8/5/2024 1:19:35 PM,327,2,100,30,2,,,L,,,,,,,,,,,,,,,CAXX,,
PIEN 15,8/5/2024 1:19:35 PM,328,2,101,30.3,1,0.6,,L,,,,,,,,,,,,,,,PTAQ,,
PIEN 15,8/5/2024 1:19:35 PM,329,2,101,30.3,2,,,L,,,,,,,,,,,,,,,CAXX,,
PIEN 15,8/5/2024 1:19:35 PM,330,2,101,30.3,3,,,L,,,,,,,,,,,,,,,FRVI,,
PIEN 15,8/5/2024 1:19:35 PM,331,2,102,30.6,1,0.7,,L,,,,,,,,,,,,,,,PTAQ,,
PIEN 15,8/5/2024 1:19:35 PM,332,2,102,30.6,2,,,L,,,,,,,,,,,,,,,CAXX,,
PIEN 15,8/5/2024 1:19:35 PM,333,2,103,30.9,1,0.7,,L,,,,,,,,,,,,,,,PTAQ,,
PIEN 15,8/5/2024 1:19:35 PM,334,2,104,31.2,1,,,D,,,,,,,,,,,,,,,LITT,,
PIEN 15,8/5/2024 1:19:35 PM,335,2,105,31.5,1,0.9,,L,,,,,,,,,,,,,,,PTAQ,,
PIEN 15,8/5/2024 1:19:35 PM,336,2,105,31.5,2,,,L,,,,,,,,,,,,,,,CAXX,,
PIEN 15,8/5/2024 1:19:35 PM,337,2,106,31.8,1,,,D,,,,,,,,,,,,,,,LITT,,
PIEN 15,8/5/2024 1:19:35 PM,338,2,107,32.1,1,0.3,,L,,,,,,,,,,,,,,,CAXX,,
PIEN 15,8/5/2024 1:19:35 PM,339,2,108,32.4,1,0.5,,L,,,,,,,,,,,,,,,PTAQ,,
PIEN 15,8/5/2024 1:19:35 PM,340,2,108,32.4,2,,,L,,,,,,,,,,,,,,,CAXX,,
PIEN 15,8/5/2024 1:19:35 PM,341,2,109,32.7,1,0.45,,L,,,,,,,,,,,,,,,PTAQ,,
PIEN 15,8/5/2024 1:19:35 PM,342,2,109,32.7,2,,,L,,,,,,,,,,,,,,,CAXX,,
PIEN 15,8/5/2024 1:19:35 PM,343,2,110,33,1,0.2,,L,,,,,,,,,,,,,,,CAXX,,
PIEN 15,8/5/2024 1:19:35 PM,344,2,111,33.3,1,0.15,,L,,,,,,,,,,,,,,,CAXX,,
PIEN 15,8/5/2024 1:19:35 PM,345,2,112,33.6,1,0.2,,L,,,,,,,,,,,,,,,CAXX,,
PIEN 15,8/5/2024 1:19:35 PM,346,2,112,33.6,2,,,L,,,,,,,,,,,,,,,CIXX,,
PIEN 15,8/5/2024 1:19:35 PM,347,2,113,33.9,1,0.6,,L,,,,,,,,,,,,,,,PTAQ,,
PIEN 15,8/5/2024 1:19:35 PM,348,2,113,33.9,2,,,L,,,,,,,,,,,,,,,CAXX,,
PIEN 15,8/5/2024 1:19:35 PM,349,2,113,33.9,3,,,L,,,,,,,,,,,,,,,LOUT,,
PIEN 15,8/5/2024 1:19:35 PM,350,2,114,34.2,1,0.15,,L,,,,,,,,,,,,,,,LOUT,,
PIEN 15,8/5/2024 1:19:35 PM,351,2,114,34.2,2,,,L,,,,,,,,,,,,,,,BRFR,,
PIEN 15,8/5/2024 1:19:35 PM,352,2,115,34.5,1,0.55,,L,,,,,,,,,,,,,,,PTAQ,,
PIEN 15,8/5/2024 1:19:35 PM,353,2,115,34.5,2,,,L,,,,,,,,,,,,,,,LOUT,,
PIEN 15,8/5/2024 1:19:35 PM,354,2,116,34.8,1,0.6,,L,,,,,,,,,,,,,,,PTAQ,,
PIEN 15,8/5/2024 1:19:35 PM,355,2,116,34.8,2,,,L,,,,,,,,,,,,,,,CAXX,,
PIEN 15,8/5/2024 1:19:35 PM,356,2,117,35.1,1,0.65,,L,,,,,,,,,,,,,,,PTAQ,,
PIEN 15,8/5/2024 1:19:35 PM,357,2,117,35.1,2,,,L,,,,,,,,,,,,,,,CAXX,,
PIEN 15,8/5/2024 1:19:35 PM,358,2,118,35.4,1,,,D,,,,,,,,,,,,,,,WOOD,,
PIEN 15,8/5/2024 1:19:35 PM,359,2,119,35.7,1,,,D,,,,,,,,,,,,,,,WOOD,,
PIEN 15,8/5/2024 1:19:35 PM,360,2,120,36,1,0.4,,L,,,,,,,,,,,,,,,PTAQ,,
PIEN 15,8/5/2024 1:19:35 PM,361,2,121,36.3,1,,,D,,,,,,,,,,,,,,,LITT,,
PIEN 15,8/5/2024 1:19:35 PM,362,2,122,36.6,1,0.35,,L,,,,,,,,,,,,,,,BRFR,,
PIEN 15,8/5/2024 1:19:35 PM,363,2,122,36.6,2,,,L,,,,,,,,,,,,,,,CAXX,,
PIEN 15,8/5/2024 1:19:35 PM,364,2,122,36.6,3,,,L,,,,,,,,,,,,,,,LOUT,,
PIEN 15,8/5/2024 1:19:35 PM,365,2,123,36.9,1,0.4,,L,,,,,,,,,,,,,,,ELEL,,
PIEN 15,8/5/2024 1:19:35 PM,366,2,123,36.9,2,,,L,,,,,,,,,,,,,,,BRFR,,
PIEN 15,8/5/2024 1:19:35 PM,367,2,124,37.2,1,0.4,,L,,,,,,,,,,,,,,,PTAQ,,
PIEN 15,8/5/2024 1:19:35 PM,368,2,124,37.2,2,,,L,,,,,,,,,,,,,,,CAXX,,
PIEN 15,8/5/2024 1:19:35 PM,369,2,125,37.5,1,0.65,,L,,,,,,,,,,,,,,,PTAQ,,
PIEN 15,8/5/2024 1:19:35 PM,370,2,126,37.8,1,,,D,,,,,,,,,,,,,,,LITT,,
PIEN 15,8/5/2024 1:19:35 PM,371,2,127,38.1,1,,,D,,,,,,,,,,,,,,,LITT,,
PIEN 15,8/5/2024 1:19:35 PM,372,2,128,38.4,1,0.1,,L,,,,,,,,,,,,,,,CAXX,,
PIEN 15,8/5/2024 1:19:35 PM,373,2,129,38.7,1,0.2,,L,,,,,,,,,,,,,,,CAXX,,
PIEN 15,8/5/2024 1:19:35 PM,374,2,130,39,1,,,D,,,,,,,,,,,,,,,BARE,,
PIEN 15,8/5/2024 1:19:35 PM,375,2,131,39.3,1,0.2,,L,,,,,,,,,,,,,,,BRFR,,
PIEN 15,8/5/2024 1:19:35 PM,376,2,131,39.3,2,,,L,,,,,,,,,,,,,,,CAXX,,
PIEN 15,8/5/2024 1:19:35 PM,377,2,132,39.6,1,0.15,,L,,,,,,,,,,,,,,,CAXX,,
PIEN 15,8/5/2024 1:19:35 PM,378,2,133,39.9,1,0.5,,L,,,,,,,,,,,,,,,PTAQ,,
PIEN 15,8/5/2024 1:19:35 PM,379,2,134,40.2,1,0.6,,L,,,,,,,,,,,,,,,PTAQ,,
PIEN 15,8/5/2024 1:19:35 PM,380,2,135,40.5,1,,,D,,,,,,,,,,,,,,,WOOD,,
PIEN 15,8/5/2024 1:19:35 PM,381,2,136,40.8,1,0.15,,L,,,,,,,,,,,,,,,CAXX,,
PIEN 15,8/5/2024 1:19:35 PM,382,2,137,41.1,1,0.15,,L,,,,,,,,,,,,,,,PSJA,,
PIEN 15,8/5/2024 1:19:35 PM,383,2,137,41.1,2,,,L,,,,,,,,,,,,,,,CAXX,,
PIEN 15,8/5/2024 1:19:35 PM,384,2,138,41.4,1,0.1,,L,,,,,,,,,,,,,,,CAXX,,
PIEN 15,8/5/2024 1:19:35 PM,385,2,139,41.7,1,0.25,,L,,,,,,,,,,,,,,,CAXX,,
PIEN 15,8/5/2024 1:19:35 PM,386,2,140,42,1,0.1,,L,,,,,,,,,,,,,,,CAXX,,
PIEN 15,8/5/2024 1:19:35 PM,387,2,141,42.3,1,,,D,,,,,,,,,,,,,,,LITT,,
PIEN 15,8/5/2024 1:19:35 PM,388,2,142,42.6,1,0.2,,L,,,,,,,,,,,,,,,CAXX,,
PIEN 15,8/5/2024 1:19:35 PM,389,2,143,42.9,1,,,D,,,,,,,,,,,,,,,LITT,,
PIEN 15,8/5/2024 1:19:35 PM,390,2,144,43.2,1,0.15,,L,,,,,,,,,,,,,,,CAXX,,
PIEN 15,8/5/2024 1:19:35 PM,391,2,145,43.5,1,0.1,,L,,,,,,,,,,,,,,,CAXX,,
PIEN 15,8/5/2024 1:19:35 PM,392,2,146,43.8,1,,,D,,,,,,,,,,,,,,,LITT,,
PIEN 15,8/5/2024 1:19:35 PM,393,2,147,44.1,1,0.15,,L,,,,,,,,,,,,,,,CAXX,,
PIEN 15,8/5/2024 1:19:35 PM,394,2,148,44.4,1,0.15,,L,,,,,,,,,,,,,,,CAXX,,
PIEN 15,8/5/2024 1:19:35 PM,395,2,149,44.7,1,,,D,,,,,,,,,,,,,,,LITT,,
PIEN 15,8/5/2024 1:19:35 PM,396,2,150,45,1,,,D,,,,,,,,,,,,,,,WOOD,,
PIEN 15,8/5/2024 1:19:35 PM,397,2,151,45.3,1,0.2,,L,,,,,,,,,,,,,,,CAXX,,
PIEN 15,8/5/2024 1:19:35 PM,398,2,152,45.6,1,0.15,,L,,,,,,,,,,,,,,,CAXX,,
PIEN 15,8/5/2024 1:19:35 PM,399,2,153,45.9,1,,,D,,,,,,,,,,,,,,,LITT,,
PIEN 15,8/5/2024 1:19:35 PM,400,2,154,46.2,1,0.1,,L,,,,,,,,,,,,,,,CAXX,,
PIEN 15,8/5/2024 1:19:35 PM,401,2,155,46.5,1,,,D,,,,,,,,,,,,,,,LITT,,
PIEN 15,8/5/2024 1:19:35 PM,402,2,156,46.8,1,0.1,,L,,,,,,,,,,,,,,,CAXX,,
PIEN 15,8/5/2024 1:19:35 PM,403,2,157,47.1,1,0.2,,L,,,,,,,,,,,,,,,CAXX,,
PIEN 15,8/5/2024 1:19:35 PM,404,2,158,47.4,1,,,D,,,,,,,,,,,,,,,LITT,,
PIEN 15,8/5/2024 1:19:35 PM,405,2,159,47.7,1,0.05,,L,,,,,,,,,,,,,,,CAXX,,
PIEN 15,8/5/2024 1:19:35 PM,406,2,160,48,1,0.95,,L,,,,,,,,,,,,,,,RONE,,
PIEN 15,8/5/2024 1:19:35 PM,407,2,161,48.3,1,0.1,,L,,,,,,,,,,,,,,,CAXX,,
PIEN 15,8/5/2024 1:19:35 PM,408,2,161,48.3,2,,,L,,,,,,,,,,,,,,,BRFR,,
PIEN 15,8/5/2024 1:19:35 PM,409,2,162,48.6,1,0.05,,L,,,,,,,,,,,,,,,CAXX,,
PIEN 15,8/5/2024 1:19:35 PM,410,2,163,48.9,1,0.2,,L,,,,,,,,,,,,,,,CAXX,,
PIEN 15,8/5/2024 1:19:35 PM,411,2,164,49.2,1,0.2,,L,,,,,,,,,,,,,,,CAXX,,
PIEN 15,8/5/2024 1:19:35 PM,412,2,165,49.5,1,0.4,,L,,,,,,,,,,,,,,,RONE,,
PIEN 15,8/5/2024 1:19:35 PM,413,2,165,49.5,2,,,L,,,,,,,,,,,,,,,CAXX,,
PIEN 15,8/5/2024 1:19:35 PM,414,2,166,49.8,1,1.1,,L,,,,,,,,,,,,,,,RONE,,
PIEN 14,8/19/2024 1:26:35 PM,,,,,,,,,,,,,2,49.8,166,0,Westfahl; Tumicki,Westfahl,,,,,,True,
PIEN 14,8/19/2024 1:26:35 PM,1,1,1,0.3,1,0.01,,L,,,,,,,,,,,,,,,MOSS,,
PIEN 14,8/19/2024 1:26:35 PM,2,1,2,0.6,1,0.01,,L,,,,,,,,,,,,,,,MOSS,,
PIEN 14,8/19/2024 1:26:35 PM,3,1,3,0.9,1,0.01,,L,,,,,,,,,,,,,,,MOSS,,
PIEN 14,8/19/2024 1:26:35 PM,4,1,4,1.2,1,,,D,,,,,,,,,,,,,,,DUFF,,
PIEN 14,8/19/2024 1:26:35 PM,5,1,5,1.5,1,,,D,,,,,,,,,,,,,,,BOLE,,
PIEN 14,8/19/2024 1:26:35 PM,6,1,6,1.8,1,,,D,,,,,,,,,,,,,,,ROCK,,
PIEN 14,8/19/2024 1:26:35 PM,7,1,7,2.1,1,,,D,,,,,,,,,,,,,,,LITT,,
PIEN 14,8/19/2024 1:26:35 PM,8,1,8,2.4,1,0.1,,L,,,,,,,,,,,,,,,CAXX,,
PIEN 14,8/19/2024 1:26:35 PM,9,1,9,2.7,1,0.01,,L,,,,,,,,,,,,,,,MOSS,,
PIEN 14,8/19/2024 1:26:35 PM,10,1,10,3,1,,,D,,,,,,,,,,,,,,,BARE,,
PIEN 14,8/19/2024 1:26:35 PM,11,1,11,3.3,1,,,D,,,,,,,,,,,,,,,BARE,,
PIEN 14,8/19/2024 1:26:35 PM,12,1,12,3.6,1,,,D,,,,,,,,,,,,,,,LITT,,
PIEN 14,8/19/2024 1:26:35 PM,13,1,13,3.9,1,,,D,,,,,,,,,,,,,,,LITT,,
PIEN 14,8/19/2024 1:26:35 PM,14,1,14,4.2,1,,,D,,,,,,,,,,,,,,,LITT,,
PIEN 14,8/19/2024 1:26:35 PM,15,1,15,4.5,1,,,D,,,,,,,,,,,,,,,LITT,,
PIEN 14,8/19/2024 1:26:35 PM,16,1,16,4.8,1,,,D,,,,,,,,,,,,,,,LITT,,
PIEN 14,8/19/2024 1:26:35 PM,17,1,17,5.1,1,,,D,,,,,,,,,,,,,,,LITT,,
PIEN 14,8/19/2024 1:26:35 PM,18,1,18,5.4,1,1.7,,L,,,,,,,,,,,,,,,POTR,,
PIEN 14,8/19/2024 1:26:35 PM,19,1,19,5.7,1,1.7,,L,,,,,,,,,,,,,,,POTR,,
PIEN 14,8/19/2024 1:26:35 PM,20,1,20,6,1,,,D,,,,,,,,,,,,,,,WOOD,,
PIEN 14,8/19/2024 1:26:35 PM,21,1,21,6.3,1,,,D,,,,,,,,,,,,,,,WOOD,,
PIEN 14,8/19/2024 1:26:35 PM,22,1,22,6.6,1,,,D,,,,,,,,,,,,,,,LITT,,
PIEN 14,8/19/2024 1:26:35 PM,23,1,23,6.9,1,,,D,,,,,,,,,,,,,,,LITT,,
PIEN 14,8/19/2024 1:26:35 PM,24,1,24,7.2,1,,,D,,,,,,,,,,,,,,,LITT,,
PIEN 14,8/19/2024 1:26:35 PM,25,1,25,7.5,1,,,D,,,,,,,,,,,,,,,LITT,,
PIEN 14,8/19/2024 1:26:35 PM,26,1,26,7.8,1,,,D,,,,,,,,,,,,,,,LITT,,
PIEN 14,8/19/2024 1:26:35 PM,27,1,27,8.1,1,,,D,,,,,,,,,,,,,,,LITT,,
PIEN 14,8/19/2024 1:26:35 PM,28,1,28,8.4,1,,,D,,,,,,,,,,,,,,,LITT,,
PIEN 14,8/19/2024 1:26:35 PM,29,1,29,8.7,1,,,D,,,,,,,,,,,,,,,LITT,,
PIEN 14,8/19/2024 1:26:35 PM,30,1,30,9,1,0.1,,L,,,,,,,,,,,,,,,LIPO,,
PIEN 14,8/19/2024 1:26:35 PM,31,1,31,9.3,1,0.15,,L,,,,,,,,,,,,,,,LIPO,,
PIEN 14,8/19/2024 1:26:35 PM,32,1,32,9.6,1,,,D,,,,,,,,,,,,,,,LITT,,
PIEN 14,8/19/2024 1:26:35 PM,33,1,33,9.9,1,,,D,,,,,,,,,,,,,,,WOOD,,
PIEN 14,8/19/2024 1:26:35 PM,34,1,34,10.2,1,,,D,,,,,,,,,,,,,,,WOOD,,
PIEN 14,8/19/2024 1:26:35 PM,35,1,35,10.5,1,,,D,,,,,,,,,,,,,,,LITT,,
PIEN 14,8/19/2024 1:26:35 PM,36,1,36,10.8,1,,,D,,,,,,,,,,,,,,,BOLE,,
PIEN 14,8/19/2024 1:26:35 PM,37,1,37,11.1,1,,,D,,,,,,,,,,,,,,,LITT,,
PIEN 14,8/19/2024 1:26:35 PM,38,1,38,11.4,1,,,D,,,,,,,,,,,,,,,LITT,,
PIEN 14,8/19/2024 1:26:35 PM,39,1,39,11.7,1,,,D,,,,,,,,,,,,,,,LITT,,
PIEN 14,8/19/2024 1:26:35 PM,40,1,40,12,1,,,D,,,,,,,,,,,,,,,LITT,,
PIEN 14,8/19/2024 1:26:35 PM,41,1,41,12.3,1,,,D,,,,,,,,,,,,,,,LITT,,
PIEN 14,8/19/2024 1:26:35 PM,42,1,42,12.6,1,,,D,,,,,,,,,,,,,,,WOOD,,
PIEN 14,8/19/2024 1:26:35 PM,43,1,43,12.9,1,,,D,,,,,,,,,,,,,,,LITT,,
PIEN 14,8/19/2024 1:26:35 PM,44,1,44,13.2,1,,,D,,,,,,,,,,,,,,,LITT,,
PIEN 14,8/19/2024 1:26:35 PM,45,1,45,13.5,1,,,D,,,,,,,,,,,,,,,LITT,,
PIEN 14,8/19/2024 1:26:35 PM,46,1,46,13.8,1,,,D,,,,,,,,,,,,,,,LITT,,
PIEN 14,8/19/2024 1:26:35 PM,47,1,47,14.1,1,,,D,,,,,,,,,,,,,,,WOOD,,
PIEN 14,8/19/2024 1:26:35 PM,48,1,48,14.4,1,,,D,,,,,,,,,,,,,,,WOOD,,
PIEN 14,8/19/2024 1:26:35 PM,49,1,49,14.7,1,,,D,,,,,,,,,,,,,,,LITT,,
PIEN 14,8/19/2024 1:26:35 PM,50,1,50,15,1,,,D,,,,,,,,,,,,,,,LITT,,
PIEN 14,8/19/2024 1:26:35 PM,51,1,51,15.3,1,0.8,,L,,,,,,,,,,,,,,,POTR,,
PIEN 14,8/19/2024 1:26:35 PM,52,1,52,15.6,1,,,D,,,,,,,,,,,,,,,LITT,,
PIEN 14,8/19/2024 1:26:35 PM,53,1,53,15.9,1,,,D,,,,,,,,,,,,,,,LITT,,
PIEN 14,8/19/2024 1:26:35 PM,54,1,54,16.2,1,,,D,,,,,,,,,,,,,,,LITT,,
PIEN 14,8/19/2024 1:26:35 PM,55,1,55,16.5,1,0.01,,L,,,,,,,,,,,,,,,MOSS,,
PIEN 14,8/19/2024 1:26:35 PM,56,1,56,16.8,1,0.01,,L,,,,,,,,,,,,,,,MOSS,,
PIEN 14,8/19/2024 1:26:35 PM,57,1,57,17.1,1,,,D,,,,,,,,,,,,,,,LITT,,
PIEN 14,8/19/2024 1:26:35 PM,58,1,58,17.4,1,0.4,,L,,,,,,,,,,,,,,,POTR,,
PIEN 14,8/19/2024 1:26:35 PM,59,1,58,17.4,2,,,L,,,,,,,,,,,,,,,MOSS,,
PIEN 14,8/19/2024 1:26:35 PM,60,1,59,17.7,1,0.15,,L,,,,,,,,,,,,,,,FRVI,,
PIEN 14,8/19/2024 1:26:35 PM,61,1,60,18,1,,,D,,,,,,,,,,,,,,,LITT,,
PIEN 14,8/19/2024 1:26:35 PM,62,1,61,18.3,1,,,D,,,,,,,,,,,,,,,LITT,,
PIEN 14,8/19/2024 1:26:35 PM,63,1,62,18.6,1,0.05,,L,,,,,,,,,,,,,,,FRVI,,
PIEN 14,8/19/2024 1:26:35 PM,64,1,62,18.6,2,,,L,,,,,,,,,,,,,,,CAXX,,
PIEN 14,8/19/2024 1:26:35 PM,65,1,63,18.9,1,0.5,,L,,,,,,,,,,,,,,,LIPO,,
PIEN 14,8/19/2024 1:26:35 PM,66,1,63,18.9,2,,,L,,,,,,,,,,,,,,,FRVI,,
PIEN 14,8/19/2024 1:26:35 PM,67,1,64,19.2,1,0.05,,L,,,,,,,,,,,,,,,LIPO,,
PIEN 14,8/19/2024 1:26:35 PM,68,1,65,19.5,1,,,D,,,,,,,,,,,,,,,LITT,,
PIEN 14,8/19/2024 1:26:35 PM,69,1,66,19.8,1,,,D,,,,,,,,,,,,,,,WOOD,,
PIEN 14,8/19/2024 1:26:35 PM,70,1,67,20.1,1,,,D,,,,,,,,,,,,,,,WOOD,,
PIEN 14,8/19/2024 1:26:35 PM,71,1,68,20.4,1,,,D,,,,,,,,,,,,,,,WOOD,,
PIEN 14,8/19/2024 1:26:35 PM,72,1,69,20.7,1,,,D,,,,,,,,,,,,,,,LITT,,
PIEN 14,8/19/2024 1:26:35 PM,73,1,70,21,1,0.2,,L,,,,,,,,,,,,,,,GERI,,
PIEN 14,8/19/2024 1:26:35 PM,74,1,70,21,2,,,L,,,,,,,,,,,,,,,LIPO,,
PIEN 14,8/19/2024 1:26:35 PM,75,1,71,21.3,1,0.7,,L,,,,,,,,,,,,,,,POTR,,
PIEN 14,8/19/2024 1:26:35 PM,76,1,72,21.6,1,0.9,,L,,,,,,,,,,,,,,,POTR,,
PIEN 14,8/19/2024 1:26:35 PM,77,1,72,21.6,2,,,L,,,,,,,,,,,,,,,CAXX,,
PIEN 14,8/19/2024 1:26:35 PM,78,1,73,21.9,1,,,D,,,,,,,,,,,,,,,LITT,,
PIEN 14,8/19/2024 1:26:35 PM,79,1,74,22.2,1,0.35,,L,,,,,,,,,,,,,,,LIPO,,
PIEN 14,8/19/2024 1:26:35 PM,80,1,75,22.5,1,,,D,,,,,,,,,,,,,,,LITT,,
PIEN 14,8/19/2024 1:26:35 PM,81,1,76,22.8,1,,,D,,,,,,,,,,,,,,,LITT,,
PIEN 14,8/19/2024 1:26:35 PM,82,1,77,23.1,1,0.6,,L,,,,,,,,,,,,,,,PIEN,,
PIEN 14,8/19/2024 1:26:35 PM,83,1,78,23.4,1,1.2,,L,,,,,,,,,,,,,,,PIEN,,
PIEN 14,8/19/2024 1:26:35 PM,84,1,79,23.7,1,0.2,,L,,,,,,,,,,,,,,,LIPO,,
PIEN 14,8/19/2024 1:26:35 PM,85,1,80,24,1,0.1,,L,,,,,,,,,,,,,,,ORSE,,
PIEN 14,8/19/2024 1:26:35 PM,86,1,81,24.3,1,,,D,,,,,,,,,,,,,,,LITT,,
PIEN 14,8/19/2024 1:26:35 PM,87,1,82,24.6,1,0.05,,L,,,,,,,,,,,,,,,CAXX,,
PIEN 14,8/19/2024 1:26:35 PM,88,1,83,24.9,1,0.1,,L,,,,,,,,,,,,,,,CAXX,,
PIEN 14,8/19/2024 1:26:35 PM,89,1,84,25.2,1,0.1,,L,,,,,,,,,,,,,,,PIEN,,
PIEN 14,8/19/2024 1:26:35 PM,90,1,85,25.5,1,0.25,,L,,,,,,,,,,,,,,,CAXX,,
PIEN 14,8/19/2024 1:26:35 PM,91,1,85,25.5,2,,,L,,,,,,,,,,,,,,,PIEN,,
PIEN 14,8/19/2024 1:26:35 PM,92,1,86,25.8,1,0.3,,L,,,,,,,,,,,,,,,LIPO,,
PIEN 14,8/19/2024 1:26:35 PM,93,1,86,25.8,2,,,L,,,,,,,,,,,,,,,CAXX,,
PIEN 14,8/19/2024 1:26:35 PM,94,1,87,26.1,1,0.3,,L,,,,,,,,,,,,,,,CAXX,,
PIEN 14,8/19/2024 1:26:35 PM,95,1,88,26.4,1,0.1,,L,,,,,,,,,,,,,,,CAXX,,
PIEN 14,8/19/2024 1:26:35 PM,96,1,89,26.7,1,,,D,,,,,,,,,,,,,,,LITT,,
PIEN 14,8/19/2024 1:26:35 PM,97,1,90,27,1,,,D,,,,,,,,,,,,,,,LITT,,
PIEN 14,8/19/2024 1:26:35 PM,98,1,91,27.3,1,,,D,,,,,,,,,,,,,,,LITT,,
PIEN 14,8/19/2024 1:26:35 PM,99,1,92,27.6,1,0.05,,L,,,,,,,,,,,,,,,CAXX,,
PIEN 14,8/19/2024 1:26:35 PM,100,1,93,27.9,1,,,D,,,,,,,,,,,,,,,LITT,,
PIEN 14,8/19/2024 1:26:35 PM,101,1,94,28.2,1,,,D,,,,,,,,,,,,,,,WOOD,,
PIEN 14,8/19/2024 1:26:35 PM,102,1,95,28.5,1,,,D,,,,,,,,,,,,,,,LITT,,
PIEN 14,8/19/2024 1:26:35 PM,103,1,96,28.8,1,0.3,,L,,,,,,,,,,,,,,,CAXX,,
PIEN 14,8/19/2024 1:26:35 PM,104,1,97,29.1,1,0.5,,L,,,,,,,,,,,,,,,LIPO,,
PIEN 14,8/19/2024 1:26:35 PM,105,1,97,29.1,2,,,L,,,,,,,,,,,,,,,CAXX,,
PIEN 14,8/19/2024 1:26:35 PM,106,1,98,29.4,1,0.15,,L,,,,,,,,,,,,,,,LIPO,,
PIEN 14,8/19/2024 1:26:35 PM,107,1,99,29.7,1,,,D,,,,,,,,,,,,,,,LITT,,
PIEN 14,8/19/2024 1:26:35 PM,108,1,100,30,1,0.3,,L,,,,,,,,,,,,,,,CAXX,,
PIEN 14,8/19/2024 1:26:35 PM,109,1,101,30.3,1,,,D,,,,,,,,,,,,,,,LITT,,
PIEN 14,8/19/2024 1:26:35 PM,110,1,102,30.6,1,0.2,,L,,,,,,,,,,,,,,,LIPO,,
PIEN 14,8/19/2024 1:26:35 PM,111,1,103,30.9,1,,,D,,,,,,,,,,,,,,,WOOD,,
PIEN 14,8/19/2024 1:26:35 PM,112,1,104,31.2,1,,,D,,,,,,,,,,,,,,,WOOD,,
PIEN 14,8/19/2024 1:26:35 PM,113,1,105,31.5,1,,,D,,,,,,,,,,,,,,,WOOD,,
PIEN 14,8/19/2024 1:26:35 PM,114,1,106,31.8,1,,,D,,,,,,,,,,,,,,,WOOD,,
PIEN 14,8/19/2024 1:26:35 PM,115,1,107,32.1,1,,,D,,,,,,,,,,,,,,,WOOD,,
PIEN 14,8/19/2024 1:26:35 PM,116,1,108,32.4,1,,,D,,,,,,,,,,,,,,,LITT,,
PIEN 14,8/19/2024 1:26:35 PM,117,1,109,32.7,1,,,D,,,,,,,,,,,,,,,LITT,,
PIEN 14,8/19/2024 1:26:35 PM,118,1,110,33,1,,,D,,,,,,,,,,,,,,,LITT,,
PIEN 14,8/19/2024 1:26:35 PM,119,1,111,33.3,1,,,D,,,,,,,,,,,,,,,LITT,,
PIEN 14,8/19/2024 1:26:35 PM,120,1,112,33.6,1,,,D,,,,,,,,,,,,,,,LITT,,
PIEN 14,8/19/2024 1:26:35 PM,121,1,113,33.9,1,,,D,,,,,,,,,,,,,,,LITT,,
PIEN 14,8/19/2024 1:26:35 PM,122,1,114,34.2,1,,,D,,,,,,,,,,,,,,,LITT,,
PIEN 14,8/19/2024 1:26:35 PM,123,1,115,34.5,1,0.05,,L,,,,,,,,,,,,,,,CAXX,,
PIEN 14,8/19/2024 1:26:35 PM,124,1,116,34.8,1,,,D,,,,,,,,,,,,,,,LITT,,
PIEN 14,8/19/2024 1:26:35 PM,125,1,117,35.1,1,,,D,,,,,,,,,,,,,,,LITT,,
PIEN 14,8/19/2024 1:26:35 PM,126,1,118,35.4,1,,,D,,,,,,,,,,,,,,,LITT,,
PIEN 14,8/19/2024 1:26:35 PM,127,1,119,35.7,1,,,D,,,,,,,,,,,,,,,LITT,,
PIEN 14,8/19/2024 1:26:35 PM,128,1,120,36,1,,,D,,,,,,,,,,,,,,,LITT,,
PIEN 14,8/19/2024 1:26:35 PM,129,1,121,36.3,1,,,D,,,,,,,,,,,,,,,DUFF,,
PIEN 14,8/19/2024 1:26:35 PM,130,1,122,36.6,1,0.01,,L,,,,,,,,,,,,,,,LICH,,
PIEN 14,8/19/2024 1:26:35 PM,131,1,123,36.9,1,,,D,,,,,,,,,,,,,,,LITT,,
PIEN 14,8/19/2024 1:26:35 PM,132,1,124,37.2,1,,,D,,,,,,,,,,,,,,,LITT,,
PIEN 14,8/19/2024 1:26:35 PM,133,1,125,37.5,1,,,D,,,,,,,,,,,,,,,LITT,,
PIEN 14,8/19/2024 1:26:35 PM,134,1,126,37.8,1,,,D,,,,,,,,,,,,,,,LITT,,
PIEN 14,8/19/2024 1:26:35 PM,135,1,127,38.1,1,,,D,,,,,,,,,,,,,,,LITT,,
PIEN 14,8/19/2024 1:26:35 PM,136,1,128,38.4,1,,,D,,,,,,,,,,,,,,,LITT,,
PIEN 14,8/19/2024 1:26:35 PM,137,1,129,38.7,1,,,D,,,,,,,,,,,,,,,LITT,,
PIEN 14,8/19/2024 1:26:35 PM,138,1,130,39,1,,,D,,,,,,,,,,,,,,,LITT,,
PIEN 14,8/19/2024 1:26:35 PM,139,1,131,39.3,1,,,D,,,,,,,,,,,,,,,LITT,,
PIEN 14,8/19/2024 1:26:35 PM,140,1,132,39.6,1,0.25,,L,,,,,,,,,,,,,,,CAXX,,
PIEN 14,8/19/2024 1:26:35 PM,141,1,133,39.9,1,,,D,,,,,,,,,,,,,,,LITT,,
PIEN 14,8/19/2024 1:26:35 PM,142,1,134,40.2,1,0.01,,L,,,,,,,,,,,,,,,MOSS,,
PIEN 14,8/19/2024 1:26:35 PM,143,1,135,40.5,1,0.3,,L,,,,,,,,,,,,,,,CHAN,,
PIEN 14,8/19/2024 1:26:35 PM,144,1,135,40.5,2,,,L,,,,,,,,,,,,,,,CAXX,,
PIEN 14,8/19/2024 1:26:35 PM,145,1,136,40.8,1,0.8,,L,,,,,,,,,,,,,,,POTR,,
PIEN 14,8/19/2024 1:26:35 PM,146,1,136,40.8,2,,,L,,,,,,,,,,,,,,,CAXX,,
PIEN 14,8/19/2024 1:26:35 PM,147,1,137,41.1,1,0.01,,L,,,,,,,,,,,,,,,CAXX,,
PIEN 14,8/19/2024 1:26:35 PM,148,1,138,41.4,1,,,D,,,,,,,,,,,,,,,LITT,,
PIEN 14,8/19/2024 1:26:35 PM,149,1,139,41.7,1,,,D,,,,,,,,,,,,,,,DUFF,,
PIEN 14,8/19/2024 1:26:35 PM,150,1,140,42,1,,,D,,,,,,,,,,,,,,,LITT,,
PIEN 14,8/19/2024 1:26:35 PM,151,1,141,42.3,1,0.15,,L,,,,,,,,,,,,,,,CAXX,,
PIEN 14,8/19/2024 1:26:35 PM,152,1,142,42.6,1,0.25,,L,,,,,,,,,,,,,,,CAXX,,
PIEN 14,8/19/2024 1:26:35 PM,153,1,143,42.9,1,0.15,,L,,,,,,,,,,,,,,,CAXX,,
PIEN 14,8/19/2024 1:26:35 PM,154,1,144,43.2,1,0.15,,L,,,,,,,,,,,,,,,CAXX,,
PIEN 14,8/19/2024 1:26:35 PM,155,1,145,43.5,1,,,D,,,,,,,,,,,,,,,DUFF,,
PIEN 14,8/19/2024 1:26:35 PM,156,1,146,43.8,1,,,D,,,,,,,,,,,,,,,LITT,,
PIEN 14,8/19/2024 1:26:35 PM,157,1,147,44.1,1,,,D,,,,,,,,,,,,,,,LITT,,
PIEN 14,8/19/2024 1:26:35 PM,158,1,148,44.4,1,,,D,,,,,,,,,,,,,,,BOLE,,
PIEN 14,8/19/2024 1:26:35 PM,159,1,149,44.7,1,,,D,,,,,,,,,,,,,,,LITT,,
PIEN 14,8/19/2024 1:26:35 PM,160,1,150,45,1,0.1,,L,,,,,,,,,,,,,,,CAXX,,
PIEN 14,8/19/2024 1:26:35 PM,161,1,151,45.3,1,0.05,,L,,,,,,,,,,,,,,,ORSE,,
PIEN 14,8/19/2024 1:26:35 PM,162,1,152,45.6,1,0.05,,L,,,,,,,,,,,,,,,ORSE,,
PIEN 14,8/19/2024 1:26:35 PM,163,1,153,45.9,1,0.1,,L,,,,,,,,,,,,,,,CAXX,,
PIEN 14,8/19/2024 1:26:35 PM,164,1,154,46.2,1,0.2,,L,,,,,,,,,,,,,,,CAXX,,
PIEN 14,8/19/2024 1:26:35 PM,165,1,155,46.5,1,,,D,,,,,,,,,,,,,,,LITT,,
PIEN 14,8/19/2024 1:26:35 PM,166,1,156,46.8,1,0.01,,L,,,,,,,,,,,,,,,MOSS,,
PIEN 14,8/19/2024 1:26:35 PM,167,1,157,47.1,1,0.01,,L,,,,,,,,,,,,,,,CAXX,,
PIEN 14,8/19/2024 1:26:35 PM,168,1,158,47.4,1,0.6,,L,,,,,,,,,,,,,,,LIPO,,
PIEN 14,8/19/2024 1:26:35 PM,169,1,158,47.4,2,,,L,,,,,,,,,,,,,,,POTR,,
PIEN 14,8/19/2024 1:26:35 PM,170,1,159,47.7,1,,,D,,,,,,,,,,,,,,,LITT,,
PIEN 14,8/19/2024 1:26:35 PM,171,1,160,48,1,,,D,,,,,,,,,,,,,,,LITT,,
PIEN 14,8/19/2024 1:26:35 PM,172,1,161,48.3,1,1.1,,L,,,,,,,,,,,,,,,POTR,,
PIEN 14,8/19/2024 1:26:35 PM,173,1,162,48.6,1,0.1,,L,,,,,,,,,,,,,,,CAXX,,
PIEN 14,8/19/2024 1:26:35 PM,174,1,163,48.9,1,,,D,,,,,,,,,,,,,,,WOOD,,
PIEN 14,8/19/2024 1:26:35 PM,175,1,164,49.2,1,,,D,,,,,,,,,,,,,,,DUFF,,
PIEN 14,8/19/2024 1:26:35 PM,176,1,165,49.5,1,0.15,,L,,,,,,,,,,,,,,,CHAN,,
PIEN 14,8/19/2024 1:26:35 PM,177,1,166,49.8,1,,,D,,,,,,,,,,,,,,,LITT,,
PIEN 14,8/19/2024 1:26:35 PM,178,2,1,0.3,1,0.8,,L,,,,,,,,,,,,,,,PIEN,,
PIEN 14,8/19/2024 1:26:35 PM,179,2,2,0.6,1,,,D,,,,,,,,,,,,,,,LITT,,
PIEN 14,8/19/2024 1:26:35 PM,180,2,3,0.9,1,,,D,,,,,,,,,,,,,,,LITT,,
PIEN 14,8/19/2024 1:26:35 PM,181,2,4,1.2,1,,,D,,,,,,,,,,,,,,,LITT,,
PIEN 14,8/19/2024 1:26:35 PM,182,2,5,1.5,1,0.95,,L,,,,,,,,,,,,,,,PIEN,,
PIEN 14,8/19/2024 1:26:35 PM,183,2,5,1.5,2,,,L,,,,,,,,,,,,,,,SODU,,
PIEN 14,8/19/2024 1:26:35 PM,184,2,6,1.8,1,0.85,,L,,,,,,,,,,,,,,,ABLA,,
PIEN 14,8/19/2024 1:26:35 PM,185,2,6,1.8,2,,,L,,,,,,,,,,,,,,,SODU,,
PIEN 14,8/19/2024 1:26:35 PM,186,2,7,2.1,1,0.9,,L,,,,,,,,,,,,,,,ABLA,,
PIEN 14,8/19/2024 1:26:35 PM,187,2,7,2.1,2,,,L,,,,,,,,,,,,,,,SODU,,
PIEN 14,8/19/2024 1:26:35 PM,188,2,8,2.4,1,1.1,,L,,,,,,,,,,,,,,,ABLA,,
PIEN 14,8/19/2024 1:26:35 PM,189,2,9,2.7,1,1.1,,L,,,,,,,,,,,,,,,ABLA,,
PIEN 14,8/19/2024 1:26:35 PM,190,2,10,3,1,0.5,,L,,,,,,,,,,,,,,,SODU,,
PIEN 14,8/19/2024 1:26:35 PM,191,2,11,3.3,1,0.95,,L,,,,,,,,,,,,,,,SODU,,
PIEN 14,8/19/2024 1:26:35 PM,192,2,12,3.6,1,0.8,,L,,,,,,,,,,,,,,,SODU,,
PIEN 14,8/19/2024 1:26:35 PM,193,2,13,3.9,1,,,D,,,,,,,,,,,,,,,LITT,,
PIEN 14,8/19/2024 1:26:35 PM,194,2,14,4.2,1,,,D,,,,,,,,,,,,,,,LITT,,
PIEN 14,8/19/2024 1:26:35 PM,195,2,15,4.5,1,0.45,,L,,,,,,,,,,,,,,,PIEN,,
PIEN 14,8/19/2024 1:26:35 PM,196,2,16,4.8,1,0.01,,L,,,,,,,,,,,,,,,MOSS,,
PIEN 14,8/19/2024 1:26:35 PM,197,2,17,5.1,1,,,D,,,,,,,,,,,,,,,LITT,,
PIEN 14,8/19/2024 1:26:35 PM,198,2,18,5.4,1,,,D,,,,,,,,,,,,,,,LITT,,
PIEN 14,8/19/2024 1:26:35 PM,199,2,19,5.7,1,0.25,,L,,,,,,,,,,,,,,,AMUT,,
PIEN 14,8/19/2024 1:26:35 PM,200,2,20,6,1,,,D,,,,,,,,,,,,,,,LITT,,
PIEN 14,8/19/2024 1:26:35 PM,201,2,21,6.3,1,0.65,,L,,,,,,,,,,,,,,,AMUT,,
PIEN 14,8/19/2024 1:26:35 PM,202,2,22,6.6,1,,,D,,,,,,,,,,,,,,,LITT,,
PIEN 14,8/19/2024 1:26:35 PM,203,2,23,6.9,1,1.2,,L,,,,,,,,,,,,,,,AMUT,,
PIEN 14,8/19/2024 1:26:35 PM,204,2,24,7.2,1,,,D,,,,,,,,,,,,,,,LITT,,
PIEN 14,8/19/2024 1:26:35 PM,205,2,25,7.5,1,,,D,,,,,,,,,,,,,,,LITT,,
PIEN 14,8/19/2024 1:26:35 PM,206,2,26,7.8,1,,,D,,,,,,,,,,,,,,,LITT,,
PIEN 14,8/19/2024 1:26:35 PM,207,2,27,8.1,1,,,D,,,,,,,,,,,,,,,WOOD,,
PIEN 14,8/19/2024 1:26:35 PM,208,2,28,8.4,1,,,D,,,,,,,,,,,,,,,LITT,,
PIEN 14,8/19/2024 1:26:35 PM,209,2,29,8.7,1,,,D,,,,,,,,,,,,,,,LITT,,
PIEN 14,8/19/2024 1:26:35 PM,210,2,30,9,1,,,D,,,,,,,,,,,,,,,LITT,,
PIEN 14,8/19/2024 1:26:35 PM,211,2,31,9.3,1,,,D,,,,,,,,,,,,,,,LITT,,
PIEN 14,8/19/2024 1:26:35 PM,212,2,32,9.6,1,0.4,,L,,,,,,,,,,,,,,,LIPO,,
PIEN 14,8/19/2024 1:26:35 PM,213,2,33,9.9,1,0.05,,L,,,,,,,,,,,,,,,ERXX,,
PIEN 14,8/19/2024 1:26:35 PM,214,2,34,10.2,1,0.3,,L,,,,,,,,,,,,,,,LIPO,,
PIEN 14,8/19/2024 1:26:35 PM,215,2,35,10.5,1,0.4,,L,,,,,,,,,,,,,,,POTR,,
PIEN 14,8/19/2024 1:26:35 PM,216,2,35,10.5,2,,,L,,,,,,,,,,,,,,,LIPO,,
PIEN 14,8/19/2024 1:26:35 PM,217,2,36,10.8,1,0.3,,L,,,,,,,,,,,,,,,POTR,,
PIEN 14,8/19/2024 1:26:35 PM,218,2,37,11.1,1,,,D,,,,,,,,,,,,,,,LITT,,
PIEN 14,8/19/2024 1:26:35 PM,219,2,38,11.4,1,,,D,,,,,,,,,,,,,,,LITT,,
PIEN 14,8/19/2024 1:26:35 PM,220,2,39,11.7,1,,,D,,,,,,,,,,,,,,,LITT,,
PIEN 14,8/19/2024 1:26:35 PM,221,2,40,12,1,0.05,,L,,,,,,,,,,,,,,,ORSE,,
PIEN 14,8/19/2024 1:26:35 PM,222,2,41,12.3,1,,,D,,,,,,,,,,,,,,,LITT,,
PIEN 14,8/19/2024 1:26:35 PM,223,2,42,12.6,1,,,D,,,,,,,,,,,,,,,LITT,,
PIEN 14,8/19/2024 1:26:35 PM,224,2,43,12.9,1,,,D,,,,,,,,,,,,,,,LITT,,
PIEN 14,8/19/2024 1:26:35 PM,225,2,44,13.2,1,,,D,,,,,,,,,,,,,,,LITT,,
PIEN 14,8/19/2024 1:26:35 PM,226,2,45,13.5,1,,,D,,,,,,,,,,,,,,,LITT,,
PIEN 14,8/19/2024 1:26:35 PM,227,2,46,13.8,1,,,D,,,,,,,,,,,,,,,LITT,,
PIEN 14,8/19/2024 1:26:35 PM,228,2,47,14.1,1,,,D,,,,,,,,,,,,,,,LITT,,
PIEN 14,8/19/2024 1:26:35 PM,229,2,48,14.4,1,,,D,,,,,,,,,,,,,,,LITT,,
PIEN 14,8/19/2024 1:26:35 PM,230,2,49,14.7,1,0.15,,L,,,,,,,,,,,,,,,CAXX,,
PIEN 14,8/19/2024 1:26:35 PM,231,2,50,15,1,0.25,,L,,,,,,,,,,,,,,,CAXX,,
PIEN 14,8/19/2024 1:26:35 PM,232,2,51,15.3,1,0.05,,L,,,,,,,,,,,,,,,CAXX,,
PIEN 14,8/19/2024 1:26:35 PM,233,2,52,15.6,1,0.01,,L,,,,,,,,,,,,,,,LICH,,
PIEN 14,8/19/2024 1:26:35 PM,234,2,53,15.9,1,,,D,,,,,,,,,,,,,,,LITT,,
PIEN 14,8/19/2024 1:26:35 PM,235,2,54,16.2,1,,,D,,,,,,,,,,,,,,,WOOD,,
PIEN 14,8/19/2024 1:26:35 PM,236,2,55,16.5,1,,,D,,,,,,,,,,,,,,,LITT,,
PIEN 14,8/19/2024 1:26:35 PM,237,2,56,16.8,1,,,D,,,,,,,,,,,,,,,LITT,,
PIEN 14,8/19/2024 1:26:35 PM,238,2,57,17.1,1,,,D,,,,,,,,,,,,,,,LITT,,
PIEN 14,8/19/2024 1:26:35 PM,239,2,58,17.4,1,,,D,,,,,,,,,,,,,,,LITT,,
PIEN 14,8/19/2024 1:26:35 PM,240,2,59,17.7,1,,,D,,,,,,,,,,,,,,,LITT,,
PIEN 14,8/19/2024 1:26:35 PM,241,2,60,18,1,,,D,,,,,,,,,,,,,,,LITT,,
PIEN 14,8/19/2024 1:26:35 PM,242,2,61,18.3,1,,,D,,,,,,,,,,,,,,,DUFF,,
PIEN 14,8/19/2024 1:26:35 PM,243,2,62,18.6,1,,,D,,,,,,,,,,,,,,,DUFF,,
PIEN 14,8/19/2024 1:26:35 PM,244,2,63,18.9,1,,,D,,,,,,,,,,,,,,,LITT,,
PIEN 14,8/19/2024 1:26:35 PM,245,2,64,19.2,1,0.2,,L,,,,,,,,,,,,,,,CAXX,,
PIEN 14,8/19/2024 1:26:35 PM,246,2,65,19.5,1,,,D,,,,,,,,,,,,,,,LITT,,
PIEN 14,8/19/2024 1:26:35 PM,247,2,66,19.8,1,,,D,,,,,,,,,,,,,,,WOOD,,
PIEN 14,8/19/2024 1:26:35 PM,248,2,67,20.1,1,,,D,,,,,,,,,,,,,,,LITT,,
PIEN 14,8/19/2024 1:26:35 PM,249,2,68,20.4,1,,,D,,,,,,,,,,,,,,,LITT,,
PIEN 14,8/19/2024 1:26:35 PM,250,2,69,20.7,1,,,D,,,,,,,,,,,,,,,LITT,,
PIEN 14,8/19/2024 1:26:35 PM,251,2,70,21,1,,,D,,,,,,,,,,,,,,,LITT,,
PIEN 14,8/19/2024 1:26:35 PM,252,2,71,21.3,1,,,D,,,,,,,,,,,,,,,LITT,,
PIEN 14,8/19/2024 1:26:35 PM,253,2,72,21.6,1,,,D,,,,,,,,,,,,,,,LITT,,
PIEN 14,8/19/2024 1:26:35 PM,254,2,73,21.9,1,,,D,,,,,,,,,,,,,,,LITT,,
PIEN 14,8/19/2024 1:26:35 PM,255,2,74,22.2,1,,,D,,,,,,,,,,,,,,,LITT,,
PIEN 14,8/19/2024 1:26:35 PM,256,2,75,22.5,1,,,D,,,,,,,,,,,,,,,LITT,,
PIEN 14,8/19/2024 1:26:35 PM,257,2,76,22.8,1,,,D,,,,,,,,,,,,,,,WOOD,,
PIEN 14,8/19/2024 1:26:35 PM,258,2,77,23.1,1,,,D,,,,,,,,,,,,,,,LITT,,
PIEN 14,8/19/2024 1:26:35 PM,259,2,78,23.4,1,0.1,,L,,,,,,,,,,,,,,,JUCO,,
PIEN 14,8/19/2024 1:26:35 PM,260,2,79,23.7,1,,,D,,,,,,,,,,,,,,,LITT,,
PIEN 14,8/19/2024 1:26:35 PM,261,2,80,24,1,0.25,,L,,,,,,,,,,,,,,,JUCO,,
PIEN 14,8/19/2024 1:26:35 PM,262,2,81,24.3,1,0.35,,L,,,,,,,,,,,,,,,JUCO,,
PIEN 14,8/19/2024 1:26:35 PM,263,2,82,24.6,1,,,D,,,,,,,,,,,,,,,LITT,,
PIEN 14,8/19/2024 1:26:35 PM,264,2,83,24.9,1,,,D,,,,,,,,,,,,,,,LITT,,
PIEN 14,8/19/2024 1:26:35 PM,265,2,84,25.2,1,,,D,,,,,,,,,,,,,,,LITT,,
PIEN 14,8/19/2024 1:26:35 PM,266,2,85,25.5,1,,,D,,,,,,,,,,,,,,,LITT,,
PIEN 14,8/19/2024 1:26:35 PM,267,2,86,25.8,1,,,D,,,,,,,,,,,,,,,LITT,,
PIEN 14,8/19/2024 1:26:35 PM,268,2,87,26.1,1,,,D,,,,,,,,,,,,,,,LITT,,
PIEN 14,8/19/2024 1:26:35 PM,269,2,88,26.4,1,,,D,,,,,,,,,,,,,,,LITT,,
PIEN 14,8/19/2024 1:26:35 PM,270,2,89,26.7,1,,,D,,,,,,,,,,,,,,,LITT,,
PIEN 14,8/19/2024 1:26:35 PM,271,2,90,27,1,0.45,,L,,,,,,,,,,,,,,,PIEN,,
PIEN 14,8/19/2024 1:26:35 PM,272,2,91,27.3,1,1,,L,,,,,,,,,,,,,,,PIEN,,
PIEN 14,8/19/2024 1:26:35 PM,273,2,92,27.6,1,0.9,,L,,,,,,,,,,,,,,,PIEN,,
PIEN 14,8/19/2024 1:26:35 PM,274,2,93,27.9,1,,,D,,,,,,,,,,,,,,,LITT,,
PIEN 14,8/19/2024 1:26:35 PM,275,2,94,28.2,1,,,D,,,,,,,,,,,,,,,LITT,,
PIEN 14,8/19/2024 1:26:35 PM,276,2,95,28.5,1,1,,L,,,,,,,,,,,,,,,PSME,,
PIEN 14,8/19/2024 1:26:35 PM,277,2,96,28.8,1,,,D,,,,,,,,,,,,,,,LITT,,
PIEN 14,8/19/2024 1:26:35 PM,278,2,97,29.1,1,,,D,,,,,,,,,,,,,,,WOOD,,
PIEN 14,8/19/2024 1:26:35 PM,279,2,98,29.4,1,,,D,,,,,,,,,,,,,,,LITT,,
PIEN 14,8/19/2024 1:26:35 PM,280,2,99,29.7,1,,,D,,,,,,,,,,,,,,,LITT,,
PIEN 14,8/19/2024 1:26:35 PM,281,2,100,30,1,,,D,,,,,,,,,,,,,,,LITT,,
PIEN 14,8/19/2024 1:26:35 PM,282,2,101,30.3,1,,,D,,,,,,,,,,,,,,,LITT,,
PIEN 14,8/19/2024 1:26:35 PM,283,2,102,30.6,1,,,D,,,,,,,,,,,,,,,LITT,,
PIEN 14,8/19/2024 1:26:35 PM,284,2,103,30.9,1,,,D,,,,,,,,,,,,,,,LITT,,
PIEN 14,8/19/2024 1:26:35 PM,285,2,104,31.2,1,0.01,,L,,,,,,,,,,,,,,,LICH,,
PIEN 14,8/19/2024 1:26:35 PM,286,2,105,31.5,1,0.01,,L,,,,,,,,,,,,,,,MOSS,,
PIEN 14,8/19/2024 1:26:35 PM,287,2,106,31.8,1,,,D,,,,,,,,,,,,,,,WOOD,,
PIEN 14,8/19/2024 1:26:35 PM,288,2,107,32.1,1,,,D,,,,,,,,,,,,,,,LITT,,
PIEN 14,8/19/2024 1:26:35 PM,289,2,108,32.4,1,,,D,,,,,,,,,,,,,,,LITT,,
PIEN 14,8/19/2024 1:26:35 PM,290,2,109,32.7,1,,,D,,,,,,,,,,,,,,,LITT,,
PIEN 14,8/19/2024 1:26:35 PM,291,2,110,33,1,,,D,,,,,,,,,,,,,,,LITT,,
PIEN 14,8/19/2024 1:26:35 PM,292,2,111,33.3,1,,,D,,,,,,,,,,,,,,,WOOD,,
PIEN 14,8/19/2024 1:26:35 PM,293,2,112,33.6,1,,,D,,,,,,,,,,,,,,,LITT,,
PIEN 14,8/19/2024 1:26:35 PM,294,2,113,33.9,1,,,D,,,,,,,,,,,,,,,LITT,,
PIEN 14,8/19/2024 1:26:35 PM,295,2,114,34.2,1,0.3,,L,,,,,,,,,,,,,,,LIPO,,
PIEN 14,8/19/2024 1:26:35 PM,296,2,115,34.5,1,,,D,,,,,,,,,,,,,,,WOOD,,
PIEN 14,8/19/2024 1:26:35 PM,297,2,116,34.8,1,,,D,,,,,,,,,,,,,,,WOOD,,
PIEN 14,8/19/2024 1:26:35 PM,298,2,117,35.1,1,,,D,,,,,,,,,,,,,,,WOOD,,
PIEN 14,8/19/2024 1:26:35 PM,299,2,118,35.4,1,,,D,,,,,,,,,,,,,,,LITT,,
PIEN 14,8/19/2024 1:26:35 PM,300,2,119,35.7,1,0.4,,L,,,,,,,,,,,,,,,LIPO,,
PIEN 14,8/19/2024 1:26:35 PM,301,2,120,36,1,,,D,,,,,,,,,,,,,,,LITT,,
PIEN 14,8/19/2024 1:26:35 PM,302,2,121,36.3,1,,,D,,,,,,,,,,,,,,,LITT,,
PIEN 14,8/19/2024 1:26:35 PM,303,2,122,36.6,1,,,D,,,,,,,,,,,,,,,LITT,,
PIEN 14,8/19/2024 1:26:35 PM,304,2,123,36.9,1,,,D,,,,,,,,,,,,,,,LITT,,
PIEN 14,8/19/2024 1:26:35 PM,305,2,124,37.2,1,,,D,,,,,,,,,,,,,,,LITT,,
PIEN 14,8/19/2024 1:26:35 PM,306,2,125,37.5,1,,,D,,,,,,,,,,,,,,,LITT,,
PIEN 14,8/19/2024 1:26:35 PM,307,2,126,37.8,1,0.1,,L,,,,,,,,,,,,,,,CAXX,,
PIEN 14,8/19/2024 1:26:35 PM,308,2,127,38.1,1,,,D,,,,,,,,,,,,,,,LITT,,
PIEN 14,8/19/2024 1:26:35 PM,309,2,128,38.4,1,,,D,,,,,,,,,,,,,,,LITT,,
PIEN 14,8/19/2024 1:26:35 PM,310,2,129,38.7,1,0.7,,L,,,,,,,,,,,,,,,POTR,,
PIEN 14,8/19/2024 1:26:35 PM,311,2,130,39,1,,,D,,,,,,,,,,,,,,,LITT,,
PIEN 14,8/19/2024 1:26:35 PM,312,2,131,39.3,1,,,D,,,,,,,,,,,,,,,LITT,,
PIEN 14,8/19/2024 1:26:35 PM,313,2,132,39.6,1,0.05,,L,,,,,,,,,,,,,,,CAXX,,
PIEN 14,8/19/2024 1:26:35 PM,314,2,133,39.9,1,,,D,,,,,,,,,,,,,,,LITT,,
PIEN 14,8/19/2024 1:26:35 PM,315,2,134,40.2,1,,,D,,,,,,,,,,,,,,,LITT,,
PIEN 14,8/19/2024 1:26:35 PM,316,2,135,40.5,1,0.01,,L,,,,,,,,,,,,,,,MOSS,,
PIEN 14,8/19/2024 1:26:35 PM,317,2,136,40.8,1,,,D,,,,,,,,,,,,,,,LITT,,
PIEN 14,8/19/2024 1:26:35 PM,318,2,137,41.1,1,0.01,,L,,,,,,,,,,,,,,,FRVI,,
PIEN 14,8/19/2024 1:26:35 PM,319,2,138,41.4,1,,,D,,,,,,,,,,,,,,,LITT,,
PIEN 14,8/19/2024 1:26:35 PM,320,2,139,41.7,1,,,D,,,,,,,,,,,,,,,WOOD,,
PIEN 14,8/19/2024 1:26:35 PM,321,2,140,42,1,,,D,,,,,,,,,,,,,,,WOOD,,
PIEN 14,8/19/2024 1:26:35 PM,322,2,141,42.3,1,,,D,,,,,,,,,,,,,,,WOOD,,
PIEN 14,8/19/2024 1:26:35 PM,323,2,142,42.6,1,,,D,,,,,,,,,,,,,,,WOOD,,
PIEN 14,8/19/2024 1:26:35 PM,324,2,143,42.9,1,,,D,,,,,,,,,,,,,,,LITT,,
PIEN 14,8/19/2024 1:26:35 PM,325,2,144,43.2,1,0.05,,L,,,,,,,,,,,,,,,FRVI,,
PIEN 14,8/19/2024 1:26:35 PM,326,2,145,43.5,1,,,D,,,,,,,,,,,,,,,LITT,,
PIEN 14,8/19/2024 1:26:35 PM,327,2,146,43.8,1,0.05,,L,,,,,,,,,,,,,,,CAXX,,
PIEN 14,8/19/2024 1:26:35 PM,328,2,147,44.1,1,,,D,,,,,,,,,,,,,,,LITT,,
PIEN 14,8/19/2024 1:26:35 PM,329,2,148,44.4,1,0.1,,L,,,,,,,,,,,,,,,LIPO,,
PIEN 14,8/19/2024 1:26:35 PM,330,2,149,44.7,1,,,D,,,,,,,,,,,,,,,LITT,,
PIEN 14,8/19/2024 1:26:35 PM,331,2,150,45,1,,,D,,,,,,,,,,,,,,,WOOD,,
PIEN 14,8/19/2024 1:26:35 PM,332,2,151,45.3,1,,,D,,,,,,,,,,,,,,,LITT,,
PIEN 14,8/19/2024 1:26:35 PM,333,2,152,45.6,1,0.15,,L,,,,,,,,,,,,,,,CAXX,,
PIEN 14,8/19/2024 1:26:35 PM,334,2,153,45.9,1,0.15,,L,,,,,,,,,,,,,,,CAXX,,
PIEN 14,8/19/2024 1:26:35 PM,335,2,154,46.2,1,,,D,,,,,,,,,,,,,,,LITT,,
PIEN 14,8/19/2024 1:26:35 PM,336,2,155,46.5,1,,,D,,,,,,,,,,,,,,,LITT,,
PIEN 14,8/19/2024 1:26:35 PM,337,2,156,46.8,1,,,D,,,,,,,,,,,,,,,LITT,,
PIEN 14,8/19/2024 1:26:35 PM,338,2,157,47.1,1,0.7,,L,,,,,,,,,,,,,,,ABCO,,
PIEN 14,8/19/2024 1:26:35 PM,339,2,158,47.4,1,0.2,,L,,,,,,,,,,,,,,,CAXX,,
PIEN 14,8/19/2024 1:26:35 PM,340,2,159,47.7,1,0.1,,L,,,,,,,,,,,,,,,CAXX,,
PIEN 14,8/19/2024 1:26:35 PM,341,2,160,48,1,0.1,,L,,,,,,,,,,,,,,,CAXX,,
PIEN 14,8/19/2024 1:26:35 PM,342,2,161,48.3,1,0.3,,L,,,,,,,,,,,,,,,CAXX,,
PIEN 14,8/19/2024 1:26:35 PM,343,2,161,48.3,2,,,L,,,,,,,,,,,,,,,RUID,,
PIEN 14,8/19/2024 1:26:35 PM,344,2,162,48.6,1,,,D,,,,,,,,,,,,,,,LITT,,
PIEN 14,8/19/2024 1:26:35 PM,345,2,163,48.9,1,0.01,,L,,,,,,,,,,,,,,,MOSS,,
PIEN 14,8/19/2024 1:26:35 PM,346,2,164,49.2,1,,,D,,,,,,,,,,,,,,,LITT,,
PIEN 14,8/19/2024 1:26:35 PM,347,2,165,49.5,1,0.2,,L,,,,,,,,,,,,,,,CAXX,,
PIEN 14,8/19/2024 1:26:35 PM,348,2,166,49.8,1,0.1,,L,,,,,,,,,,,,,,,CAXX,,
PIEN 17,8/7/2024 1:28:03 PM,,,,,,,,,,,,,2,49.8,166,0,Lalor; Gilmore,Westfahl,,,,,,True,
PIEN 17,8/7/2024 1:28:03 PM,1,1,1,0.3,1,0.1,,L,,,,,,,,,,,,,,,CAXX,,
PIEN 17,8/7/2024 1:28:03 PM,2,1,1,0.3,2,,,L,,,,,,,,,,,,,,,LIPO,,
PIEN 17,8/7/2024 1:28:03 PM,3,1,2,0.6,1,0.05,,L,,,,,,,,,,,,,,,CAXX,,
PIEN 17,8/7/2024 1:28:03 PM,4,1,3,0.9,1,0.2,,L,,,,,,,,,,,,,,,CAXX,,
PIEN 17,8/7/2024 1:28:03 PM,5,1,4,1.2,1,,,D,,,,,,,,,,,,,,,LITT,,
PIEN 17,8/7/2024 1:28:03 PM,6,1,5,1.5,1,,,D,,,,,,,,,,,,,,,LITT,,
PIEN 17,8/7/2024 1:28:03 PM,7,1,6,1.8,1,0.2,,L,,,,,,,,,,,,,,,ABLA,,
PIEN 17,8/7/2024 1:28:03 PM,8,1,6,1.8,2,,,L,,,,,,,,,,,,,,,CAXX,,
PIEN 17,8/7/2024 1:28:03 PM,9,1,7,2.1,1,0.4,,L,,,,,,,,,,,,,,,ABLA,,
PIEN 17,8/7/2024 1:28:03 PM,10,1,8,2.4,1,0.95,,L,,,,,,,,,,,,,,,ABLA,,
PIEN 17,8/7/2024 1:28:03 PM,11,1,8,2.4,2,,,L,,,,,,,,,,,,,,,OSDE,,
PIEN 17,8/7/2024 1:28:03 PM,12,1,8,2.4,3,,,L,,,,,,,,,,,,,,,CAXX,,
PIEN 17,8/7/2024 1:28:03 PM,13,1,9,2.7,1,0.15,,L,,,,,,,,,,,,,,,CAXX,,
PIEN 17,8/7/2024 1:28:03 PM,14,1,10,3,1,0.3,,L,,,,,,,,,,,,,,,POTR,,
PIEN 17,8/7/2024 1:28:03 PM,15,1,10,3,2,,,L,,,,,,,,,,,,,,,CAXX,,
PIEN 17,8/7/2024 1:28:03 PM,16,1,11,3.3,1,1.1,,L,,,,,,,,,,,,,,,ABLA,,
PIEN 17,8/7/2024 1:28:03 PM,17,1,12,3.6,1,0.9,,L,,,,,,,,,,,,,,,ABLA,,
PIEN 17,8/7/2024 1:28:03 PM,18,1,13,3.9,1,0.7,,L,,,,,,,,,,,,,,,ABLA,,
PIEN 17,8/7/2024 1:28:03 PM,19,1,13,3.9,2,,,L,,,,,,,,,,,,,,,CAXX,,
PIEN 17,8/7/2024 1:28:03 PM,20,1,14,4.2,1,0.4,,L,,,,,,,,,,,,,,,ABLA,,
PIEN 17,8/7/2024 1:28:03 PM,21,1,14,4.2,2,,,L,,,,,,,,,,,,,,,CAXX,,
PIEN 17,8/7/2024 1:28:03 PM,22,1,14,4.2,3,,,L,,,,,,,,,,,,,,,GOOB,,
PIEN 17,8/7/2024 1:28:03 PM,23,1,15,4.5,1,0.05,,L,,,,,,,,,,,,,,,CAXX,,
PIEN 17,8/7/2024 1:28:03 PM,24,1,16,4.8,1,0.15,,L,,,,,,,,,,,,,,,CAXX,,
PIEN 17,8/7/2024 1:28:03 PM,25,1,17,5.1,1,0.3,,L,,,,,,,,,,,,,,,ABLA,,
PIEN 17,8/7/2024 1:28:03 PM,26,1,17,5.1,2,,,L,,,,,,,,,,,,,,,CAXX,,
PIEN 17,8/7/2024 1:28:03 PM,27,1,18,5.4,1,0.05,,L,,,,,,,,,,,,,,,CAXX,,
PIEN 17,8/7/2024 1:28:03 PM,28,1,19,5.7,1,0.15,,L,,,,,,,,,,,,,,,CAXX,,
PIEN 17,8/7/2024 1:28:03 PM,29,1,20,6,1,0.1,,L,,,,,,,,,,,,,,,CAXX,,
PIEN 17,8/7/2024 1:28:03 PM,30,1,21,6.3,1,,,D,,,,,,,,,,,,,,,LITT,,
PIEN 17,8/7/2024 1:28:03 PM,31,1,22,6.6,1,0.15,,L,,,,,,,,,,,,,,,CAXX,,
PIEN 17,8/7/2024 1:28:03 PM,32,1,22,6.6,2,,,L,,,,,,,,,,,,,,,MOSS,,
PIEN 17,8/7/2024 1:28:03 PM,33,1,23,6.9,1,,,D,,,,,,,,,,,,,,,LITT,,
PIEN 17,8/7/2024 1:28:03 PM,34,1,24,7.2,1,0.1,,L,,,,,,,,,,,,,,,CAXX,,
PIEN 17,8/7/2024 1:28:03 PM,35,1,25,7.5,1,0.05,,L,,,,,,,,,,,,,,,CAXX,,
PIEN 17,8/7/2024 1:28:03 PM,36,1,26,7.8,1,,,D,,,,,,,,,,,,,,,LITT,,
PIEN 17,8/7/2024 1:28:03 PM,37,1,27,8.1,1,0.15,,L,,,,,,,,,,,,,,,CAXX,,
PIEN 17,8/7/2024 1:28:03 PM,38,1,28,8.4,1,0.2,,L,,,,,,,,,,,,,,,CAXX,,
PIEN 17,8/7/2024 1:28:03 PM,39,1,29,8.7,1,,,D,,,,,,,,,,,,,,,WOOD,,
PIEN 17,8/7/2024 1:28:03 PM,40,1,30,9,1,,,D,,,,,,,,,,,,,,,WOOD,,
PIEN 17,8/7/2024 1:28:03 PM,41,1,31,9.3,1,0.15,,L,,,,,,,,,,,,,,,CAXX,,
PIEN 17,8/7/2024 1:28:03 PM,42,1,32,9.6,1,0.3,,L,,,,,,,,,,,,,,,CAXX,,
PIEN 17,8/7/2024 1:28:03 PM,43,1,33,9.9,1,0.2,,L,,,,,,,,,,,,,,,CAXX,,
PIEN 17,8/7/2024 1:28:03 PM,44,1,34,10.2,1,0.2,,L,,,,,,,,,,,,,,,CAXX,,
PIEN 17,8/7/2024 1:28:03 PM,45,1,35,10.5,1,0.25,,L,,,,,,,,,,,,,,,CAXX,,
PIEN 17,8/7/2024 1:28:03 PM,46,1,36,10.8,1,0.25,,L,,,,,,,,,,,,,,,CAXX,,
PIEN 17,8/7/2024 1:28:03 PM,47,1,37,11.1,1,0.15,,L,,,,,,,,,,,,,,,CAXX,,
PIEN 17,8/7/2024 1:28:03 PM,48,1,38,11.4,1,0.3,,L,,,,,,,,,,,,,,,CAXX,,
PIEN 17,8/7/2024 1:28:03 PM,49,1,39,11.7,1,0.2,,L,,,,,,,,,,,,,,,CAXX,,
PIEN 17,8/7/2024 1:28:03 PM,50,1,40,12,1,0.2,,L,,,,,,,,,,,,,,,CAXX,,
PIEN 17,8/7/2024 1:28:03 PM,51,1,41,12.3,1,0.2,,L,,,,,,,,,,,,,,,CAXX,,
PIEN 17,8/7/2024 1:28:03 PM,52,1,42,12.6,1,0.15,,L,,,,,,,,,,,,,,,CAXX,,
PIEN 17,8/7/2024 1:28:03 PM,53,1,43,12.9,1,0.35,,L,,,,,,,,,,,,,,,ABLA,,
PIEN 17,8/7/2024 1:28:03 PM,54,1,44,13.2,1,0.5,,L,,,,,,,,,,,,,,,ABLA,,
PIEN 17,8/7/2024 1:28:03 PM,55,1,45,13.5,1,0.2,,L,,,,,,,,,,,,,,,CAXX,,
PIEN 17,8/7/2024 1:28:03 PM,56,1,46,13.8,1,,,D,,,,,,,,,,,,,,,LITT,,
PIEN 17,8/7/2024 1:28:03 PM,57,1,47,14.1,1,,,D,,,,,,,,,,,,,,,LITT,,
PIEN 17,8/7/2024 1:28:03 PM,58,1,48,14.4,1,0.95,,L,,,,,,,,,,,,,,,ABLA,,
PIEN 17,8/7/2024 1:28:03 PM,59,1,48,14.4,2,,,L,,,,,,,,,,,,,,,ABLA,,
PIEN 17,8/7/2024 1:28:03 PM,60,1,49,14.7,1,0.8,,L,,,,,,,,,,,,,,,ABLA,,
PIEN 17,8/7/2024 1:28:03 PM,61,1,50,15,1,0.05,,L,,,,,,,,,,,,,,,CAXX,,
PIEN 17,8/7/2024 1:28:03 PM,62,1,51,15.3,1,0.1,,L,,,,,,,,,,,,,,,CAXX,,
PIEN 17,8/7/2024 1:28:03 PM,63,1,52,15.6,1,0.05,,L,,,,,,,,,,,,,,,PSJA,,
PIEN 17,8/7/2024 1:28:03 PM,64,1,53,15.9,1,0.2,,L,,,,,,,,,,,,,,,CAXX,,
PIEN 17,8/7/2024 1:28:03 PM,65,1,54,16.2,1,0.1,,L,,,,,,,,,,,,,,,PSJA,,
PIEN 17,8/7/2024 1:28:03 PM,66,1,54,16.2,2,,,L,,,,,,,,,,,,,,,CAXX,,
PIEN 17,8/7/2024 1:28:03 PM,67,1,55,16.5,1,0.7,,L,,,,,,,,,,,,,,,ABLA,,
PIEN 17,8/7/2024 1:28:03 PM,68,1,55,16.5,2,,,L,,,,,,,,,,,,,,,PSJA,,
PIEN 17,8/7/2024 1:28:03 PM,69,1,56,16.8,1,0.2,,L,,,,,,,,,,,,,,,PSJA,,
PIEN 17,8/7/2024 1:28:03 PM,70,1,57,17.1,1,0.55,,L,,,,,,,,,,,,,,,ABLA,,
PIEN 17,8/7/2024 1:28:03 PM,71,1,58,17.4,1,1.5,,L,,,,,,,,,,,,,,,POTR,,
PIEN 17,8/7/2024 1:28:03 PM,72,1,58,17.4,2,,,L,,,,,,,,,,,,,,,ABLA,,
PIEN 17,8/7/2024 1:28:03 PM,73,1,59,17.7,1,1.35,,L,,,,,,,,,,,,,,,POTR,,
PIEN 17,8/7/2024 1:28:03 PM,74,1,59,17.7,2,,,L,,,,,,,,,,,,,,,ABLA,,
PIEN 17,8/7/2024 1:28:03 PM,75,1,60,18,1,0.01,,L,,,,,,,,,,,,,,,MOSS,,
PIEN 17,8/7/2024 1:28:03 PM,76,1,61,18.3,1,0.01,,L,,,,,,,,,,,,,,,MOSS,,
PIEN 17,8/7/2024 1:28:03 PM,77,1,62,18.6,1,0.4,,L,,,,,,,,,,,,,,,ABLA,,
PIEN 17,8/7/2024 1:28:03 PM,78,1,63,18.9,1,,,D,,,,,,,,,,,,,,,LITT,,
PIEN 17,8/7/2024 1:28:03 PM,79,1,64,19.2,1,,,D,,,,,,,,,,,,,,,LITT,,
PIEN 17,8/7/2024 1:28:03 PM,80,1,65,19.5,1,0.01,,L,,,,,,,,,,,,,,,MOSS,,
PIEN 17,8/7/2024 1:28:03 PM,81,1,66,19.8,1,,,D,,,,,,,,,,,,,,,LITT,,
PIEN 17,8/7/2024 1:28:03 PM,82,1,67,20.1,1,,,D,,,,,,,,,,,,,,,WOOD,,
PIEN 17,8/7/2024 1:28:03 PM,83,1,68,20.4,1,,,D,,,,,,,,,,,,,,,WOOD,,
PIEN 17,8/7/2024 1:28:03 PM,84,1,69,20.7,1,0.45,,L,,,,,,,,,,,,,,,ABLA,,
PIEN 17,8/7/2024 1:28:03 PM,85,1,70,21,1,0.7,,L,,,,,,,,,,,,,,,ABLA,,
PIEN 17,8/7/2024 1:28:03 PM,86,1,71,21.3,1,,,D,,,,,,,,,,,,,,,LITT,,
PIEN 17,8/7/2024 1:28:03 PM,87,1,72,21.6,1,,,D,,,,,,,,,,,,,,,LITT,,
PIEN 17,8/7/2024 1:28:03 PM,88,1,73,21.9,1,0.2,,L,,,,,,,,,,,,,,,GERI,,
PIEN 17,8/7/2024 1:28:03 PM,89,1,74,22.2,1,1.5,,L,,,,,,,,,,,,,,,ABLA,,
PIEN 17,8/7/2024 1:28:03 PM,90,1,75,22.5,1,1.05,,L,,,,,,,,,,,,,,,ABLA,,
PIEN 17,8/7/2024 1:28:03 PM,91,1,76,22.8,1,0.1,,L,,,,,,,,,,,,,,,LIPO,,
PIEN 17,8/7/2024 1:28:03 PM,92,1,77,23.1,1,,,D,,,,,,,,,,,,,,,LITT,,
PIEN 17,8/7/2024 1:28:03 PM,93,1,78,23.4,1,,,D,,,,,,,,,,,,,,,LITT,,
PIEN 17,8/7/2024 1:28:03 PM,94,1,79,23.7,1,,,D,,,,,,,,,,,,,,,LITT,,
PIEN 17,8/7/2024 1:28:03 PM,95,1,80,24,1,,,D,,,,,,,,,,,,,,,LITT,,
PIEN 17,8/7/2024 1:28:03 PM,96,1,81,24.3,1,,,D,,,,,,,,,,,,,,,LITT,,
PIEN 17,8/7/2024 1:28:03 PM,97,1,82,24.6,1,,,D,,,,,,,,,,,,,,,LITT,,
PIEN 17,8/7/2024 1:28:03 PM,98,1,83,24.9,1,,,D,,,,,,,,,,,,,,,LITT,,
PIEN 17,8/7/2024 1:28:03 PM,99,1,84,25.2,1,,,D,,,,,,,,,,,,,,,WOOD,,
PIEN 17,8/7/2024 1:28:03 PM,100,1,85,25.5,1,,,D,,,,,,,,,,,,,,,WOOD,,
PIEN 17,8/7/2024 1:28:03 PM,101,1,86,25.8,1,,,D,,,,,,,,,,,,,,,LITT,,
PIEN 17,8/7/2024 1:28:03 PM,102,1,87,26.1,1,,,D,,,,,,,,,,,,,,,LITT,,
PIEN 17,8/7/2024 1:28:03 PM,103,1,88,26.4,1,0.9,,L,,,,,,,,,,,,,,,SODU,,
PIEN 17,8/7/2024 1:28:03 PM,104,1,88,26.4,2,,,L,,,,,,,,,,,,,,,LIPO,,
PIEN 17,8/7/2024 1:28:03 PM,105,1,89,26.7,1,0.35,,L,,,,,,,,,,,,,,,ABLA,,
PIEN 17,8/7/2024 1:28:03 PM,106,1,89,26.7,2,,,L,,,,,,,,,,,,,,,SODU,,
PIEN 17,8/7/2024 1:28:03 PM,107,1,90,27,1,0.55,,L,,,,,,,,,,,,,,,SODU,,
PIEN 17,8/7/2024 1:28:03 PM,108,1,91,27.3,1,0.45,,L,,,,,,,,,,,,,,,SODU,,
PIEN 17,8/7/2024 1:28:03 PM,109,1,91,27.3,2,,,L,,,,,,,,,,,,,,,ABLA,,
PIEN 17,8/7/2024 1:28:03 PM,110,1,92,27.6,1,0.9,,L,,,,,,,,,,,,,,,ABLA,,
PIEN 17,8/7/2024 1:28:03 PM,111,1,92,27.6,2,,,L,,,,,,,,,,,,,,,SODU,,
PIEN 17,8/7/2024 1:28:03 PM,112,1,93,27.9,1,,,D,,,,,,,,,,,,,,,WOOD,,
PIEN 17,8/7/2024 1:28:03 PM,113,1,94,28.2,1,,,D,,,,,,,,,,,,,,,ROOT,,
PIEN 17,8/7/2024 1:28:03 PM,114,1,95,28.5,1,1.5,,L,,,,,,,,,,,,,,,ABLA,,
PIEN 17,8/7/2024 1:28:03 PM,115,1,96,28.8,1,1.9,,L,,,,,,,,,,,,,,,ABLA,,
PIEN 17,8/7/2024 1:28:03 PM,116,1,97,29.1,1,,,D,,,,,,,,,,,,,,,LITT,,
PIEN 17,8/7/2024 1:28:03 PM,117,1,98,29.4,1,,,D,,,,,,,,,,,,,,,LITT,,
PIEN 17,8/7/2024 1:28:03 PM,118,1,99,29.7,1,,,D,,,,,,,,,,,,,,,LITT,,
PIEN 17,8/7/2024 1:28:03 PM,119,1,100,30,1,,,D,,,,,,,,,,,,,,,LITT,,
PIEN 17,8/7/2024 1:28:03 PM,120,1,101,30.3,1,,,D,,,,,,,,,,,,,,,LITT,,
PIEN 17,8/7/2024 1:28:03 PM,121,1,102,30.6,1,,,D,,,,,,,,,,,,,,,LITT,,
PIEN 17,8/7/2024 1:28:03 PM,122,1,103,30.9,1,,,D,,,,,,,,,,,,,,,LITT,,
PIEN 17,8/7/2024 1:28:03 PM,123,1,104,31.2,1,,,D,,,,,,,,,,,,,,,LITT,,
PIEN 17,8/7/2024 1:28:03 PM,124,1,105,31.5,1,0.2,,L,,,,,,,,,,,,,,,ABLA,,
PIEN 17,8/7/2024 1:28:03 PM,125,1,106,31.8,1,0.95,,L,,,,,,,,,,,,,,,POTR,,
PIEN 17,8/7/2024 1:28:03 PM,126,1,107,32.1,1,,,D,,,,,,,,,,,,,,,LITT,,
PIEN 17,8/7/2024 1:28:03 PM,127,1,108,32.4,1,0.6,,L,,,,,,,,,,,,,,,ABLA,,
PIEN 17,8/7/2024 1:28:03 PM,128,1,109,32.7,1,0.6,,L,,,,,,,,,,,,,,,ABLA,,
PIEN 17,8/7/2024 1:28:03 PM,129,1,109,32.7,2,,,L,,,,,,,,,,,,,,,FRVI,,
PIEN 17,8/7/2024 1:28:03 PM,130,1,110,33,1,0.7,,L,,,,,,,,,,,,,,,ABLA,,
PIEN 17,8/7/2024 1:28:03 PM,131,1,111,33.3,1,0.5,,L,,,,,,,,,,,,,,,ABLA,,
PIEN 17,8/7/2024 1:28:03 PM,132,1,112,33.6,1,,,D,,,,,,,,,,,,,,,WOOD,,
PIEN 17,8/7/2024 1:28:03 PM,133,1,113,33.9,1,0.01,,L,,,,,,,,,,,,,,,GECA,,
PIEN 17,8/7/2024 1:28:03 PM,134,1,114,34.2,1,,,D,,,,,,,,,,,,,,,LITT,,
PIEN 17,8/7/2024 1:28:03 PM,135,1,115,34.5,1,0.15,,L,,,,,,,,,,,,,,,BRFR,,
PIEN 17,8/7/2024 1:28:03 PM,136,1,116,34.8,1,0.8,,L,,,,,,,,,,,,,,,POTR,,
PIEN 17,8/7/2024 1:28:03 PM,137,1,117,35.1,1,0.6,,L,,,,,,,,,,,,,,,POTR,,
PIEN 17,8/7/2024 1:28:03 PM,138,1,118,35.4,1,,,D,,,,,,,,,,,,,,,WOOD,,
PIEN 17,8/7/2024 1:28:03 PM,139,1,119,35.7,1,,,D,,,,,,,,,,,,,,,LITT,,
PIEN 17,8/7/2024 1:28:03 PM,140,1,120,36,1,0.5,,L,,,,,,,,,,,,,,,ABLA,,
PIEN 17,8/7/2024 1:28:03 PM,141,1,121,36.3,1,0.1,,L,,,,,,,,,,,,,,,BRFR,,
PIEN 17,8/7/2024 1:28:03 PM,142,1,121,36.3,2,,,L,,,,,,,,,,,,,,,ANPA,,
PIEN 17,8/7/2024 1:28:03 PM,143,1,122,36.6,1,,,D,,,,,,,,,,,,,,,WOOD,,
PIEN 17,8/7/2024 1:28:03 PM,144,1,123,36.9,1,1,,L,,,,,,,,,,,,,,,POTR,,
PIEN 17,8/7/2024 1:28:03 PM,145,1,124,37.2,1,1,,L,,,,,,,,,,,,,,,POTR,,
PIEN 17,8/7/2024 1:28:03 PM,146,1,125,37.5,1,0.3,,L,,,,,,,,,,,,,,,POTR,,
PIEN 17,8/7/2024 1:28:03 PM,147,1,126,37.8,1,0.5,,L,,,,,,,,,,,,,,,CAXX,,
PIEN 17,8/7/2024 1:28:03 PM,148,1,127,38.1,1,,,D,,,,,,,,,,,,,,,WOOD,,
PIEN 17,8/7/2024 1:28:03 PM,149,1,128,38.4,1,1.2,,L,,,,,,,,,,,,,,,ABLA,,
PIEN 17,8/7/2024 1:28:03 PM,150,1,129,38.7,1,,,D,,,,,,,,,,,,,,,LITT,,
PIEN 17,8/7/2024 1:28:03 PM,151,1,130,39,1,0.1,,L,,,,,,,,,,,,,,,PSJA,,
PIEN 17,8/7/2024 1:28:03 PM,152,1,131,39.3,1,0.2,,L,,,,,,,,,,,,,,,PSJA,,
PIEN 17,8/7/2024 1:28:03 PM,153,1,131,39.3,2,,,L,,,,,,,,,,,,,,,CAXX,,
PIEN 17,8/7/2024 1:28:03 PM,154,1,131,39.3,3,,,L,,,,,,,,,,,,,,,LOUT,,
PIEN 17,8/7/2024 1:28:03 PM,155,1,132,39.6,1,0.2,,L,,,,,,,,,,,,,,,CAXX,,
PIEN 17,8/7/2024 1:28:03 PM,156,1,132,39.6,2,,,L,,,,,,,,,,,,,,,PSJA,,
PIEN 17,8/7/2024 1:28:03 PM,157,1,133,39.9,1,0.6,,L,,,,,,,,,,,,,,,POTR,,
PIEN 17,8/7/2024 1:28:03 PM,158,1,133,39.9,2,,,L,,,,,,,,,,,,,,,CAXX,,
PIEN 17,8/7/2024 1:28:03 PM,159,1,134,40.2,1,0.6,,L,,,,,,,,,,,,,,,POTR,,
PIEN 17,8/7/2024 1:28:03 PM,160,1,134,40.2,2,,,L,,,,,,,,,,,,,,,CAXX,,
PIEN 17,8/7/2024 1:28:03 PM,161,1,135,40.5,1,0.15,,L,,,,,,,,,,,,,,,CAXX,,
PIEN 17,8/7/2024 1:28:03 PM,162,1,135,40.5,2,,,L,,,,,,,,,,,,,,,LOUT,,
PIEN 17,8/7/2024 1:28:03 PM,163,1,135,40.5,3,,,L,,,,,,,,,,,,,,,ACMI,,
PIEN 17,8/7/2024 1:28:03 PM,164,1,136,40.8,1,0.1,,L,,,,,,,,,,,,,,,CAXX,,
PIEN 17,8/7/2024 1:28:03 PM,165,1,137,41.1,1,0.05,,L,,,,,,,,,,,,,,,CAXX,,
PIEN 17,8/7/2024 1:28:03 PM,166,1,137,41.1,2,,,L,,,,,,,,,,,,,,,ACMI,,
PIEN 17,8/7/2024 1:28:03 PM,167,1,138,41.4,1,0.1,,L,,,,,,,,,,,,,,,CAXX,,
PIEN 17,8/7/2024 1:28:03 PM,168,1,138,41.4,2,,,L,,,,,,,,,,,,,,,ACMI,,
PIEN 17,8/7/2024 1:28:03 PM,169,1,139,41.7,1,0.15,,L,,,,,,,,,,,,,,,CAXX,,
PIEN 17,8/7/2024 1:28:03 PM,170,1,139,41.7,2,,,L,,,,,,,,,,,,,,,PSJA,,
PIEN 17,8/7/2024 1:28:03 PM,171,1,140,42,1,,,D,,,,,,,,,,,,,,,LITT,,
PIEN 17,8/7/2024 1:28:03 PM,172,1,141,42.3,1,0.05,,L,,,,,,,,,,,,,,,ACMI,,
PIEN 17,8/7/2024 1:28:03 PM,173,1,142,42.6,1,0.1,,L,,,,,,,,,,,,,,,CAXX,,
PIEN 17,8/7/2024 1:28:03 PM,174,1,143,42.9,1,0.1,,L,,,,,,,,,,,,,,,PIEN,,
PIEN 17,8/7/2024 1:28:03 PM,175,1,143,42.9,2,,,L,,,,,,,,,,,,,,,PSJA,,
PIEN 17,8/7/2024 1:28:03 PM,176,1,143,42.9,3,,,L,,,,,,,,,,,,,,,MOSS,,
PIEN 17,8/7/2024 1:28:03 PM,177,1,144,43.2,1,0.15,,L,,,,,,,,,,,,,,,PSJA,,
PIEN 17,8/7/2024 1:28:03 PM,178,1,145,43.5,1,,,D,,,,,,,,,,,,,,,LITT,,
PIEN 17,8/7/2024 1:28:03 PM,179,1,146,43.8,1,0.05,,L,,,,,,,,,,,,,,,CAXX,,
PIEN 17,8/7/2024 1:28:03 PM,180,1,147,44.1,1,,,D,,,,,,,,,,,,,,,LITT,,
PIEN 17,8/7/2024 1:28:03 PM,181,1,148,44.4,1,1.4,,L,,,,,,,,,,,,,,,POTR,,
PIEN 17,8/7/2024 1:28:03 PM,182,1,149,44.7,1,1.35,,L,,,,,,,,,,,,,,,POTR,,
PIEN 17,8/7/2024 1:28:03 PM,183,1,149,44.7,2,,,L,,,,,,,,,,,,,,,CAXX,,
PIEN 17,8/7/2024 1:28:03 PM,184,1,150,45,1,,,D,,,,,,,,,,,,,,,LITT,,
PIEN 17,8/7/2024 1:28:03 PM,185,1,151,45.3,1,1.05,,L,,,,,,,,,,,,,,,POTR,,
PIEN 17,8/7/2024 1:28:03 PM,186,1,152,45.6,1,,,D,,,,,,,,,,,,,,,LITT,,
PIEN 17,8/7/2024 1:28:03 PM,187,1,153,45.9,1,,,D,,,,,,,,,,,,,,,LITT,,
PIEN 17,8/7/2024 1:28:03 PM,188,1,154,46.2,1,0.1,,L,,,,,,,,,,,,,,,CAXX,,
PIEN 17,8/7/2024 1:28:03 PM,189,1,155,46.5,1,0.2,,L,,,,,,,,,,,,,,,CAXX,,
PIEN 17,8/7/2024 1:28:03 PM,190,1,156,46.8,1,,,D,,,,,,,,,,,,,,,LITT,,
PIEN 17,8/7/2024 1:28:03 PM,191,1,157,47.1,1,0.1,,L,,,,,,,,,,,,,,,PSJA,,
PIEN 17,8/7/2024 1:28:03 PM,192,1,158,47.4,1,0.01,,L,,,,,,,,,,,,,,,CAXX,,
PIEN 17,8/7/2024 1:28:03 PM,193,1,159,47.7,1,,,D,,,,,,,,,,,,,,,LITT,,
PIEN 17,8/7/2024 1:28:03 PM,194,1,160,48,1,0.15,,L,,,,,,,,,,,,,,,CAXX,,
PIEN 17,8/7/2024 1:28:03 PM,195,1,161,48.3,1,0.2,,L,,,,,,,,,,,,,,,PSJA,,
PIEN 17,8/7/2024 1:28:03 PM,196,1,161,48.3,2,,,L,,,,,,,,,,,,,,,CAXX,,
PIEN 17,8/7/2024 1:28:03 PM,197,1,162,48.6,1,0.4,,L,,,,,,,,,,,,,,,CAXX,,
PIEN 17,8/7/2024 1:28:03 PM,198,1,163,48.9,1,,,D,,,,,,,,,,,,,,,LITT,,
PIEN 17,8/7/2024 1:28:03 PM,199,1,164,49.2,1,,,D,,,,,,,,,,,,,,,LITT,,
PIEN 17,8/7/2024 1:28:03 PM,200,1,165,49.5,1,0.15,,L,,,,,,,,,,,,,,,CAXX,,
PIEN 17,8/7/2024 1:28:03 PM,201,1,166,49.8,1,0.1,,L,,,,,,,,,,,,,,,CAXX,,
PIEN 17,8/7/2024 1:28:03 PM,202,2,1,0.3,1,0.2,,L,,,,,,,,,,,,,,,CAXX,,
PIEN 17,8/7/2024 1:28:03 PM,203,2,2,0.6,1,0.05,,L,,,,,,,,,,,,,,,CAXX,,
PIEN 17,8/7/2024 1:28:03 PM,204,2,3,0.9,1,0.1,,L,,,,,,,,,,,,,,,CAXX,,
PIEN 17,8/7/2024 1:28:03 PM,205,2,4,1.2,1,0.1,,L,,,,,,,,,,,,,,,CAXX,,
PIEN 17,8/7/2024 1:28:03 PM,206,2,5,1.5,1,0.1,,L,,,,,,,,,,,,,,,CAXX,,
PIEN 17,8/7/2024 1:28:03 PM,207,2,6,1.8,1,0.15,,L,,,,,,,,,,,,,,,CAXX,,
PIEN 17,8/7/2024 1:28:03 PM,208,2,7,2.1,1,,,D,,,,,,,,,,,,,,,LITT,,
PIEN 17,8/7/2024 1:28:03 PM,209,2,8,2.4,1,,,D,,,,,,,,,,,,,,,LITT,,
PIEN 17,8/7/2024 1:28:03 PM,210,2,9,2.7,1,0.3,,L,,,,,,,,,,,,,,,ABLA,,
PIEN 17,8/7/2024 1:28:03 PM,211,2,9,2.7,2,,,L,,,,,,,,,,,,,,,CAXX,,
PIEN 17,8/7/2024 1:28:03 PM,212,2,10,3,1,0.6,,L,,,,,,,,,,,,,,,ABLA,,
PIEN 17,8/7/2024 1:28:03 PM,213,2,11,3.3,1,1.4,,L,,,,,,,,,,,,,,,ABLA,,
PIEN 17,8/7/2024 1:28:03 PM,214,2,12,3.6,1,1.75,,L,,,,,,,,,,,,,,,ABLA,,
PIEN 17,8/7/2024 1:28:03 PM,215,2,13,3.9,1,0.1,,L,,,,,,,,,,,,,,,CAXX,,
PIEN 17,8/7/2024 1:28:03 PM,216,2,14,4.2,1,,,D,,,,,,,,,,,,,,,WOOD,,
PIEN 17,8/7/2024 1:28:03 PM,217,2,15,4.5,1,,,D,,,,,,,,,,,,,,,WOOD,,
PIEN 17,8/7/2024 1:28:03 PM,218,2,16,4.8,1,,,D,,,,,,,,,,,,,,,WOOD,,
PIEN 17,8/7/2024 1:28:03 PM,219,2,17,5.1,1,,,D,,,,,,,,,,,,,,,LITT,,
PIEN 17,8/7/2024 1:28:03 PM,220,2,18,5.4,1,,,D,,,,,,,,,,,,,,,LITT,,
PIEN 17,8/7/2024 1:28:03 PM,221,2,19,5.7,1,,,D,,,,,,,,,,,,,,,LITT,,
PIEN 17,8/7/2024 1:28:03 PM,222,2,20,6,1,,,D,,,,,,,,,,,,,,,LITT,,
PIEN 17,8/7/2024 1:28:03 PM,223,2,21,6.3,1,,,D,,,,,,,,,,,,,,,LITT,,
PIEN 17,8/7/2024 1:28:03 PM,224,2,22,6.6,1,0.5,,L,,,,,,,,,,,,,,,ABLA,,
PIEN 17,8/7/2024 1:28:03 PM,225,2,23,6.9,1,,,D,,,,,,,,,,,,,,,LITT,,
PIEN 17,8/7/2024 1:28:03 PM,226,2,24,7.2,1,,,D,,,,,,,,,,,,,,,LITT,,
PIEN 17,8/7/2024 1:28:03 PM,227,2,25,7.5,1,0.35,,L,,,,,,,,,,,,,,,ABLA,,
PIEN 17,8/7/2024 1:28:03 PM,228,2,26,7.8,1,0.3,,L,,,,,,,,,,,,,,,ABCO,,
PIEN 17,8/7/2024 1:28:03 PM,229,2,27,8.1,1,,,D,,,,,,,,,,,,,,,LITT,,
PIEN 17,8/7/2024 1:28:03 PM,230,2,28,8.4,1,,,D,,,,,,,,,,,,,,,LITT,,
PIEN 17,8/7/2024 1:28:03 PM,231,2,29,8.7,1,0.3,,L,,,,,,,,,,,,,,,ABCO,,
PIEN 17,8/7/2024 1:28:03 PM,232,2,30,9,1,,,D,,,,,,,,,,,,,,,BOLE,,
PIEN 17,8/7/2024 1:28:03 PM,233,2,31,9.3,1,0.5,,L,,,,,,,,,,,,,,,ABLA,,
PIEN 17,8/7/2024 1:28:03 PM,234,2,32,9.6,1,,,D,,,,,,,,,,,,,,,LITT,,
PIEN 17,8/7/2024 1:28:03 PM,235,2,33,9.9,1,,,D,,,,,,,,,,,,,,,WOOD,,
PIEN 17,8/7/2024 1:28:03 PM,236,2,34,10.2,1,,,D,,,,,,,,,,,,,,,LITT,,
PIEN 17,8/7/2024 1:28:03 PM,237,2,35,10.5,1,0.2,,L,,,,,,,,,,,,,,,PTAQ,,
PIEN 17,8/7/2024 1:28:03 PM,238,2,36,10.8,1,,,D,,,,,,,,,,,,,,,LITT,,
PIEN 17,8/7/2024 1:28:03 PM,239,2,37,11.1,1,,,D,,,,,,,,,,,,,,,LITT,,
PIEN 17,8/7/2024 1:28:03 PM,240,2,38,11.4,1,,,D,,,,,,,,,,,,,,,LITT,,
PIEN 17,8/7/2024 1:28:03 PM,241,2,39,11.7,1,,,D,,,,,,,,,,,,,,,WOOD,,
PIEN 17,8/7/2024 1:28:03 PM,242,2,40,12,1,,,D,,,,,,,,,,,,,,,WOOD,,
PIEN 17,8/7/2024 1:28:03 PM,243,2,41,12.3,1,0.3,,L,,,,,,,,,,,,,,,ABLA,,
PIEN 17,8/7/2024 1:28:03 PM,244,2,42,12.6,1,0.7,,L,,,,,,,,,,,,,,,ABLA,,
PIEN 17,8/7/2024 1:28:03 PM,245,2,43,12.9,1,0.8,,L,,,,,,,,,,,,,,,ABLA,,
PIEN 17,8/7/2024 1:28:03 PM,246,2,44,13.2,1,0.8,,L,,,,,,,,,,,,,,,ABLA,,
PIEN 17,8/7/2024 1:28:03 PM,247,2,45,13.5,1,0.4,,L,,,,,,,,,,,,,,,ABLA,,
PIEN 17,8/7/2024 1:28:03 PM,248,2,46,13.8,1,0.9,,L,,,,,,,,,,,,,,,ABLA,,
PIEN 17,8/7/2024 1:28:03 PM,249,2,47,14.1,1,,,D,,,,,,,,,,,,,,,DUFF,,
PIEN 17,8/7/2024 1:28:03 PM,250,2,48,14.4,1,0.2,,L,,,,,,,,,,,,,,,ABLA,,
PIEN 17,8/7/2024 1:28:03 PM,251,2,49,14.7,1,0.3,,L,,,,,,,,,,,,,,,ABLA,,
PIEN 17,8/7/2024 1:28:03 PM,252,2,50,15,1,,,D,,,,,,,,,,,,,,,LITT,,
PIEN 17,8/7/2024 1:28:03 PM,253,2,51,15.3,1,0.3,,L,,,,,,,,,,,,,,,ABLA,,
PIEN 17,8/7/2024 1:28:03 PM,254,2,52,15.6,1,,,D,,,,,,,,,,,,,,,LITT,,
PIEN 17,8/7/2024 1:28:03 PM,255,2,53,15.9,1,0.5,,L,,,,,,,,,,,,,,,ABLA,,
PIEN 17,8/7/2024 1:28:03 PM,256,2,54,16.2,1,0.7,,L,,,,,,,,,,,,,,,ABLA,,
PIEN 17,8/7/2024 1:28:03 PM,257,2,54,16.2,2,,,L,,,,,,,,,,,,,,,GERI,,
PIEN 17,8/7/2024 1:28:03 PM,258,2,55,16.5,1,0.7,,L,,,,,,,,,,,,,,,ABLA,,
PIEN 17,8/7/2024 1:28:03 PM,259,2,56,16.8,1,0.9,,L,,,,,,,,,,,,,,,ABLA,,
PIEN 17,8/7/2024 1:28:03 PM,260,2,57,17.1,1,,,D,,,,,,,,,,,,,,,LITT,,
PIEN 17,8/7/2024 1:28:03 PM,261,2,58,17.4,1,0.15,,L,,,,,,,,,,,,,,,CAXX,,
PIEN 17,8/7/2024 1:28:03 PM,262,2,59,17.7,1,0.05,,L,,,,,,,,,,,,,,,CAXX,,
PIEN 17,8/7/2024 1:28:03 PM,263,2,60,18,1,,,D,,,,,,,,,,,,,,,LITT,,
PIEN 17,8/7/2024 1:28:03 PM,264,2,61,18.3,1,0.05,,L,,,,,,,,,,,,,,,PSJA,,
PIEN 17,8/7/2024 1:28:03 PM,265,2,62,18.6,1,,,D,,,,,,,,,,,,,,,LITT,,
PIEN 17,8/7/2024 1:28:03 PM,266,2,63,18.9,1,,,D,,,,,,,,,,,,,,,LITT,,
PIEN 17,8/7/2024 1:28:03 PM,267,2,64,19.2,1,0.1,,L,,,,,,,,,,,,,,,PSJA,,
PIEN 17,8/7/2024 1:28:03 PM,268,2,65,19.5,1,0.15,,L,,,,,,,,,,,,,,,ABLA,,
PIEN 17,8/7/2024 1:28:03 PM,269,2,65,19.5,2,,,L,,,,,,,,,,,,,,,GOOB,,
PIEN 17,8/7/2024 1:28:03 PM,270,2,66,19.8,1,,,D,,,,,,,,,,,,,,,LITT,,
PIEN 17,8/7/2024 1:28:03 PM,271,2,67,20.1,1,0.05,,L,,,,,,,,,,,,,,,CAXX,,
PIEN 17,8/7/2024 1:28:03 PM,272,2,68,20.4,1,0.1,,L,,,,,,,,,,,,,,,GERI,,
PIEN 17,8/7/2024 1:28:03 PM,273,2,68,20.4,2,,,L,,,,,,,,,,,,,,,GOOB,,
PIEN 17,8/7/2024 1:28:03 PM,274,2,69,20.7,1,0.3,,L,,,,,,,,,,,,,,,ABLA,,
PIEN 17,8/7/2024 1:28:03 PM,275,2,70,21,1,0.05,,L,,,,,,,,,,,,,,,CAXX,,
PIEN 17,8/7/2024 1:28:03 PM,276,2,70,21,2,,,L,,,,,,,,,,,,,,,GERI,,
PIEN 17,8/7/2024 1:28:03 PM,277,2,71,21.3,1,0.3,,L,,,,,,,,,,,,,,,PTAQ,,
PIEN 17,8/7/2024 1:28:03 PM,278,2,72,21.6,1,,,D,,,,,,,,,,,,,,,LITT,,
PIEN 17,8/7/2024 1:28:03 PM,279,2,73,21.9,1,,,D,,,,,,,,,,,,,,,LITT,,
PIEN 17,8/7/2024 1:28:03 PM,280,2,74,22.2,1,,,D,,,,,,,,,,,,,,,LITT,,
PIEN 17,8/7/2024 1:28:03 PM,281,2,75,22.5,1,,,D,,,,,,,,,,,,,,,LITT,,
PIEN 17,8/7/2024 1:28:03 PM,282,2,76,22.8,1,,,D,,,,,,,,,,,,,,,LITT,,
PIEN 17,8/7/2024 1:28:03 PM,283,2,77,23.1,1,,,D,,,,,,,,,,,,,,,LITT,,
PIEN 17,8/7/2024 1:28:03 PM,284,2,78,23.4,1,,,D,,,,,,,,,,,,,,,LITT,,
PIEN 17,8/7/2024 1:28:03 PM,285,2,79,23.7,1,,,D,,,,,,,,,,,,,,,LITT,,
PIEN 17,8/7/2024 1:28:03 PM,286,2,80,24,1,,,D,,,,,,,,,,,,,,,LITT,,
PIEN 17,8/7/2024 1:28:03 PM,287,2,81,24.3,1,,,D,,,,,,,,,,,,,,,LITT,,
PIEN 17,8/7/2024 1:28:03 PM,288,2,82,24.6,1,,,D,,,,,,,,,,,,,,,LITT,,
PIEN 17,8/7/2024 1:28:03 PM,289,2,83,24.9,1,,,D,,,,,,,,,,,,,,,LITT,,
PIEN 17,8/7/2024 1:28:03 PM,290,2,84,25.2,1,,,D,,,,,,,,,,,,,,,LITT,,
PIEN 17,8/7/2024 1:28:03 PM,291,2,85,25.5,1,,,D,,,,,,,,,,,,,,,LITT,,
PIEN 17,8/7/2024 1:28:03 PM,292,2,86,25.8,1,,,D,,,,,,,,,,,,,,,LITT,,
PIEN 17,8/7/2024 1:28:03 PM,293,2,87,26.1,1,,,D,,,,,,,,,,,,,,,LITT,,
PIEN 17,8/7/2024 1:28:03 PM,294,2,88,26.4,1,,,D,,,,,,,,,,,,,,,LITT,,
PIEN 17,8/7/2024 1:28:03 PM,295,2,89,26.7,1,,,D,,,,,,,,,,,,,,,WOOD,,
PIEN 17,8/7/2024 1:28:03 PM,296,2,90,27,1,,,D,,,,,,,,,,,,,,,LITT,,
PIEN 17,8/7/2024 1:28:03 PM,297,2,91,27.3,1,0.1,,L,,,,,,,,,,,,,,,CAXX,,
PIEN 17,8/7/2024 1:28:03 PM,298,2,92,27.6,1,0.05,,L,,,,,,,,,,,,,,,CAXX,,
PIEN 17,8/7/2024 1:28:03 PM,299,2,93,27.9,1,0.05,,L,,,,,,,,,,,,,,,CAXX,,
PIEN 17,8/7/2024 1:28:03 PM,300,2,94,28.2,1,,,D,,,,,,,,,,,,,,,LITT,,
PIEN 17,8/7/2024 1:28:03 PM,301,2,95,28.5,1,0.1,,L,,,,,,,,,,,,,,,CAXX,,
PIEN 17,8/7/2024 1:28:03 PM,302,2,96,28.8,1,,,D,,,,,,,,,,,,,,,LITT,,
PIEN 17,8/7/2024 1:28:03 PM,303,2,97,29.1,1,,,D,,,,,,,,,,,,,,,LITT,,
PIEN 17,8/7/2024 1:28:03 PM,304,2,98,29.4,1,,,D,,,,,,,,,,,,,,,LITT,,
PIEN 17,8/7/2024 1:28:03 PM,305,2,99,29.7,1,,,D,,,,,,,,,,,,,,,LITT,,
PIEN 17,8/7/2024 1:28:03 PM,306,2,100,30,1,0.15,,L,,,,,,,,,,,,,,,CAXX,,
PIEN 17,8/7/2024 1:28:03 PM,307,2,101,30.3,1,0.2,,L,,,,,,,,,,,,,,,ABLA,,
PIEN 17,8/7/2024 1:28:03 PM,308,2,102,30.6,1,1.2,,L,,,,,,,,,,,,,,,POTR,,
PIEN 17,8/7/2024 1:28:03 PM,309,2,102,30.6,2,,,L,,,,,,,,,,,,,,,ABLA,,
PIEN 17,8/7/2024 1:28:03 PM,310,2,102,30.6,3,,,L,,,,,,,,,,,,,,,CAXX,,
PIEN 17,8/7/2024 1:28:03 PM,311,2,103,30.9,1,0.7,,L,,,,,,,,,,,,,,,ABLA,,
PIEN 17,8/7/2024 1:28:03 PM,312,2,104,31.2,1,0.3,,L,,,,,,,,,,,,,,,ABLA,,
PIEN 17,8/7/2024 1:28:03 PM,313,2,105,31.5,1,,,D,,,,,,,,,,,,,,,LITT,,
PIEN 17,8/7/2024 1:28:03 PM,314,2,106,31.8,1,,,D,,,,,,,,,,,,,,,LITT,,
PIEN 17,8/7/2024 1:28:03 PM,315,2,107,32.1,1,,,D,,,,,,,,,,,,,,,LITT,,
PIEN 17,8/7/2024 1:28:03 PM,316,2,108,32.4,1,,,D,,,,,,,,,,,,,,,LITT,,
PIEN 17,8/7/2024 1:28:03 PM,317,2,109,32.7,1,,,D,,,,,,,,,,,,,,,WOOD,,
PIEN 17,8/7/2024 1:28:03 PM,318,2,110,33,1,,,D,,,,,,,,,,,,,,,LITT,,
PIEN 17,8/7/2024 1:28:03 PM,319,2,111,33.3,1,,,D,,,,,,,,,,,,,,,LITT,,
PIEN 17,8/7/2024 1:28:03 PM,320,2,112,33.6,1,,,D,,,,,,,,,,,,,,,LITT,,
PIEN 17,8/7/2024 1:28:03 PM,321,2,113,33.9,1,,,D,,,,,,,,,,,,,,,LITT,,
PIEN 17,8/7/2024 1:28:03 PM,322,2,114,34.2,1,,,D,,,,,,,,,,,,,,,WOOD,,
PIEN 17,8/7/2024 1:28:03 PM,323,2,115,34.5,1,,,D,,,,,,,,,,,,,,,LITT,,
PIEN 17,8/7/2024 1:28:03 PM,324,2,116,34.8,1,0.1,,L,,,,,,,,,,,,,,,PSJA,,
PIEN 17,8/7/2024 1:28:03 PM,325,2,117,35.1,1,0.1,,L,,,,,,,,,,,,,,,CAXX,,
PIEN 17,8/7/2024 1:28:03 PM,326,2,118,35.4,1,,,D,,,,,,,,,,,,,,,LITT,,
PIEN 17,8/7/2024 1:28:03 PM,327,2,119,35.7,1,0.2,,L,,,,,,,,,,,,,,,ABLA,,
PIEN 17,8/7/2024 1:28:03 PM,328,2,120,36,1,,,D,,,,,,,,,,,,,,,LITT,,
PIEN 17,8/7/2024 1:28:03 PM,329,2,121,36.3,1,,,D,,,,,,,,,,,,,,,LITT,,
PIEN 17,8/7/2024 1:28:03 PM,330,2,122,36.6,1,0.6,,L,,,,,,,,,,,,,,,ABLA,,
PIEN 17,8/7/2024 1:28:03 PM,331,2,123,36.9,1,0.6,,L,,,,,,,,,,,,,,,ABLA,,
PIEN 17,8/7/2024 1:28:03 PM,332,2,124,37.2,1,0.8,,L,,,,,,,,,,,,,,,ABLA,,
PIEN 17,8/7/2024 1:28:03 PM,333,2,124,37.2,2,,,L,,,,,,,,,,,,,,,ABLA,,
PIEN 17,8/7/2024 1:28:03 PM,334,2,125,37.5,1,0.1,,L,,,,,,,,,,,,,,,ABLA,,
PIEN 17,8/7/2024 1:28:03 PM,335,2,126,37.8,1,,,D,,,,,,,,,,,,,,,LITT,,
PIEN 17,8/7/2024 1:28:03 PM,336,2,127,38.1,1,1.3,,L,,,,,,,,,,,,,,,ABLA,,
PIEN 17,8/7/2024 1:28:03 PM,337,2,127,38.1,2,,,L,,,,,,,,,,,,,,,THFE,,
PIEN 17,8/7/2024 1:28:03 PM,338,2,127,38.1,3,,,L,,,,,,,,,,,,,,,FRVI,,
PIEN 17,8/7/2024 1:28:03 PM,339,2,128,38.4,1,0.9,,L,,,,,,,,,,,,,,,ABLA,,
PIEN 17,8/7/2024 1:28:03 PM,340,2,128,38.4,2,,,L,,,,,,,,,,,,,,,CAXX,,
PIEN 17,8/7/2024 1:28:03 PM,341,2,129,38.7,1,0.05,,L,,,,,,,,,,,,,,,CAXX,,
PIEN 17,8/7/2024 1:28:03 PM,342,2,130,39,1,0.1,,L,,,,,,,,,,,,,,,CAXX,,
PIEN 17,8/7/2024 1:28:03 PM,343,2,131,39.3,1,,,D,,,,,,,,,,,,,,,LITT,,
PIEN 17,8/7/2024 1:28:03 PM,344,2,132,39.6,1,0.1,,L,,,,,,,,,,,,,,,CAXX,,
PIEN 17,8/7/2024 1:28:03 PM,345,2,133,39.9,1,0.05,,L,,,,,,,,,,,,,,,CAXX,,
PIEN 17,8/7/2024 1:28:03 PM,346,2,134,40.2,1,0.4,,L,,,,,,,,,,,,,,,THFE,,
PIEN 17,8/7/2024 1:28:03 PM,347,2,135,40.5,1,0.2,,L,,,,,,,,,,,,,,,ABLA,,
PIEN 17,8/7/2024 1:28:03 PM,348,2,136,40.8,1,1,,L,,,,,,,,,,,,,,,ABLA,,
PIEN 17,8/7/2024 1:28:03 PM,349,2,137,41.1,1,,,D,,,,,,,,,,,,,,,LITT,,
PIEN 17,8/7/2024 1:28:03 PM,350,2,138,41.4,1,,,D,,,,,,,,,,,,,,,LITT,,
PIEN 17,8/7/2024 1:28:03 PM,351,2,139,41.7,1,,,D,,,,,,,,,,,,,,,LITT,,
PIEN 17,8/7/2024 1:28:03 PM,352,2,140,42,1,,,D,,,,,,,,,,,,,,,LITT,,
PIEN 17,8/7/2024 1:28:03 PM,353,2,141,42.3,1,,,D,,,,,,,,,,,,,,,LITT,,
PIEN 17,8/7/2024 1:28:03 PM,354,2,142,42.6,1,,,D,,,,,,,,,,,,,,,LITT,,
PIEN 17,8/7/2024 1:28:03 PM,355,2,143,42.9,1,,,D,,,,,,,,,,,,,,,LITT,,
PIEN 17,8/7/2024 1:28:03 PM,356,2,144,43.2,1,0.01,,L,,,,,,,,,,,,,,,MOSS,,
PIEN 17,8/7/2024 1:28:03 PM,357,2,145,43.5,1,,,L,,,,,,,,,,,,,,,LICH,,
PIEN 17,8/7/2024 1:28:03 PM,358,2,146,43.8,1,,,D,,,,,,,,,,,,,,,WOOD,,
PIEN 17,8/7/2024 1:28:03 PM,359,2,147,44.1,1,,,D,,,,,,,,,,,,,,,LITT,,
PIEN 17,8/7/2024 1:28:03 PM,360,2,148,44.4,1,0.5,,L,,,,,,,,,,,,,,,ABCO,,
PIEN 17,8/7/2024 1:28:03 PM,361,2,149,44.7,1,,,D,,,,,,,,,,,,,,,DUFF,,
PIEN 17,8/7/2024 1:28:03 PM,362,2,150,45,1,,,D,,,,,,,,,,,,,,,LITT,,
PIEN 17,8/7/2024 1:28:03 PM,363,2,151,45.3,1,1.4,,L,,,,,,,,,,,,,,,ABCO,,
PIEN 17,8/7/2024 1:28:03 PM,364,2,152,45.6,1,,,D,,,,,,,,,,,,,,,LITT,,
PIEN 17,8/7/2024 1:28:03 PM,365,2,153,45.9,1,1.75,,L,,,,,,,,,,,,,,,ABCO,,
PIEN 17,8/7/2024 1:28:03 PM,366,2,153,45.9,2,,,L,,,,,,,,,,,,,,,ABCO,,
PIEN 17,8/7/2024 1:28:03 PM,367,2,153,45.9,3,,,L,,,,,,,,,,,,,,,PSJA,,
PIEN 17,8/7/2024 1:28:03 PM,368,2,154,46.2,1,0.15,,L,,,,,,,,,,,,,,,PECE,,
PIEN 17,8/7/2024 1:28:03 PM,369,2,154,46.2,2,,,L,,,,,,,,,,,,,,,PSJA,,
PIEN 17,8/7/2024 1:28:03 PM,370,2,155,46.5,1,,,D,,,,,,,,,,,,,,,LITT,,
PIEN 17,8/7/2024 1:28:03 PM,371,2,156,46.8,1,0.05,,L,,,,,,,,,,,,,,,PSJA,,
PIEN 17,8/7/2024 1:28:03 PM,372,2,157,47.1,1,0.1,,L,,,,,,,,,,,,,,,PSJA,,
PIEN 17,8/7/2024 1:28:03 PM,373,2,158,47.4,1,,,D,,,,,,,,,,,,,,,LITT,,
PIEN 17,8/7/2024 1:28:03 PM,374,2,159,47.7,1,0.2,,L,,,,,,,,,,,,,,,CAXX,,
PIEN 17,8/7/2024 1:28:03 PM,375,2,160,48,1,0.1,,L,,,,,,,,,,,,,,,PSJA,,
PIEN 17,8/7/2024 1:28:03 PM,376,2,161,48.3,1,,,D,,,,,,,,,,,,,,,LITT,,
PIEN 17,8/7/2024 1:28:03 PM,377,2,162,48.6,1,,,D,,,,,,,,,,,,,,,LITT,,
PIEN 17,8/7/2024 1:28:03 PM,378,2,163,48.9,1,0.3,,L,,,,,,,,,,,,,,,PSJA,,
PIEN 17,8/7/2024 1:28:03 PM,379,2,164,49.2,1,0.15,,L,,,,,,,,,,,,,,,PSJA,,
PIEN 17,8/7/2024 1:28:03 PM,380,2,165,49.5,1,0.1,,L,,,,,,,,,,,,,,,PSJA,,
PIEN 17,8/7/2024 1:28:03 PM,381,2,166,49.8,1,0.1,,L,,,,,,,,,,,,,,,PSJA,,
