MacroPlot.Name,Date,Index,IsVerified,QTR,SubFrac,TagNo,Status,DBH,Ht,CrwnRto,CrwnCl,LiCrBHt,CrFuBHt,CrwnRad,Age,GrwthRt,Mort,DecayCl,LaddBaseHt,LaddMaxHt,DRC,NuLiStems,NuDeStems,EqDia,XCoord,YCoord,CKR,CharHt,ScorchHt,CrScPct,DamCd1,DamSev1,DamCd2,DamSev2,DamCd3,DamSev3,DamCd4,DamSev4,DamCd5,DamSev5,Comment,UV1,UV2,UV3,MacroPlotSize,SnagPlotSize,BrkPntDia,FieldTeam,EntryTeam,UV1Desc,UV2Desc,UV3Desc,SaComment,Species.Symbol,Visited,X
PIPO 31,6/16/2024 12:56:58 PM,,,,,,,,,,,,,,,,,,,,,,,,,,,,,,,,,,,,,,,,,,,,0.1,0.1,15,Hillyard; Gilmore; Tumicki; Brannfors,Tumicki,,,,,,True,
PIPO 31,6/16/2024 12:56:58 PM,1,True,2,0.5,194,D,,,,DD,,,,,,,,,,,,,,,,,,,,,,,,,,,,,,,,,,,,,,,,,,,PIED,,
PIPO 31,6/16/2024 12:56:58 PM,2,True,2,0.5,198,D,7.2,4,,,,,,,,,,,,,,,,,,,,,,,,,,,,,,,,,,,,,,,,,,,,,JUOS,,
PIPO 31,6/16/2024 12:56:58 PM,3,True,1,1,31,L,43.5,20,3,C,8.4,,,,,,,,,,,,,,,,,,,ROOT,,,,,,,,,,,20,,,,,,,,,,,,PIPO,,
PIPO 31,6/16/2024 12:56:58 PM,4,True,1,1,32,L,39,18.4,3,C,10.1,,,,,,,,,,,,,,,,,,,SPAR,,CROK,,FORK,,,,,,shorter,18.8,,,,,,,,,,,,PIPO,,
PIPO 31,6/16/2024 12:56:58 PM,5,True,1,1,33,D,,,,DD,,,,,,,,,,,,,,,,,,,,,,,,,,,,,,,,,,,,,,,,,,,PIPO,,
PIPO 31,6/16/2024 12:56:58 PM,6,True,1,1,34,L,37.1,18.9,2,C,7.5,,,,,,,,,,,,,,,,,,,INSE,,BIRD,,,,,,,,,17.9,,,,,,,,,,,,PIPO,,
PIPO 31,6/16/2024 12:56:58 PM,7,True,1,1,35,L,58.7,22.1,5,D,7.3,,,,,,,,,,,,,,,,,,,,,,,,,,,,,,22.1,,,,,,,,,,,,PIPO,,
PIPO 31,6/16/2024 12:56:58 PM,8,True,1,1,36,L,47.3,18.3,3,C,10,,,,,,,,,,,,,,,,,,,ROOT,,INSE,,,,,,,,,18.6,,,,,,,,,,,,PIPO,,
PIPO 31,6/16/2024 12:56:58 PM,9,True,1,1,37,L,18.4,7.9,2,SC,5,,,,,,,,,,,,,,,,,,,,,,,,,,,,,,8.4,,,,,,,,,,,,JUOS,,
PIPO 31,6/16/2024 12:56:58 PM,10,True,1,1,39,L,31.8,13.9,3,I,6.4,,,,,,,,,,,,,,,,,,,FORK,,,,,,,,,,,15.3,,,,,,,,,,,,PIPO,,
PIPO 31,6/16/2024 12:56:58 PM,11,True,2,1,40,D,19.3,1.8,,BAD,,,,,,,,,,,,,,,,,,,,,,,,,,,,,,,,,,,,,,,,,,,PIED,,
PIPO 31,6/16/2024 12:56:58 PM,12,True,2,1,41,L,35.7,16.1,3,C,6.8,,,,,,,,,,,,,,,,,,,,,,,,,,,,,,,,,,,,,,,,,,PIPO,,
PIPO 31,6/16/2024 12:56:58 PM,13,True,2,1,43,L,18.2,8.3,1,SC,5,,,,,,,,,,,,,,,,,,,SPAR,,,,,,,,,,,,,,,,,,,,,,,PIPO,,
PIPO 31,6/16/2024 12:56:58 PM,14,True,3,1,44,L,50.7,21,4,C,8.4,,,,,,,,,,,,,,,,,,,FORK,,,,,,,,,,,,,,,,,,,,,,,PIPO,,
PIPO 31,6/16/2024 12:56:58 PM,15,True,3,1,45,L,50.1,18.7,6,C,5.2,,,,,,,,,,,,,,,,,,,,,,,,,,,,,,,,,,,,,,,,,,PIPO,,
PIPO 31,6/16/2024 12:56:58 PM,16,True,3,1,46,L,18.9,8.4,5,SC,3.5,,,,,,,,,,,,,,,,,,,,,,,,,,,,,,,,,,,,,,,,,,PIPO,,
PIPO 31,6/16/2024 12:56:58 PM,17,True,3,1,47,L,20.3,10,5,SC,3,,,,,,,,,,,,,,,,,,,,,,,,,,,,,,,,,,,,,,,,,,PIPO,,
PIPO 31,6/16/2024 12:56:58 PM,18,True,3,1,48,L,39.8,16.9,4,C,7.9,,,,,,,,,,,,,,,,,,,,,,,,,,,,,,,,,,,,,,,,,,PIPO,,
PIPO 31,6/16/2024 12:56:58 PM,19,True,3,1,49,L,34.5,15.7,4,C,5.2,,,,,,,,,,,,,,,,,,,,,,,,,,,,,,,,,,,,,,,,,,PIPO,,
PIPO 31,6/16/2024 12:56:58 PM,20,True,3,1,50,L,28.3,13.2,4,I,4.5,,,,,,,,,,,,,,,,,,,,,,,,,,,,,,,,,,,,,,,,,,PIPO,,
PIPO 31,6/16/2024 12:56:58 PM,21,True,3,1,51,L,35.3,14.1,4,C,6.3,,,,,,,,,,,,,,,,,,,,,,,,,,,,,,,,,,,,,,,,,,PIPO,,
PIPO 31,6/16/2024 12:56:58 PM,22,True,3,1,100,L,17.8,7.7,6,SC,2,,,,,,,,,,,,,,,,,,,,,,,,,,,,,,,,,,,,,,,,,,JUOS,,
PIPO 31,6/16/2024 12:56:58 PM,23,True,4,1,52,L,21.8,8.3,6,SC,1.5,,,,,,,,,,,,,,,,,,,,,,,,,,,,,,9,,,,,,,,,,,,PIPO,,
PIPO 31,6/16/2024 12:56:58 PM,24,True,4,1,53,L,41.4,17.9,5,C,6.7,,,,,,,,,,,,,,,,,,,,,,,,,,,,,,17.9,,,,,,,,,,,,PIPO,,
PIPO 31,6/16/2024 12:56:58 PM,25,True,4,1,54,L,27.6,11.6,7,I,1.5,,,,,,,,,,,,,,,,,,,CROK,,,,,,,,,,,12.2,,,,,,,,,,,,PIPO,,
PIPO 31,6/16/2024 12:56:58 PM,26,True,4,1,55,L,18.3,8.5,2,SC,6,,,,,,,,,,,,,,,,,,,SPAR,,,,,,,,,,,9,,,,,,,,,,,,PIPO,,
PIPO 31,6/16/2024 12:56:58 PM,27,True,4,1,56,L,28.1,12,6,I,4,,,,,,,,,,,,,,,,,,,FORK,,,,,,,,,,,12.9,,,,,,,,,,,,PIPO,,
PIPO 31,6/16/2024 12:56:58 PM,28,True,4,1,57,D,55.3,6.2,,CS,,,,,,,,,,,,,,,,,,,,,,,,,,,,,,DRC,6.2,,,,,,,,,,,,JUOS,,
PIPO 31,6/16/2024 12:56:58 PM,29,True,4,1,58,D,16,2.1,,BAD,,,,,,,,,,,,,,,,,,,,,,,,,,,,,,,2.1,,,,,,,,,,,,PIED,,
PIPO 36,6/15/2024 1:00:20 PM,,,,,,,,,,,,,,,,,,,,,,,,,,,,,,,,,,,,,,,,,,,,0.1,0.1,15,Lalor; Tumicki,Tumicki,,,,,,True,
PIPO 36,6/15/2024 1:00:20 PM,1,True,1,0.5,110,D,12,7,,,,,,,,,,,,,,,,,,,,,,,,,,,,,,,,,,,,,,,,,,,,,QUGA,,
PIPO 36,6/15/2024 1:00:20 PM,2,True,1,0.5,118,D,14.1,7,,,,,,,,,,,,,,,,,,,,,,,,,,,,,,,,,,,,,,,,,,,,,QUGA,,
PIPO 36,6/15/2024 1:00:20 PM,3,True,1,0.5,135,D,12.2,10,,,,,,,,,,,,,,,,,,,,,,,,,,,,,,,,,,,,,,,,,,,,,QUGA,,
PIPO 36,6/15/2024 1:00:20 PM,4,True,2,0.5,139,L,13.8,7,,,,,,,,,,,,,,,,,,,,,,,,,,,,,,,,,,,,,,,,,,,,,PIPO,,
PIPO 36,6/15/2024 1:00:20 PM,5,True,2,0.5,142,D,11,6,,,,,,,,,,,,,,,,,,,,,,,,,,,,,,,,,,,,,,,,,,,,,PIPO,,
PIPO 36,6/15/2024 1:00:20 PM,6,True,1,1,22,D,,,5,DD,,,,,,,,,,,,,,,,,,,,,,,,,,,,,,,,,,,,,,,,,,,PIPO,,
PIPO 36,6/15/2024 1:00:20 PM,7,True,1,1,23,L,39.6,19,8,C,4.1,,,,,,,,,,,,,,,,,,,FORK,,MISL,,BROM,,,,,,,,,,,,,,,,,,,PIPO,,
PIPO 36,6/15/2024 1:00:20 PM,8,True,1,1,24,L,32.2,17.8,6,I,8.7,,,,,,,,,,,,,,,,,,,,,,,,,,,,,Change old CBH; pre-fire; to 8.7,,,,,,,,,,,,,PIPO,,
PIPO 36,6/15/2024 1:00:20 PM,9,True,1,1,25,D,16.5,3,8,BAD,,,,,,,,,,,,,,,,,,,,,,,,,,,,,,,,,,,,,,,,,,,QUGA,,
PIPO 36,6/15/2024 1:00:20 PM,10,True,1,1,26,L,31.7,14.9,4,C,6.1,,,,,,,,,,,,,,,,,,,MISL,,BROM,,,,,,,,,,,,,,,,,,,,,PIPO,,
PIPO 36,6/15/2024 1:00:20 PM,11,True,1,1,28,L,19.2,9.1,4,SC,3.8,,,,,,,,,,,,,,,,,,,MISL,,BROM,,SPAR,,,,,,,,,,,,,,,,,,,PIPO,,
PIPO 36,6/15/2024 1:00:20 PM,12,True,1,1,29,D,16.6,10.1,3,RS,,,,,,,,,,,,,,,,,,,,,,,,,,,,,,,,,,,,,,,,,,,PIPO,,
PIPO 36,6/15/2024 1:00:20 PM,13,True,1,1,31,L,25,12.4,6,I,4.2,,,,,,,,,,,,,,,,,,,BROM,,MISL,,CROK,,,,,,,,,,,,,,,,,,,PIPO,,
PIPO 36,6/15/2024 1:00:20 PM,14,True,1,1,127,L,21.3,10.9,,SC,5.5,,,,,,,,,,,,,,,,,,,INSE,,WOND,,,,,,,,Change old CBH; pre-fire; to 5.5,,,,,,,,,,,,,PIPO,,
PIPO 36,6/15/2024 1:00:20 PM,15,True,1,1,130,L,17.9,8.9,,SC,1.3,,,,,,,,,,,,,,,,,,,MISL,,BROM,,,,,,,,,,,,,,,,,,,,,PIPO,,
PIPO 36,6/15/2024 1:00:20 PM,16,True,1,1,132,L,21.4,9.4,6,I,2.4,,,,,,,,,,,,,,,,,,,MISL,,,,,,,,,,,,,,,,,,,,,,,PIPO,,
PIPO 36,6/15/2024 1:00:20 PM,17,True,1,1,133,D,16.6,7.4,3,RS,,,,,,,,,,,,,,,,,,,,,,,,,,,,,,,,,,,,,,,,,,,PIPO,,
PIPO 36,6/15/2024 1:00:20 PM,18,True,1,1,134,L,16.2,8.5,,SC,2.9,,,,,,,,,,,,,,,,,,,DTOP,,,,,,,,,,,,,,,,,,,,,,,QUGA,,
PIPO 36,6/15/2024 1:00:20 PM,19,True,2,1,33,L,26.8,17,5,I,4,,,,,,,,,,,,,,,,,,,MISL,,CROK,,BROM,,DTOP,,,,Change old CBH; pre-fire; to 4; NEST!,,,,,,,,,,,,,PIPO,,
PIPO 36,6/15/2024 1:00:20 PM,20,True,2,1,35,D,35.4,20.3,7,RS,,,,,,,,,,,,,,,,,,,,,,,,,,,,,,,,,,,,,,,,,,,PIPO,,
PIPO 36,6/15/2024 1:00:20 PM,21,True,2,1,36,D,18.1,13.2,5,RS,,,,,,,,,,,,,,,,,,,,,,,,,,,,,,,,,,,,,,,,,,,PIPO,,
PIPO 36,6/15/2024 1:00:20 PM,22,True,2,1,37,L,41,21.5,6,C,9.3,,,,,,,,,,,,,,,,,,,MISL,,FORK,,BROM,,WOND,,,,,,,,,,,,,,,,,PIPO,,
PIPO 36,6/15/2024 1:00:20 PM,23,True,2,1,39,L,22.6,15,3,I,9,,,,,,,,,,,,,,,,,,,SPRT,,MISL,,BROM,,INSE,,,,,,,,,,,,,,,,,PIPO,,
PIPO 36,6/15/2024 1:00:20 PM,24,True,2,1,40,L,40,20.7,6,C,5.6,,,,,,,,,,,,,,,,,,,MISL,,BROM,,INSE,,,,,,Change old CBH; pre-fire; to 5.6,,,,,,,,,,,,,PIPO,,
PIPO 36,6/15/2024 1:00:20 PM,25,True,2,1,140,L,19.8,7.8,8,SC,3.1,,,,,,,,,,,,,,,,,,,MISL,,BROM,,,,,,,,,,,,,,,,,,,,,PIPO,,
PIPO 36,6/15/2024 1:00:20 PM,26,True,2,1,144,L,19.6,11,,SC,3.2,,,,,,,,,,,,,,,,,,,,,,,,,,,,,,,,,,,,,,,,,,PIPO,,
PIPO 36,6/15/2024 1:00:20 PM,27,True,3,1,41,L,50.2,23.7,4,C,8.5,,,,,,,,,,,,,,,,,,,MISL,,INSE,,,,,,,,,,,,,,,,,,,,,PIPO,,
PIPO 36,6/15/2024 1:00:20 PM,28,True,3,1,42,L,50,25.6,3,C,6.6,,,,,,,,,,,,,,,,,,,LICH,,INSE,,,,,,,,Change old CBH; pre-fire; to 6.6,,,,,,,,,,,,,PIPO,,
PIPO 36,6/15/2024 1:00:20 PM,29,True,3,1,43,L,50.4,22.9,4,C,11.3,,,,,,,,,,,,,,,,,,,BIRD,,CROK,,,,,,,,Change old CBH; pre-fire; to 11.3,,,,,,,,,,,,,PIPO,,
PIPO 36,6/15/2024 1:00:20 PM,30,True,3,1,44,L,28.2,18.2,5,I,5.9,,,,,,,,,,,,,,,,,,,INSE,,,,,,,,,,,,,,,,,,,,,,,PIPO,,
PIPO 36,6/15/2024 1:00:20 PM,31,True,4,1,45,L,37.1,20.7,5,C,5.6,,,,,,,,,,,,,,,,,,,LICH,,,,,,,,,,,,,,,,,,,,,,,PIPO,,
PIPO 36,6/15/2024 1:00:20 PM,32,True,4,1,46,L,30.8,22.2,3,C,9.6,,,,,,,,,,,,,,,,,,,,,,,,,,,,,,,,,,,,,,,,,,PIPO,,
PIPO 36,6/15/2024 1:00:20 PM,33,True,4,1,47,L,19.3,8.5,3,SC,4.8,,,,,,,,,,,,,,,,,,,LEAN,,LICH,,BROK,,,,,,,,,,,,,,,,,,,PIPO,,
PIPO 36,6/15/2024 1:00:20 PM,34,True,4,1,48,L,26.7,19,2,I,9.9,,,,,,,,,,,,,,,,,,,LICH,,,,,,,,,,,,,,,,,,,,,,,PIPO,,
PIPO 36,6/15/2024 1:00:20 PM,35,True,4,1,49,L,37,21.3,6,C,11,,,,,,,,,,,,,,,,,,,,,,,,,,,,,Change old CBH; pre-fire; to 11,,,,,,,,,,,,,PIPO,,
PIPO 36,6/15/2024 1:00:20 PM,36,True,4,1,50,L,23.3,19.4,3,I,12.9,,,,,,,,,,,,,,,,,,,,,,,,,,,,,,,,,,,,,,,,,,PIPO,,
PIPO 36,6/15/2024 1:00:20 PM,37,True,4,1,51,L,37.6,19.8,4,C,5.8,,,,,,,,,,,,,,,,,,,CROK,,LICH,,,,,,,,,,,,,,,,,,,,,PIPO,,
PIPO 36,6/15/2024 1:00:20 PM,38,True,4,1,52,L,32.5,18.8,7,I,4.5,,,,,,,,,,,,,,,,,,,CROK,,LICH,,BROM,,,,,,,,,,,,,,,,,,,PIPO,,
PIPO 36,6/15/2024 1:00:20 PM,39,True,4,1,53,L,34.1,19.3,5,I,4.6,,,,,,,,,,,,,,,,,,,CROK,,LICH,,MISL,,,,,,,,,,,,,,,,,,,PIPO,,
PIPO 36,6/15/2024 1:00:20 PM,40,True,4,1,54,L,19.8,12.3,2,SC,6,,,,,,,,,,,,,,,,,,,LEAN,,MISL,,,,,,,,,,,,,,,,,,,,,PIPO,,
PIPO 36,6/15/2024 1:00:20 PM,41,True,4,1,55,D,,,5,BBD,,,,,,,,,,,,,,,,,,,,,,,,,,,,,,,,,,,,,,,,,,,PIPO,,
PIPO 36,6/15/2024 1:00:20 PM,42,True,4,1,56,D,15.5,2.2,2,BAD,,,,,,,,,,,,,,,,,,,,,,,,,,,,,,,,,,,,,,,,,,,PIPO,,
PIPO 36,6/15/2024 1:00:20 PM,43,True,4,1,57,L,19.8,19,3,I,11.6,,,,,,,,,,,,,,,,,,,,,,,,,,,,,,,,,,,,,,,,,,PIPO,,
PIPO 36,6/15/2024 1:00:20 PM,44,True,4,1,58,L,27,16.9,5,I,4.5,,,,,,,,,,,,,,,,,,,MISL,,BROM,,,,,,,,,,,,,,,,,,,,,PIPO,,
PIPO 36,6/15/2024 1:00:20 PM,45,True,4,1,59,L,28.3,17.3,2,I,6.6,,,,,,,,,,,,,,,,,,,CROK,,LICH,,,,,,,,,,,,,,,,,,,,,PIPO,,
PIPO 36,6/15/2024 1:00:20 PM,46,True,4,1,60,L,16.5,4.7,3,SC,2.1,,,,,,,,,,,,,,,,,,,LEAN,,MISL,,BROM,,,,,,,,,,,,,,,,,,,PIPO,,
PIPO 30,6/15/2024 12:55:12 PM,,,,,,,,,,,,,,,,,,,,,,,,,,,,,,,,,,,,,,,,,,,,0.1,0.1,15,Lalor; Gilmore; Tumicki,Tumicki,,,,,,True,
PIPO 30,6/15/2024 12:55:12 PM,1,True,1,0.5,105,L,8.7,5,,,,,,,,,,,,,,,,,,,,,,,,,,,,,,,,,,,,,,,,,,,,,JUOS,,
PIPO 30,6/15/2024 12:55:12 PM,2,True,1,0.5,107,D,4.2,3,,,,,,,,,,,,,,,,,,,,,,,,,,,,,,,,,,,,,,,,,,,,,JUOS,,
PIPO 30,6/15/2024 12:55:12 PM,3,True,1,0.5,109,L,12.2,7,,,,,,,,,,,,,,,,,,,,,,,,,,,,,,,,,,,,,,,,,,,,,JUOS,,
PIPO 30,6/15/2024 12:55:12 PM,4,True,1,0.5,110,D,7.4,4,,,,,,,,,,,,,,,,,,,,,,,,,,,,,,,,,,,,,,,,,,,,,JUOS,,
PIPO 30,6/15/2024 12:55:12 PM,5,True,1,0.5,111,L,14.5,8,,,,,,,,,,,,,,,,,,,,,,,,,,,,,,,,,,,,,,,,,,,,,PIED,,
PIPO 30,6/15/2024 12:55:12 PM,6,True,1,0.5,112,L,13.9,8,,,,,,,,,,,,,,,,,,,,,,,,,,,,,,,,,,,,,,,,,,,,,PIED,,
PIPO 30,6/15/2024 12:55:12 PM,7,True,2,0.5,116,L,14.8,7,,,,,,,,,,,,,,,,,,,,,,,,,,,,,,,,,,,,,,,,,,,,,PIPO,,
PIPO 30,6/15/2024 12:55:12 PM,8,True,2,0.5,119,L,14.1,5,,,,,,,,,,,,,,,,,,,,,,,,,,,,,,,,,,,,,,,,,,,,,PIPO,,
PIPO 30,6/15/2024 12:55:12 PM,9,True,2,0.5,120,D,13.3,6,,,,,,,,,,,,,,,,,,,,,,,,,,,,,,,,,,,,,,,,,,,,,PIED,,
PIPO 30,6/15/2024 12:55:12 PM,10,True,1,1,25,L,22.6,7.7,5,SC,2,,,,,,,,,,,,,,,,,,,,,,,,,,,,,,,,,,,,,,,,,,JUOS,,
PIPO 30,6/15/2024 12:55:12 PM,11,True,1,1,26,L,18.5,9.5,4,I,5,,,,,,,,,,,,,,,,,,,TWIN,,LICH,,,,,,,,,,,,,,,,,,,,,PIED,,
PIPO 30,6/15/2024 12:55:12 PM,12,True,1,1,27,L,20.7,9.9,4,I,5,,,,,,,,,,,,,,,,,,,TWIN,,LICH,,,,,,,,,,,,,,,,,,,,,PIED,,
PIPO 30,6/15/2024 12:55:12 PM,13,True,1,1,28,L,20,8.1,5,SC,3.5,,,,,,,,,,,,,,,,,,,,,,,,,,,,,,,,,,,,,,,,,,JUOS,,
PIPO 30,6/15/2024 12:55:12 PM,14,True,1,1,29,L,42.1,16.2,7,C,4.3,,,,,,,,,,,,,,,,,,,,,,,,,,,,,,,,,,,,,,,,,,PIPO,,
PIPO 30,6/15/2024 12:55:12 PM,15,True,1,1,30,L,23.8,11,3,I,5.3,,,,,,,,,,,,,,,,,,,CROK,,,,,,,,,,,,,,,,,,,,,,,PIPO,,
PIPO 30,6/15/2024 12:55:12 PM,16,True,1,1,31,L,43.6,13.3,5,C,4.9,,,,,,,,,,,,,,,,,,,FORK,,,,,,,,,,,,,,,,,,,,,,,PIPO,,
PIPO 30,6/15/2024 12:55:12 PM,17,True,1,1,32,L,44.3,15.8,8,C,3.4,,,,,,,,,,,,,,,,,,,,,,,,,,,,,,,,,,,,,,,,,,PIPO,,
PIPO 30,6/15/2024 12:55:12 PM,18,True,1,1,101,L,17.2,8.3,,SC,3.9,,,,,,,,,,,,,,,,,,,,,,,,,,,,,,,,,,,,,,,,,,PIPO,,
PIPO 30,6/15/2024 12:55:12 PM,19,True,1,1,103,L,16.8,8.4,,SC,1.8,,,,,,,,,,,,,,,,,,,LICH,,,,,,,,,,,,,,,,,,,,,,,JUOS,,
PIPO 30,6/15/2024 12:55:12 PM,20,True,1,1,104,L,16.3,5.2,,SC,1.6,,,,,,,,,,,,,,,,,,,LEAN,,,,,,,,,,,,,,,,,,,,,,,JUOS,,
PIPO 30,6/15/2024 12:55:12 PM,21,True,1,1,106,L,17.9,5.3,6,SC,1.5,,,,,,,,,,,,,,,,,,,BROK,,,,,,,,,,,,,,,,,,,,,,,JUOS,,
PIPO 30,6/15/2024 12:55:12 PM,22,True,2,1,34,L,22.1,9.4,7,SC,0.5,,,,,,,,,,,,,,,,,,,LICH,,,,,,,,,,,,,,,,,,,,,,,PIED,,
PIPO 30,6/15/2024 12:55:12 PM,23,True,2,1,35,L,26.2,7.5,5,SC,1.8,,,,,,,,,,,,,,,,,,,,,,,,,,,,,,,,,,,,,,,,,,JUOS,,
PIPO 30,6/15/2024 12:55:12 PM,24,True,2,1,36,D,,,5,DD,,,,,,,,,,,,,,,,,,,,,,,,,,,,,,,,,,,,,,,,,,,JUOS,,
PIPO 30,6/15/2024 12:55:12 PM,25,True,2,1,37,L,35.9,16.3,3,C,7.3,,,,,,,,,,,,,,,,,,,,,,,,,,,,,,,,,,,,,,,,,,PIPO,,
PIPO 30,6/15/2024 12:55:12 PM,26,True,2,1,38,L,32.3,15.5,5,C,4,,,,,,,,,,,,,,,,,,,,,,,,,,,,,,,,,,,,,,,,,,PIPO,,
PIPO 30,6/15/2024 12:55:12 PM,27,True,2,1,39,L,28.4,15.6,4,C,6.2,,,,,,,,,,,,,,,,,,,TWIN,,,,,,,,,,,,,,,,,,,,,,,PIPO,,
PIPO 30,6/15/2024 12:55:12 PM,28,True,2,1,40,L,46.9,18.6,5,C,5.7,,,,,,,,,,,,,,,,,,,LIGT,,BIRD,,FORK,,,,,,,,,,,,,,,,,,,PIPO,,
PIPO 30,6/15/2024 12:55:12 PM,29,True,2,1,41,D,,,7,DD,,,,,,,,,,,,,,,,,,,,,,,,,,,,,,,,,,,,,,,,,,,JUOS,,
PIPO 30,6/15/2024 12:55:12 PM,30,True,2,1,42,L,35.3,15.9,5,C,6.6,,,,,,,,,,,,,,,,,,,,,,,,,,,,,,,,,,,,,,,,,,PIPO,,
PIPO 30,6/15/2024 12:55:12 PM,31,True,2,1,43,L,19.5,8.4,5,I,3.2,,,,,,,,,,,,,,,,,,,,,,,,,,,,,,,,,,,,,,,,,,PIPO,,
PIPO 30,6/15/2024 12:55:12 PM,32,True,3,1,44,L,23.7,13.8,5,I,4.3,,,,,,,,,,,,,,,,,,,,,,,,,,,,,,,,,,,,,,,,,,PIPO,,
PIPO 30,6/15/2024 12:55:12 PM,33,True,3,1,45,L,31.1,15,7,I,6.2,,,,,,,,,,,,,,,,,,,,,,,,,,,,,,,,,,,,,,,,,,PIPO,,
PIPO 30,6/15/2024 12:55:12 PM,34,True,3,1,46,L,29.2,14.8,4,I,9.1,,,,,,,,,,,,,,,,,,,,,,,,,,,,,,,,,,,,,,,,,,PIPO,,
PIPO 30,6/15/2024 12:55:12 PM,35,True,3,1,47,L,31,8.9,8,I,2.6,,,,,,,,,,,,,,,,,,,FIRE,,,,,,,,,,,,,,,,,,,,,,,QUGA,,
PIPO 30,6/15/2024 12:55:12 PM,36,True,3,1,48,D,15.4,6.3,5,RS,,,,,,,,,,,,,,,,,,,,,,,,,,,,,,Change crown class to RS in 2020 data,,,,,,,,,,,,,JUOS,,
PIPO 30,6/15/2024 12:55:12 PM,37,True,3,1,50,D,17.9,7.2,3,BAD,,,,,,,,,,,,,,,,,,,,,,,,,,,,,,,,,,,,,,,,,,,QUGA,,
PIPO 30,6/15/2024 12:55:12 PM,38,True,3,1,51,L,45.1,15.7,4,C,7.1,,,,,,,,,,,,,,,,,,,DTOP,,,,,,,,,,,,,,,,,,,,,,,PIPO,,
PIPO 30,6/15/2024 12:55:12 PM,39,True,3,1,53,L,60.5,20.8,5,D,5.8,,,,,,,,,,,,,,,,,,,,,,,,,,,,,,,,,,,,,,,,,,PIPO,,
PIPO 30,6/15/2024 12:55:12 PM,40,True,3,1,54,L,58.1,21.9,6,D,6.2,,,,,,,,,,,,,,,,,,,BIRD,,,,,,,,,,,,,,,,,,,,,,,PIPO,,
PIPO 30,6/15/2024 12:55:12 PM,41,True,4,1,55,L,34.7,19.2,6,C,8.3,,,,,,,,,,,,,,,,,,,TWIN,,BIRD,,,,,,,,Change old CBH; pre-fire to current value,,,,,,,,,,,,,PIPO,,
PIPO 30,6/15/2024 12:55:12 PM,42,True,4,1,56,L,29.5,10.6,3,I,3.2,,,,,,,,,,,,,,,,,,,BROM,,TWIN,,,,,,,,Change old CBH; pre-fire to current value,,,,,,,,,,,,,PIPO,,
PIPO 30,6/15/2024 12:55:12 PM,43,True,4,1,57,L,31.6,13.6,8,I,3.8,,,,,,,,,,,,,,,,,,,CROK,,,,,,,,,,,,,,,,,,,,,,,PIPO,,
PIPO 30,6/15/2024 12:55:12 PM,44,True,4,1,58,L,42.4,16.4,7,C,5,,,,,,,,,,,,,,,,,,,,,,,,,,,,,,,,,,,,,,,,,,PIPO,,
PIPO 30,6/15/2024 12:55:12 PM,45,True,4,1,59,L,20.4,12.5,6,I,4.5,,,,,,,,,,,,,,,,,,,,,,,,,,,,,Change old CBH; pre-fire to 2.5,,,,,,,,,,,,,PIPO,,
PIPO 30,6/15/2024 12:55:12 PM,46,True,4,1,77,L,23.9,13.8,8,I,3.1,,,,,,,,,,,,,,,,,,,,,,,,,,,,,,,,,,,,,,,,,,PIPO,,
PIPO 30,6/15/2024 12:55:12 PM,47,True,4,1,78,L,32,14.5,4,C,7.3,,,,,,,,,,,,,,,,,,,,,,,,,,,,,,,,,,,,,,,,,,PIPO,,
PIPO 30,6/15/2024 12:55:12 PM,48,True,4,1,79,L,17.6,8.4,6,SC,2.2,,,,,,,,,,,,,,,,,,,WOND,,,,,,,,,,,,,,,,,,,,,,,JUOS,,
PIPO 30,6/15/2024 12:55:12 PM,49,True,4,1,80,L,35.7,16.4,5,C,6,,,,,,,,,,,,,,,,,,,CROK,,,,,,,,,,,,,,,,,,,,,,,PIPO,,
PIPO 30,6/15/2024 12:55:12 PM,50,True,4,1,81,D,20.5,6.1,3,RS,,,,,,,,,,,,,,,,,,,,,,,,,,,,,,,,,,,,,,,,,,,QUGA,,
PIPO 30,6/15/2024 12:55:12 PM,51,True,4,1,82,D,15.4,3.1,,BAD,,,,,,,,,,,,,,,,,,,,,,,,,,,,,,,,,,,,,,,,,,,QUGA,,
PIPO 30,6/15/2024 12:55:12 PM,52,True,4,1,83,L,21.7,13.3,5,I,5.2,,,,,,,,,,,,,,,,,,,,,,,,,,,,,,,,,,,,,,,,,,PIPO,,
PIPO 30,6/15/2024 12:55:12 PM,53,True,4,1,84,L,27.7,13.9,6,I,4.2,,,,,,,,,,,,,,,,,,,LICH,,,,,,,,,,,,,,,,,,,,,,,PIPO,,
PIPO 39,6/16/2024 1:03:37 PM,,,,,,,,,,,,,,,,,,,,,,,,,,,,,,,,,,,,,,,,,,,,0.1,0.1,15,Gilmore; Brannfors,Tumicki,,,,,,True,
PIPO 39,6/16/2024 1:03:37 PM,1,True,2,0.5,101,D,14,5,,,,,,,,,,,,,,,,,,,,,,,,,,,,,,,,(D prior),,,,,,,,,,,,,PIPO,,
PIPO 39,6/16/2024 1:03:37 PM,2,True,2,0.5,102,L,14.9,10,,,,,,,,,,,,,,,,,,,,,,,,,,,,,,,,,,,,,,,,,,,,,PIPO,,
PIPO 39,6/16/2024 1:03:37 PM,3,True,1,1,22,D,25.1,4.7,,BAD,,,,,,,,,,,,,,,,,,,,,,,,,,,,,,,,,,,,,,,,,,,PIPO,,
PIPO 39,6/16/2024 1:03:37 PM,4,True,1,1,24,L,52.2,20.9,,C,7.1,,,,,,,,,,,,,,,,,,,LEAN,,ROOT,,BIRD,,,,,,Nest!,,,,,,,,,,,,,PIPO,,
PIPO 39,6/16/2024 1:03:37 PM,5,True,2,1,25,L,21.8,12.8,,I,5.4,,,,,,,,,,,,,,,,,,,,,,,,,,,,,,,,,,,,,,,,,,PIPO,,
PIPO 39,6/16/2024 1:03:37 PM,6,True,2,1,26,L,51.7,20.9,,C,5.5,,,,,,,,,,,,,,,,,,,LEAN,,BIRD,,INSE,,,,,,,,,,,,,,,,,,,PIPO,,
PIPO 39,6/16/2024 1:03:37 PM,7,True,2,1,27,L,59.5,22,,C,5.7,,,,,,,,,,,,,,,,,,,FORK,,,,,,,,,,,,,,,,,,,,,,,PIPO,,
PIPO 39,6/16/2024 1:03:37 PM,8,True,2,1,28,D,45.2,2.6,,BAD,,,,,,,,,,,,,,,,,,,,,,,,,,,,,,,,,,,,,,,,,,,PIPO,,
PIPO 39,6/16/2024 1:03:37 PM,9,True,2,1,29,L,30.6,16.8,,I,9.5,,,,,,,,,,,,,,,,,,,FIRE,,,,,,,,,,,,,,,,,,,,,,,PIPO,,
PIPO 39,6/16/2024 1:03:37 PM,10,True,3,1,30,L,34.8,20.2,,C,10.1,,,,,,,,,,,,,,,,,,,BIRD,,,,,,,,,,,,,,,,,,,,,,,PIPO,,
PIPO 39,6/16/2024 1:03:37 PM,11,True,3,1,31,L,37.7,19.6,,I,1.9,,,,,,,,,,,,,,,,,,,BIRD,,,,,,,,,,,,,,,,,,,,,,,PIPO,,
PIPO 39,6/16/2024 1:03:37 PM,12,True,3,1,32,L,43.1,20.8,,I,7.8,,,,,,,,,,,,,,,,,,,FORK,,BIRD,,,,,,,,,,,,,,,,,,,,,PIPO,,
PIPO 39,6/16/2024 1:03:37 PM,13,True,3,1,33,L,58.2,25.7,,C,7.2,,,,,,,,,,,,,,,,,,,LIGT,,BIRD,,DTOP,,FIRE,,,,,,,,,,,,,,,,,PIPO,,
PIPO 39,6/16/2024 1:03:37 PM,14,True,3,1,34,L,30.3,16.9,,I,7,,,,,,,,,,,,,,,,,,,CROK,,FIRE,,,,,,,,,,,,,,,,,,,,,PIPO,,
PIPO 39,6/16/2024 1:03:37 PM,15,True,4,1,35,L,53.7,22.8,,C,7.8,,,,,,,,,,,,,,,,,,,BIRD,,INSE,,FORK,,FIRE,,,,,,,,,,,,,,,,,PIPO,,
PIPO 39,6/16/2024 1:03:37 PM,16,True,4,1,36,L,43.2,20.4,,C,9.3,,,,,,,,,,,,,,,,,,,LEAN,,FORK,,CROK,,BIRD,,,,,,,,,,,,,,,,,PIPO,,
PIPO 39,6/16/2024 1:03:37 PM,17,True,4,1,37,D,50.7,20.6,,LBS,,,,,,,,,,,,,,,,,,,,,,,,,,,,,,Snag of death,,,,,,,,,,,,,PIPO,,
PIPO 33,6/14/2024 12:58:42 PM,,,,,,,,,,,,,,,,,,,,,,,,,,,,,,,,,,,,,,,,,,,,0.1,0.1,15,Lalor; Tumicki; Garber,Tumicki,,,,,,True,
PIPO 33,6/14/2024 12:58:42 PM,1,True,1,0.5,103,L,10.8,5,,,,,,,,,,,,,,,,,,,,,,,,,,,,,,,,,,,,,,,,,,,,,PIPO,,
PIPO 33,6/14/2024 12:58:42 PM,2,True,1,0.5,104,L,5.6,4,,,,,,,,,,,,,,,,,,,,,,,,,,,,,,,,,,,,,,,,,,,,,JUOS,,
PIPO 33,6/14/2024 12:58:42 PM,3,True,1,0.5,106,L,9.4,7,,,,,,,,,,,,,,,,,,,,,,,,,,,,,,,,,,,,,,,,,,,,,PIED,,
PIPO 33,6/14/2024 12:58:42 PM,4,True,2,0.5,107,L,14.7,10,,,,,,,,,,,,,,,,,,,,,,,,,,,,,,,,,,,,,,,,,,,,,PIED,,
PIPO 33,6/14/2024 12:58:42 PM,5,True,2,0.5,108,L,6.9,5,,,,,,,,,,,,,,,,,,,,,,,,,,,,,,,,,,,,,,,,,,,,,PIED,,
PIPO 33,6/14/2024 12:58:42 PM,6,True,2,0.5,109,D,10.3,6,,,,,,,,,,,,,,,,,,,,,,,,,,,,,,,,,,,,,,,,,,,,,PIED,,
PIPO 33,6/14/2024 12:58:42 PM,7,True,2,0.5,112,L,10.8,7,,,,,,,,,,,,,,,,,,,,,,,,,,,,,,,,,,,,,,,,,,,,,PIED,,
PIPO 33,6/14/2024 12:58:42 PM,8,True,2,0.5,114,L,4.4,4,,,,,,,,,,,,,,,,,,,,,,,,,,,,,,,,,,,,,,,,,,,,,JUOS,,
PIPO 33,6/14/2024 12:58:42 PM,9,True,2,0.5,115,L,2.9,3,,,,,,,,,,,,,,,,,,,,,,,,,,,,,,,,,,,,,,,,,,,,,PIPO,,
PIPO 33,6/14/2024 12:58:42 PM,10,True,1,1,1,L,30.9,13.9,2,I,8,,,,,,,,,,,,,,,,,,,WOND,,,,,,,,,,,,,,,,,,,,,,,PIPO,,
PIPO 33,6/14/2024 12:58:42 PM,11,True,1,1,2,L,48.4,7.8,4,SC,2.2,,,,,,,,,,,,,,,,,,,DTOP,,,,,,,,,,,,,,,,,,,,,,,JUOS,,
PIPO 33,6/14/2024 12:58:42 PM,12,True,1,1,3,L,67.3,11.9,3,I,3.9,,,,,,,,,,,,,,,,,,,BIRD,,MISL,,,,,,,,DRC,,,,,,,,,,,,,JUOS,,
PIPO 33,6/14/2024 12:58:42 PM,13,True,1,1,4,D,19.4,6.1,2,RS,,,,,,,,,,,,,,,,,,,,,,,,,,,,,,,,,,,,,,,,,,,PIED,,
PIPO 33,6/14/2024 12:58:42 PM,14,True,1,1,5,L,23.6,11,3,I,1.4,,,,,,,,,,,,,,,,,,,TWIN,,ROOT,,,,,,,,,,,,,,,,,,,,,PIED,,
PIPO 33,6/14/2024 12:58:42 PM,15,True,1,1,6,L,23.3,10.3,1,SC,6,,,,,,,,,,,,,,,,,,,TWIN,,ROOT,,DTOP,,SPAR,,,,,,,,,,,,,,,,,PIED,,
PIPO 33,6/14/2024 12:58:42 PM,16,True,1,1,105,L,15.2,8.1,,SC,0.6,,,,,,,,,,,,,,,,,,,LEAN,,LICH,,,,,,,,,,,,,,,,,,,,,PIED,,
PIPO 33,6/14/2024 12:58:42 PM,17,True,2,1,8,L,27.3,9.3,4,I,2,,,,,,,,,,,,,,,,,,,,,,,,,,,,,,,,,,,,,,,,,,JUOS,,
PIPO 33,6/14/2024 12:58:42 PM,18,True,2,1,9,L,19.4,8.9,9,SC,0.9,,,,,,,,,,,,,,,,,,,FIRE,,LICH,,,,,,,,,,,,,,,,,,,,,PIED,,
PIPO 33,6/14/2024 12:58:42 PM,19,True,2,1,10,L,26.6,10.9,10,I,4.4,,,,,,,,,,,,,,,,,,,LICH,,WOND,,CROK,,,,,,,,,,,,,,,,,,,PIED,,
PIPO 33,6/14/2024 12:58:42 PM,20,True,2,1,11,L,36,17.4,8,I,3.6,,,,,,,,,,,,,,,,,,,,,,,,,,,,,,,,,,,,,,,,,,PIPO,,
PIPO 33,6/14/2024 12:58:42 PM,21,True,2,1,13,L,56.8,19.7,7,C,6.5,,,,,,,,,,,,,,,,,,,,,,,,,,,,,,,,,,,,,,,,,,PIPO,,
PIPO 33,6/14/2024 12:58:42 PM,22,True,2,1,111,L,16.1,10.5,,SC,4,,,,,,,,,,,,,,,,,,,,,,,,,,,,,,,,,,,,,,,,,,PIPO,,
PIPO 33,6/14/2024 12:58:42 PM,23,True,2,1,113,L,15.9,6.9,,SC,1.5,,,,,,,,,,,,,,,,,,,,,,,,,,,,,,,,,,,,,,,,,,PIPO,,
PIPO 33,6/14/2024 12:58:42 PM,24,True,3,1,14,L,29.6,14.6,6,I,5,,,,,,,,,,,,,,,,,,,,,,,,,,,,,,,,,,,,,,,,,,PIPO,,
PIPO 33,6/14/2024 12:58:42 PM,25,True,3,1,15,L,21,8.1,6,SC,0.9,,,,,,,,,,,,,,,,,,,WOND,,,,,,,,,,,,,,,,,,,,,,,PIED,,
PIPO 33,6/14/2024 12:58:42 PM,26,True,3,1,16,L,53.1,20.3,5,C,4.9,,,,,,,,,,,,,,,,,,,BIRD,,,,,,,,,,,,,,,,,,,,,,,PIPO,,
PIPO 33,6/14/2024 12:58:42 PM,27,True,3,1,20,L,15.5,7.7,,SC,2.5,,,,,,,,,,,,,,,,,,,WOND,,,,,,,,,,,,,,,,,,,,,,,JUOS,,
PIPO 33,6/14/2024 12:58:42 PM,28,True,4,1,18,L,70,16.7,4,C,5,,,,,,,,,,,,,,,,,,,FIRE,,BIRD,,CROK,,,,,,,,,,,,,,,,,,,PIPO,,
PIPO 33,6/14/2024 12:58:42 PM,29,True,4,1,19,L,38.7,8.4,3,SC,1.5,,,,,,,,,,,,,,,,,,,SPAR,,FIRE,,,,,,,,,,,,,,,,,,,,,JUOS,,
PIPO 33,6/14/2024 12:58:42 PM,30,True,4,1,96,L,24.4,10.2,8,SC,2.3,,,,,,,,,,,,,,,,,,,CROK,,,,,,,,,,,,,,,,,,,,,,,PIPO,,
PIPO 29,6/14/2024 12:43:28 PM,,,,,,,,,,,,,,,,,,,,,,,,,,,,,,,,,,,,,,,,,,,,0.1,0.1,15,Gilmore; Lalor; Tumicki; Branfors; Garber,Tumicki,,,,,,True,
PIPO 29,6/14/2024 12:43:28 PM,1,True,1,0.5,169,D,12.5,6,,,,,,,,,,,,,,,,,,,,,,,,,,,,,,,,,,,,,,,,,,,,,PIPO,,
PIPO 29,6/14/2024 12:43:28 PM,2,True,1,0.5,170,D,,,,DD,,,,,,,,,,,,,,,,,,,,,,,,,,,,,,,,,,,,,,,,,,,PIED,,
PIPO 29,6/14/2024 12:43:28 PM,3,True,1,0.5,171,D,,,,DD,,,,,,,,,,,,,,,,,,,,,,,,,,,,,,,,,,,,,,,,,,,PIED,,
PIPO 29,6/14/2024 12:43:28 PM,4,True,1,0.5,172,D,,,,DD,,,,,,,,,,,,,,,,,,,,,,,,,,,,,,,,,,,,,,,,,,,PIED,,
PIPO 29,6/14/2024 12:43:28 PM,5,True,1,0.5,174,D,,,,DD,,,,,,,,,,,,,,,,,,,,,,,,,,,,,,,,,,,,,,,,,,,PIED,,
PIPO 29,6/14/2024 12:43:28 PM,6,True,1,0.5,175,D,14.5,9,,,,,,,,,,,,,,,,,,,,,,,,,,,,,,,,,,,,,,,,,,,,,PIED,,
PIPO 29,6/14/2024 12:43:28 PM,7,True,1,0.5,176,D,3,2,,,,,,,,,,,,,,,,,,,,,,,,,,,,,,,,,,,,,,,,,,,,,PIED,,
PIPO 29,6/14/2024 12:43:28 PM,8,True,1,0.5,205,D,14.5,6,,,,,,,,,,,,,,,,,,,,,,,,,,,,,,,,,,,,,,,,,,,,,PIED,,
PIPO 29,6/14/2024 12:43:28 PM,9,True,1,0.5,206,D,,,,DD,,,,,,,,,,,,,,,,,,,,,,,,,,,,,,,,,,,,,,,,,,,PIED,,
PIPO 29,6/14/2024 12:43:28 PM,10,True,1,0.5,207,D,3.9,2,,,,,,,,,,,,,,,,,,,,,,,,,,,,,,,,,,,,,,,,,,,,,PIED,,
PIPO 29,6/14/2024 12:43:28 PM,11,True,1,0.5,208,D,2.6,3,,,,,,,,,,,,,,,,,,,,,,,,,,,,,,,,tag missing,,,,,,,,,,,,,JUOS,,
PIPO 29,6/14/2024 12:43:28 PM,12,True,1,0.5,209,D,2.5,2,,,,,,,,,,,,,,,,,,,,,,,,,,,,,,,,,,,,,,,,,,,,,JUOS,,
PIPO 29,6/14/2024 12:43:28 PM,13,True,2,0.5,177,L,13.4,7,,,,,,,,,,,,,,,,,,,,,,,,,,,,,,,,,,,,,,,,,,,,,PIPO,,
PIPO 29,6/14/2024 12:43:28 PM,14,True,2,0.5,178,L,13.6,7,,,,,,,,,,,,,,,,,,,,,,,,,,,,,,,,,,,,,,,,,,,,,PIPO,,
PIPO 29,6/14/2024 12:43:28 PM,15,True,2,0.5,179,L,10.1,5,,,,,,,,,,,,,,,,,,,,,,,,,,,,,,,,,,,,,,,,,,,,,PIPO,,
PIPO 29,6/14/2024 12:43:28 PM,16,True,2,0.5,180,D,,,,DD,,,,,,,,,,,,,,,,,,,,,,,,,,,,,,,,,,,,,,,,,,,PIED,,
PIPO 29,6/14/2024 12:43:28 PM,17,True,1,1,1,L,48.3,18.9,,C,6.7,,,,,,,,,,,,,,,,,,,BIRD,,,,,,,,,,,,,,,,,,,,,,,PIPO,,
PIPO 29,6/14/2024 12:43:28 PM,18,True,1,1,2,L,43.2,17.5,,C,9.5,,,,,,,,,,,,,,,,,,,FORK,,,,,,,,,,,,,,,,,,,,,,,PIPO,,
PIPO 29,6/14/2024 12:43:28 PM,19,True,1,1,3,L,53.5,15.8,,C,6.6,,,,,,,,,,,,,,,,,,,,,,,,,,,,,,,,,,,,,,,,,,PIPO,,
PIPO 29,6/14/2024 12:43:28 PM,20,True,1,1,4,D,29.2,7.4,,RS,,,,,,,,,,,,,,,,,,,,,,,,,,,,,,,,,,,,,,,,,,,JUOS,,
PIPO 29,6/14/2024 12:43:28 PM,21,True,1,1,7,D,21.8,10.1,,RS,,,,,,,,,,,,,,,,,,,,,,,,,,,,,,,,,,,,,,,,,,,PIED,,
PIPO 29,6/14/2024 12:43:28 PM,22,True,1,1,8,D,15.5,4.4,,RS,,,,,,,,,,,,,,,,,,,,,,,,,,,,,,,,,,,,,,,,,,,JUOS,,
PIPO 29,6/14/2024 12:43:28 PM,23,True,1,1,9,D,21.9,7.5,,RS,,,,,,,,,,,,,,,,,,,,,,,,,,,,,,MEASURED AT DRC?,,,,,,,,,,,,,JUOS,,
PIPO 29,6/14/2024 12:43:28 PM,24,True,1,1,10,L,40,13.7,,I,7.9,,,,,,,,,,,,,,,,,,,WOND,,BIRD,,,,,,,,,,,,,,,,,,,,,PIPO,,
PIPO 29,6/14/2024 12:43:28 PM,25,True,1,1,173,D,,,,DD,,,,,,,,,,,,,,,,,,,,,,,,,,,,,,,,,,,,,,,,,,,PIED,,
PIPO 29,6/14/2024 12:43:28 PM,26,True,2,1,12,L,34.3,14.9,,I,7.7,,,,,,,,,,,,,,,,,,,BIRD,,LEAN,,,,,,,,,,,,,,,,,,,,,PIPO,,
PIPO 29,6/14/2024 12:43:28 PM,27,True,2,1,13,L,46,18.6,,C,8.5,,,,,,,,,,,,,,,,,,,CROK,,BIRD,,,,,,,,,,,,,,,,,,,,,PIPO,,
PIPO 29,6/14/2024 12:43:28 PM,28,True,3,1,15,L,46.5,13.2,,I,5.1,,,,,,,,,,,,,,,,,,,FORK,,CROK,,BIRD,,,,,,,,,,,,,,,,,,,PIPO,,
PIPO 29,6/14/2024 12:43:28 PM,29,True,3,1,16,D,,,,DD,,,,,,,,,,,,,,,,,,,,,,,,,,,,,,,,,,,,,,,,,,,PIPO,,
PIPO 29,6/14/2024 12:43:28 PM,30,True,3,1,17,L,24.3,11.9,,I,8.2,,,,,,,,,,,,,,,,,,,,,,,,,,,,,,,,,,,,,,,,,,PIPO,,
PIPO 29,6/14/2024 12:43:28 PM,31,True,3,1,18,L,31.6,16.3,,C,8.9,,,,,,,,,,,,,,,,,,,BIRD,,,,,,,,,,,,,,,,,,,,,,,PIPO,,
PIPO 29,6/14/2024 12:43:28 PM,32,True,3,1,19,L,27,12.3,,I,6.9,,,,,,,,,,,,,,,,,,,,,,,,,,,,,,,,,,,,,,,,,,PIPO,,
PIPO 29,6/14/2024 12:43:28 PM,33,True,3,1,88,D,,,,DD,,,,,,,,,,,,,,,,,,,,,,,,,,,,,,,,,,,,,,,,,,,PIPO,,
PIPO 29,6/14/2024 12:43:28 PM,34,True,3,1,100,D,15.5,7.8,,RS,,,,,,,,,,,,,,,,,,,,,,,,,,,,,,,,,,,,,,,,,,,JUOS,,
PIPO 29,6/14/2024 12:43:28 PM,35,True,4,1,20,D,26.3,8.7,,RS,,,,,,,,,,,,,,,,,,,,,,,,,,,,,,,,,,,,,,,,,,,PIED,,
PIPO 29,6/14/2024 12:43:28 PM,36,True,4,1,21,L,43.9,10.3,,SC,2.1,,,,,,,,,,,,,,,,,,,BROK,,FIRE,,BIRD,,,,,,DRC,,,,,,,,,,,,,JUOS,,
PIPO 29,6/14/2024 12:43:28 PM,37,True,4,1,23,D,23.2,7.9,,RS,,,,,,,,,,,,,,,,,,,,,,,,,,,,,,,,,,,,,,,,,,,PIED,,
PIPO 29,6/14/2024 12:43:28 PM,38,True,4,1,24,D,32.1,11.3,,RS,,,,,,,,,,,,,,,,,,,,,,,,,,,,,,,,,,,,,,,,,,,JUOS,,
PIPO 29,6/14/2024 12:43:28 PM,39,True,4,1,25,L,15.8,9.5,,I,6,,,,,,,,,,,,,,,,,,,WOND,,CROK,,,,,,,,,,,,,,,,,,,,,PIPO,,
PIPO 29,6/14/2024 12:43:28 PM,40,True,4,1,99,L,16,9.4,,I,4,,,,,,,,,,,,,,,,,,,,,,,,,,,,,,,,,,,,,,,,,,PIPO,,
PIPO 37,6/16/2024 1:02:01 PM,,,,,,,,,,,,,,,,,,,,,,,,,,,,,,,,,,,,,,,,,,,,0.1,0.1,15,Brannfors; Lalor; Tumicki; Gilmore; Hillyard,Tumicki,,,,,,True,
PIPO 37,6/16/2024 1:02:01 PM,1,True,1,0.5,124,L,13.4,9,,,,,,,,,,,,,,,,,,,,,,,,,,,,,,,,,,,,,,,,,,,,,PIPO,,
PIPO 37,6/16/2024 1:02:01 PM,2,True,1,0.5,140,L,7.3,4,,,,,,,,,,,,,,,,,,,,,,,,,,,,,,,,,,,,,,,,,,,,,PIPO,,
PIPO 37,6/16/2024 1:02:01 PM,3,True,1,0.5,144,L,7,7,,,,,,,,,,,,,,,,,,,,,,,,,,,,,,,,,,,,,,,,,,,,,PIPO,,
PIPO 37,6/16/2024 1:02:01 PM,4,True,1,0.5,145,L,11,9,,,,,,,,,,,,,,,,,,,,,,,,,,,,,,,,,,,,,,,,,,,,,PIPO,,
PIPO 37,6/16/2024 1:02:01 PM,5,True,1,0.5,146,L,14.5,10,,,,,,,,,,,,,,,,,,,,,,,,,,,,,,,,,,,,,,,,,,,,,PIPO,,
PIPO 37,6/16/2024 1:02:01 PM,6,True,1,0.5,148,L,12.8,6,,,,,,,,,,,,,,,,,,,,,,,,,,,,,,,,,,,,,,,,,,,,,PIPO,,
PIPO 37,6/16/2024 1:02:01 PM,7,True,2,0.5,149,L,8.2,6,,,,,,,,,,,,,,,,,,,,,,,,,,,,,,,,,,,,,,,,,,,,,PIPO,,
PIPO 37,6/16/2024 1:02:01 PM,8,True,2,0.5,151,L,8.9,5,,,,,,,,,,,,,,,,,,,,,,,,,,,,,,,,,,,,,,,,,,,,,PIPO,,
PIPO 37,6/16/2024 1:02:01 PM,9,True,2,0.5,153,D,6,3,,,,,,,,,,,,,,,,,,,,,,,,,,,,,,,,,,,,,,,,,,,,,QUGA,,
PIPO 37,6/16/2024 1:02:01 PM,10,True,1,1,61,L,32.1,18.9,6,C,3.9,,,,,,,,,,,,,,,,,,,CROK,,INSE,,,,,,,,,,,,,,,,,,,,,PIPO,,
PIPO 37,6/16/2024 1:02:01 PM,11,True,1,1,62,L,21.9,13.7,2,I,7,,,,,,,,,,,,,,,,,,,INSE,,,,,,,,,,,,,,,,,,,,,,,PIPO,,
PIPO 37,6/16/2024 1:02:01 PM,12,True,1,1,63,L,17.4,14.5,4,I,3,,,,,,,,,,,,,,,,,,,CROK,,LEAN,,,,,,,,,,,,,,,,,,,,,PIPO,,
PIPO 37,6/16/2024 1:02:01 PM,13,True,1,1,64,L,50.2,26.2,6,D,6.9,,,,,,,,,,,,,,,,,,,,,,,,,,,,,,,,,,,,,,,,,,PIPO,,
PIPO 37,6/16/2024 1:02:01 PM,14,True,1,1,65,L,26.9,14.7,5,I,4,,,,,,,,,,,,,,,,,,,,,,,,,,,,,,,,,,,,,,,,,,PIPO,,
PIPO 37,6/16/2024 1:02:01 PM,15,True,1,1,67,L,24.9,16.6,4,C,4.5,,,,,,,,,,,,,,,,,,,,,,,,,,,,,,,,,,,,,,,,,,PIPO,,
PIPO 37,6/16/2024 1:02:01 PM,16,True,1,1,68,L,27.7,17.6,4,C,5.1,,,,,,,,,,,,,,,,,,,TWIN,,INSE,,,,,,,,,,,,,,,,,,,,,PIPO,,
PIPO 37,6/16/2024 1:02:01 PM,17,True,1,1,69,L,26.5,17.7,4,C,4.5,,,,,,,,,,,,,,,,,,,,,,,,,,,,,,,,,,,,,,,,,,PIPO,,
PIPO 37,6/16/2024 1:02:01 PM,18,True,1,1,70,L,37.9,20.1,5,C,5,,,,,,,,,,,,,,,,,,,,,,,,,,,,,,,,,,,,,,,,,,PIPO,,
PIPO 37,6/16/2024 1:02:01 PM,19,True,2,1,71,L,35.5,17.2,5,I,6,,,,,,,,,,,,,,,,,,,CROK,,,,,,,,,,,,,,,,,,,,,,,PIPO,,
PIPO 37,6/16/2024 1:02:01 PM,20,True,2,1,72,L,27.9,12.7,5,I,4.2,,,,,,,,,,,,,,,,,,,,,,,,,,,,,,,,,,,,,,,,,,PIPO,,
PIPO 37,6/16/2024 1:02:01 PM,21,True,2,1,73,L,40.6,24.2,1,C,10.2,,,,,,,,,,,,,,,,,,,CROK,,,,,,,,,,,,,,,,,,,,,,,PIPO,,
PIPO 37,6/16/2024 1:02:01 PM,22,True,2,1,74,L,22.6,5.3,1,SC,4,,,,,,,,,,,,,,,,,,,LEAN,,ABGR,,WOND,,DTOP,,SPAR,,,,,,,,,,,,,,,PIPO,,
PIPO 37,6/16/2024 1:02:01 PM,23,True,2,1,75,L,28.6,14.7,2,I,5.3,,,,,,,,,,,,,,,,,,,CROK,,FORK,,,,,,,,,,,,,,,,,,,,,PIPO,,
PIPO 37,6/16/2024 1:02:01 PM,24,True,2,1,76,D,,,2,DD,,,,,,,,,,,,,,,,,,,,,,,,,,,,,,,,,,,,,,,,,,,PIPO,,
PIPO 37,6/16/2024 1:02:01 PM,25,True,2,1,77,L,40.8,24,5,C,7.5,,,,,,,,,,,,,,,,,,,FORK,,,,,,,,,,,,,,,,,,,,,,,PIPO,,
PIPO 37,6/16/2024 1:02:01 PM,26,True,2,1,78,D,15.1,6,,RS,,,,,,,,,,,,,,,,,,,,,,,,,,,,,,,,,,,,,,,,,,,PIPO,,
PIPO 37,6/16/2024 1:02:01 PM,27,True,2,1,79,L,41.7,23.4,3,C,5.8,,,,,,,,,,,,,,,,,,,CROK,,FORK,,,,,,,,,,,,,,,,,,,,,PIPO,,
PIPO 37,6/16/2024 1:02:01 PM,28,True,2,1,80,L,46.2,24.7,5,C,6.2,,,,,,,,,,,,,,,,,,,,,,,,,,,,,,,,,,,,,,,,,,PIPO,,
PIPO 37,6/16/2024 1:02:01 PM,29,True,2,1,81,L,53.1,25.8,5,C,7.8,,,,,,,,,,,,,,,,,,,,,,,,,,,,,,,,,,,,,,,,,,PIPO,,
PIPO 37,6/16/2024 1:02:01 PM,30,True,3,1,82,L,43.5,22.8,4,C,8.3,,,,,,,,,,,,,,,,,,,,,,,,,,,,,,,,,,,,,,,,,,PIPO,,
PIPO 37,6/16/2024 1:02:01 PM,31,True,3,1,83,L,47,17.2,4,C,9.5,,,,,,,,,,,,,,,,,,,FORK,,CROK,,,,,,,,,,,,,,,,,,,,,PIPO,,
PIPO 37,6/16/2024 1:02:01 PM,32,True,3,1,84,L,35.5,19.4,5,C,5.2,,,,,,,,,,,,,,,,,,,,,,,,,,,,,,,,,,,,,,,,,,PIPO,,
PIPO 37,6/16/2024 1:02:01 PM,33,True,3,1,85,L,24.8,14,5,SC,2,,,,,,,,,,,,,,,,,,,LICH,,,,,,,,,,,,,,,,,,,,,,,PIPO,,
PIPO 37,6/16/2024 1:02:01 PM,34,True,3,1,86,L,22.4,13.2,5,I,2.2,,,,,,,,,,,,,,,,,,,,,,,,,,,,,,,,,,,,,,,,,,PIPO,,
PIPO 37,6/16/2024 1:02:01 PM,35,True,3,1,91,L,22.3,9.9,,SC,2.6,,,,,,,,,,,,,,,,,,,LICH,,,,,,,,,,,,,,,,,,,,,,,PIPO,,
PIPO 37,6/16/2024 1:02:01 PM,36,True,4,1,87,L,49.8,19.2,4,C,6.7,,,,,,,,,,,,,,,,,,,ABGR,,INSE,,,,,,,,,,,,,,,,,,,,,PIPO,,
PIPO 37,6/16/2024 1:02:01 PM,37,True,4,1,88,D,,,,DD,,,,,,,,,,,,,,,,,,,,,,,,,,,,,,,,,,,,,,,,,,,PIPO,,
PIPO 37,6/16/2024 1:02:01 PM,38,True,4,1,89,L,43.7,17.5,2,C,6.7,,,,,,,,,,,,,,,,,,,BROK,,,,,,,,,,,,,,,,,,,,,,,PIPO,,
PIPO 37,6/16/2024 1:02:01 PM,39,True,4,1,90,L,25.6,19.3,5,C,2,,,,,,,,,,,,,,,,,,,INSE,,,,,,,,,,,,,,,,,,,,,,,PIPO,,
PIPO 37,6/16/2024 1:02:01 PM,40,True,4,1,93,L,19,11.5,,SC,2.2,,,,,,,,,,,,,,,,,,,INSE,,,,,,,,,,,,,,,,,,,,,,,PIPO,,
PIPO 37,6/16/2024 1:02:01 PM,41,True,4,1,96,L,16,10.2,,SC,1.7,,,,,,,,,,,,,,,,,,,,,,,,,,,,,,,,,,,,,,,,,,PIPO,,
PIPO 37,6/16/2024 1:02:01 PM,42,True,4,1,97,L,15.6,10.8,,SC,1.8,,,,,,,,,,,,,,,,,,,CROK,,,,,,,,,,,,,,,,,,,,,,,PIPO,,
PIPO 37,6/16/2024 1:02:01 PM,43,True,4,1,98,L,15.1,9.9,,SC,3.6,,,,,,,,,,,,,,,,,,,FORK,,,,,,,,,,,,,,,,,,,,,,,PIPO,,
