MacroPlot.Name,Monitoring.Status,Date,Index,Transect,Azimuth,Slope,OneHr,TenHr,HunHr,FWDFuConSt,Comment,UV1,UV2,UV3,NumTran,OneHrTranLen,TenHrTranLen,HunHrTranLen,FieldTeam,EntryTeam,UV1Desc,UV2Desc,UV3Desc,SaComment,Visited,X
PIAB 20,01Post,10/4/2001 12:00:00 AM,,,,,,,,,,,,,4,6,6,12,,,,,,,True,
PIAB 20,01Post,10/4/2001 12:00:00 AM,1,1,24,2,3,0,1,PIAB,From FMH DFTRANS 1057,,, fuel1_ALL,,,,,,,,,,,,
PIAB 20,01Post,10/4/2001 12:00:00 AM,2,2,147,2,1,2,0,PIAB,From FMH DFTRANS 1057,,, fuel2_ALL,,,,,,,,,,,,
PIAB 20,01Post,10/4/2001 12:00:00 AM,3,3,79,2,1,0,0,PIAB,From FMH DFTRANS 1057,,, fuel3_ALL,,,,,,,,,,,,
PIAB 20,01Post,10/4/2001 12:00:00 AM,4,4,279,6,4,2,0,PIAB,From FMH DFTRANS 1057,,, fuel4_ALL,,,,,,,,,,,,
PIAB 20,01Year1,8/19/2002 12:00:00 AM,,,,,,,,,,,,,4,6,6,12,,,,,,,True,
PIAB 20,01Year1,8/19/2002 12:00:00 AM,1,1,24,2,5,0,1,PIAB,From FMH DFTRANS 1057,,, fuel1_ALL,,,,,,,,,,,,
PIAB 20,01Year1,8/19/2002 12:00:00 AM,2,2,147,2,6,1,0,PIAB,From FMH DFTRANS 1057,,, fuel2_ALL,,,,,,,,,,,,
PIAB 20,01Year1,8/19/2002 12:00:00 AM,3,3,79,2,2,1,0,PIAB,From FMH DFTRANS 1057,,, fuel3_ALL,,,,,,,,,,,,
PIAB 20,01Year1,8/19/2002 12:00:00 AM,4,4,279,6,5,2,0,PIAB,From FMH DFTRANS 1057,,, fuel4_ALL,,,,,,,,,,,,
PIAB 20,01Year2,6/24/2003 12:00:00 AM,,,,,,,,,,,,,4,6,6,12,,,,,,,True,
PIAB 20,01Year2,6/24/2003 12:00:00 AM,1,1,24,2,6,2,0,PIAB,From FMH DFTRANS 1057,,, fuel1_ALL,,,,,,,,,,,,
PIAB 20,01Year2,6/24/2003 12:00:00 AM,2,2,147,2,23,2,0,PIAB,From FMH DFTRANS 1057,,, fuel2_ALL,,,,,,,,,,,,
PIAB 20,01Year2,6/24/2003 12:00:00 AM,3,3,79,2,0,2,0,PIAB,From FMH DFTRANS 1057,,, fuel3_ALL,,,,,,,,,,,,
PIAB 20,01Year2,6/24/2003 12:00:00 AM,4,4,279,6,5,2,1,PIAB,From FMH DFTRANS 1057,,, fuel4_ALL,,,,,,,,,,,,
PIAB 20,01Year5,8/23/2006 12:00:00 AM,,,,,,,,,,,,,4,6,6,12,,,,,,,True,
PIAB 20,01Year5,8/23/2006 12:00:00 AM,1,1,24,2,11,6,1,PIAB,From FMH DFTRANS 1057,,, fuel1_ALL,,,,,,,,,,,,
PIAB 20,01Year5,8/23/2006 12:00:00 AM,2,2,147,2,29,18,0,PIAB,From FMH DFTRANS 1057,,, fuel2_ALL,,,,,,,,,,,,
PIAB 20,01Year5,8/23/2006 12:00:00 AM,3,3,79,2,12,5,2,PIAB,From FMH DFTRANS 1057,,, fuel3_ALL,,,,,,,,,,,,
PIAB 20,01Year5,8/23/2006 12:00:00 AM,4,4,279,6,17,7,2,PIAB,From FMH DFTRANS 1057,,, fuel4_ALL,,,,,,,,,,,,
PIAB 20,02Post,8/26/2009 2:54:09 PM,,,,,,,,,,,,,4,6,6,12,,,,,,,True,
PIAB 20,02Post,8/26/2009 2:54:09 PM,-2147483648,1,24,2,0,0,0,PIAB,,,,,,,,,,,,,,,,
PIAB 20,02Post,8/26/2009 2:54:09 PM,-2147483647,2,147,2,0,0,0,PIAB,,,,,,,,,,,,,,,,
PIAB 20,02Post,8/26/2009 2:54:09 PM,-2147483646,3,79,2,0,0,0,PIAB,,,,,,,,,,,,,,,,
PIAB 20,02Post,8/26/2009 2:54:09 PM,-2147483645,4,279,6,0,0,0,PIAB,,,,,,,,,,,,,,,,
PIAB 20,02Year1,7/12/2010 9:03:03 AM,,,,,,,,,,,,,4,6,6,12,,,,,,,True,
PIAB 20,02Year1,7/12/2010 9:03:03 AM,-2147483648,1,24,2,1,0,0,PIAB,,,,,,,,,,,,,,,,
PIAB 20,02Year1,7/12/2010 9:03:03 AM,-2147483647,2,147,2,0,0,0,PIAB,,,,,,,,,,,,,,,,
PIAB 20,02Year1,7/12/2010 9:03:03 AM,-2147483646,3,79,2,1,0,0,PIAB,,,,,,,,,,,,,,,,
PIAB 20,02Year1,7/12/2010 9:03:03 AM,-2147483645,4,279,6,0,0,0,PIAB,,,,,,,,,,,,,,,,
PIAB 20,02Year2,6/30/2011 1:24:41 PM,,,,,,,,,,,,,4,6,6,12,,,,,,,True,
PIAB 20,02Year2,6/30/2011 1:24:41 PM,-2147483648,1,24,2,1,4,0,PIAB,,,,,,,,,,,,,,,,
PIAB 20,02Year2,6/30/2011 1:24:41 PM,-2147483647,2,147,2,1,0,0,PIAB,,,,,,,,,,,,,,,,
PIAB 20,02Year2,6/30/2011 1:24:41 PM,-2147483646,3,79,2,1,0,0,PIAB,,,,,,,,,,,,,,,,
PIAB 20,02Year2,6/30/2011 1:24:41 PM,-2147483645,4,279,6,2,0,0,PIAB,,,,,,,,,,,,,,,,
PIAB 20,02Year5,8/12/2014 8:29:30 PM,,,,,,,,,,,,,4,6,6,12,Shawcross; Byrne,Ali,,,,,True,
PIAB 20,02Year5,8/12/2014 8:29:30 PM,-2147483648,1,24,2,10,7,8,PIAB,,,,,,,,,,,,,,,,
PIAB 20,02Year5,8/12/2014 8:29:30 PM,-2147483647,2,147,2,0,0,0,PIAB,R of trees @ 7' & 25',,,,,,,,,,,,,,,
PIAB 20,02Year5,8/12/2014 8:29:30 PM,-2147483646,3,79,2,1,1,0,PIAB,,,,,,,,,,,,,,,,
PIAB 20,02Year5,8/12/2014 8:29:30 PM,-2147483645,4,279,6,1,1,0,PIAB,L of BBD @ 30',,,,,,,,,,,,,,,
PIAB 20,03Post,11/22/2017 6:01:36 PM,,,,,,,,,,,,,4,6,6,12,Brannfors; McClure,McClure,,,,,True,
PIAB 20,03Post,11/22/2017 6:01:36 PM,-2147483648,1,24,2,2,7,8,PIAB,L of RONE @ 12'; L of stump @ 22'; btwn RONE & POTR @ 49',,,,,,,,,,,,,,,
PIAB 20,03Post,11/22/2017 6:01:36 PM,-2147483647,2,147,2,0,2,1,PIAB,R of PIPO #30 @ 25',,,,,,,,,,,,,,,
PIAB 20,03Post,11/22/2017 6:01:36 PM,-2147483646,3,79,2,4,0,19,PIAB,2' L of ORIGIN @ 16',,,,,,,,,,,,,,,
PIAB 20,03Post,11/22/2017 6:01:36 PM,-2147483645,4,279,6,0,8,3,PIAB,L of RONE @ 16'; L of BBD & PIPO @ 30'; cross Q1-Q2 tape @ 13m,,,,,,,,,,,,,,,
PIAB 20,03Year1,7/3/2018 3:12:57 PM,,,,,,,,,,,,,4,6,6,12,DANG;KATICH;BENSON,DANG,,,,,True,
PIAB 20,03Year1,7/3/2018 3:12:57 PM,-2147483648,1,24,2,2,6,7,PIAB,L of RONE @ 12'; L of stump @ 22'; btwn RONE & POTR @ 49',,,,,,,,,,,,,,,
PIAB 20,03Year1,7/3/2018 3:12:57 PM,-2147483647,2,147,2,3,2,1,PIAB,R of PIPO #30 @ 25',,,,,,,,,,,,,,,
PIAB 20,03Year1,7/3/2018 3:12:57 PM,-2147483646,3,79,2,1,6,10,PIAB,2' L of ORIGIN @ 16',,,,,,,,,,,,,,,
PIAB 20,03Year1,7/3/2018 3:12:57 PM,-2147483645,4,279,6,8,6,2,PIAB,L of RONE @ 16'; L of BBD & PIPO @ 30'; cross Q1-Q2 tape @ 13m,,,,,,,,,,,,,,,
PIAB 20,03Year2,8/7/2019 12:00:00 PM,,,,,,,,,,,,,4,6,6,12,BRANNFORS,RIOS,,,,,True,
PIAB 20,03Year2,8/7/2019 12:00:00 PM,-2147483648,1,24,2,0,3,8,PIAB,L of RONE @ 12'; L of stump @ 22'; thru RONE @ 36'; btwn RONE & POTR @ 49',,,,,,,,,,,,,,,
PIAB 20,03Year2,8/7/2019 12:00:00 PM,-2147483647,2,147,2,2,1,0,PIAB,Btw stump & RONE @ 7'; R of PIPO #30 @ 25',,,,,,,,,,,,,,,
PIAB 20,03Year2,8/7/2019 12:00:00 PM,-2147483646,3,79,2,1,1,7,PIAB,0.4m L of ORIGIN @ 16',,,,,,,,,,,,,,,
PIAB 20,03Year2,8/7/2019 12:00:00 PM,-2147483645,4,279,6,0,4,2,PIAB,L of RONE @ 16'; R of PIPO #109 @ 27'; L of BBD @ 30'; cross Q1-Q2 tape @ 13.3m; 4B @ base of RONE clump,,,,,,,,,,,,,,,
PIAB 20,03Year5,8/10/2022 11:43:30 AM,,,,,,,,,,,,,4,6,6,12,Coppe,Coppe,,,,,True,
PIAB 20,03Year5,8/10/2022 11:43:30 AM,1,1,24,2,3,2,7,PIAB,L of RONE @ 12'; L of stump @ 22'; thru RONE @ 36'; btwn RONE & POTR @ 49',,,,,,,,,,,,,,,
PIAB 20,03Year5,8/10/2022 11:43:30 AM,2,2,147,2,4,1,1,PIAB,Btw stump & RONE @ 7'; R of PIPO #30 @ 25',,,,,,,,,,,,,,,
PIAB 20,03Year5,8/10/2022 11:43:30 AM,3,3,79,2,0,0,9,PIAB,0.4m L of ORIGIN @ 16',,,,,,,,,,,,,,,
PIAB 20,03Year5,8/10/2022 11:43:30 AM,4,4,279,6,2,3,2,PIAB,L of RONE @ 16'; R of PIPO #105 @ 29'; L of BBD @ 30'; cross Q1-Q2 tape @ 13.3m; 4B @ base of RONE clump,,,,,,,,,,,,,,,
PIAB 20,PR01,6/5/1996 12:00:00 AM,,,,,,,,,,,,,4,6,6,12,,,,,,,True,
PIAB 20,PR01,6/5/1996 12:00:00 AM,1,1,24,2,2,2,1,PIAB,From FMH DFTRANS 1057,,, fuel1_ALL,,,,,,,,,,,,
PIAB 20,PR01,6/5/1996 12:00:00 AM,2,2,147,2,14,8,0,PIAB,From FMH DFTRANS 1057,,, fuel2_ALL,,,,,,,,,,,,
PIAB 20,PR01,6/5/1996 12:00:00 AM,3,3,79,2,9,6,1,PIAB,From FMH DFTRANS 1057,,, fuel3_ALL,,,,,,,,,,,,
PIAB 20,PR01,6/5/1996 12:00:00 AM,4,4,279,6,7,8,0,PIAB,From FMH DFTRANS 1057,,, fuel4_ALL,,,,,,,,,,,,
PIAB 20,Pre,8/25/1999 12:00:00 AM,,,,,,,,,,,,,4,6,6,12,,,,,,,True,
PIAB 20,Pre,8/25/1999 12:00:00 AM,1,1,24,2,4,4,0,PIAB,From FMH DFTRANS 1057,,, fuel1_ALL,,,,,,,,,,,,
PIAB 20,Pre,8/25/1999 12:00:00 AM,2,2,147,2,13,11,0,PIAB,From FMH DFTRANS 1057,,, fuel2_ALL,,,,,,,,,,,,
PIAB 20,Pre,8/25/1999 12:00:00 AM,3,3,79,2,8,5,0,PIAB,From FMH DFTRANS 1057,,, fuel3_ALL,,,,,,,,,,,,
PIAB 20,Pre,8/25/1999 12:00:00 AM,4,4,279,6,26,9,0,PIAB,From FMH DFTRANS 1057,,, fuel4_ALL,,,,,,,,,,,,
PIAB 13,01Post,10/4/2001 12:00:00 AM,,,,,,,,,,,,,4,6,6,12,,,,,,,True,
PIAB 13,01Post,10/4/2001 12:00:00 AM,1,1,230,2,7,5,0,PIAB,From FMH DFTRANS 1057,,, fuel1_ALL,,,,,,,,,,,,
PIAB 13,01Post,10/4/2001 12:00:00 AM,2,2,82,29,0,0,0,PIAB,From FMH DFTRANS 1057,,, fuel2_ALL,,,,,,,,,,,,
PIAB 13,01Post,10/4/2001 12:00:00 AM,3,3,347,2,3,5,3,PIAB,From FMH DFTRANS 1057,,, fuel3_ALL,,,,,,,,,,,,
PIAB 13,01Post,10/4/2001 12:00:00 AM,4,4,6,18,0,2,0,PIAB,From FMH DFTRANS 1057,,, fuel4_ALL,,,,,,,,,,,,
PIAB 13,01Year1,9/2/2002 12:00:00 AM,,,,,,,,,,,,,4,6,6,12,,,,,,,True,
PIAB 13,01Year1,9/2/2002 12:00:00 AM,1,1,230,2,7,6,1,PIAB,From FMH DFTRANS 1057,,, fuel1_ALL,,,,,,,,,,,,
PIAB 13,01Year1,9/2/2002 12:00:00 AM,2,2,82,29,0,0,0,PIAB,From FMH DFTRANS 1057,,, fuel2_ALL,,,,,,,,,,,,
PIAB 13,01Year1,9/2/2002 12:00:00 AM,3,3,347,2,9,9,1,PIAB,From FMH DFTRANS 1057,,, fuel3_ALL,,,,,,,,,,,,
PIAB 13,01Year1,9/2/2002 12:00:00 AM,4,4,6,18,1,2,0,PIAB,From FMH DFTRANS 1057,,, fuel4_ALL,,,,,,,,,,,,
PIAB 13,01Year2,7/31/2003 12:00:00 AM,,,,,,,,,,,,,4,6,6,12,,,,,,,True,
PIAB 13,01Year2,7/31/2003 12:00:00 AM,1,1,230,2,4,4,1,PIAB,From FMH DFTRANS 1057,,, fuel1_ALL,,,,,,,,,,,,
PIAB 13,01Year2,7/31/2003 12:00:00 AM,2,2,82,29,1,1,0,PIAB,From FMH DFTRANS 1057,,, fuel2_ALL,,,,,,,,,,,,
PIAB 13,01Year2,7/31/2003 12:00:00 AM,3,3,347,2,8,7,3,PIAB,From FMH DFTRANS 1057,,, fuel3_ALL,,,,,,,,,,,,
PIAB 13,01Year2,7/31/2003 12:00:00 AM,4,4,6,18,2,1,1,PIAB,From FMH DFTRANS 1057,,, fuel4_ALL,,,,,,,,,,,,
PIAB 13,01Year5,8/1/2006 12:00:00 AM,,,,,,,,,,,,,4,6,6,12,,,,,,,True,
PIAB 13,01Year5,8/1/2006 12:00:00 AM,1,1,230,2,2,3,0,PIAB,From FMH DFTRANS 1057,,, fuel1_ALL,,,,,,,,,,,,
PIAB 13,01Year5,8/1/2006 12:00:00 AM,2,2,82,29,4,5,0,PIAB,From FMH DFTRANS 1057,,, fuel2_ALL,,,,,,,,,,,,
PIAB 13,01Year5,8/1/2006 12:00:00 AM,3,3,347,2,8,5,4,PIAB,From FMH DFTRANS 1057,,, fuel3_ALL,,,,,,,,,,,,
PIAB 13,01Year5,8/1/2006 12:00:00 AM,4,4,6,18,1,4,0,PIAB,From FMH DFTRANS 1057,,, fuel4_ALL,,,,,,,,,,,,
PIAB 13,02Post,8/27/2009 9:25:46 AM,,,,,,,,,,,,,4,6,6,12,,,,,,,True,
PIAB 13,02Post,8/27/2009 9:25:46 AM,-2147483648,1,230,2,0,1,0,PIAB,,,,,,,,,,,,,,,,
PIAB 13,02Post,8/27/2009 9:25:46 AM,-2147483647,2,82,29,2,1,1,PIAB,,,,,,,,,,,,,,,,
PIAB 13,02Post,8/27/2009 9:25:46 AM,-2147483646,3,347,2,0,0,0,PIAB,,,,,,,,,,,,,,,,
PIAB 13,02Post,8/27/2009 9:25:46 AM,-2147483645,4,6,18,0,0,1,PIAB,,,,,,,,,,,,,,,,
PIAB 13,02Year1,7/26/2010 9:36:50 AM,,,,,,,,,,,,,4,6,6,12,,,,,,,True,
PIAB 13,02Year1,7/26/2010 9:36:50 AM,-2147483648,1,230,2,1,1,1,PIAB,,,,,,,,,,,,,,,,
PIAB 13,02Year1,7/26/2010 9:36:50 AM,-2147483647,2,82,29,0,0,3,PIAB,,,,,,,,,,,,,,,,
PIAB 13,02Year1,7/26/2010 9:36:50 AM,-2147483646,3,347,2,0,0,0,PIAB,,,,,,,,,,,,,,,,
PIAB 13,02Year1,7/26/2010 9:36:50 AM,-2147483645,4,6,18,2,0,1,PIAB,,,,,,,,,,,,,,,,
PIAB 13,02Year2,7/19/2011 2:30:56 PM,,,,,,,,,,,,,4,6,6,12,,,,,,,True,
PIAB 13,02Year2,7/19/2011 2:30:56 PM,-2147483648,1,230,2,10,0,0,PIAB,,,,,,,,,,,,,,,,
PIAB 13,02Year2,7/19/2011 2:30:56 PM,-2147483647,2,82,29,1,3,2,PIAB,,,,,,,,,,,,,,,,
PIAB 13,02Year2,7/19/2011 2:30:56 PM,-2147483646,3,347,2,4,0,0,PIAB,,,,,,,,,,,,,,,,
PIAB 13,02Year2,7/19/2011 2:30:56 PM,-2147483645,4,6,18,2,0,1,PIAB,,,,,,,,,,,,,,,,
PIAB 13,02Year5,8/20/2014 1:40:03 PM,,,,,,,,,,,,,4,6,6,12,Ali; Bunn,Ali,,,,,True,
PIAB 13,02Year5,8/20/2014 1:40:03 PM,-2147483648,1,230,2,41,16,4,PIAB,,,,,,,,,,,,,,,,
PIAB 13,02Year5,8/20/2014 1:40:03 PM,-2147483647,2,82,29,13,10,1,PIAB,R of PIPO #58 @ 11'; Two Browns close together-this one on L,,,,,,,,,,,,,,,
PIAB 13,02Year5,8/20/2014 1:40:03 PM,-2147483646,3,347,2,1,1,0,PIAB,R of POTR @ 11'; L of PIPO @ 14',,,,,,,,,,,,,,,
PIAB 13,02Year5,8/20/2014 1:40:03 PM,-2147483645,4,6,18,3,2,1,PIAB,4B R of 2B,,,,,,,,,,,,,,,
PIAB 13,03Post,9/24/2018 9:51:23 AM,,,,,,,,,,,,,4,6,6,12,VAUGHAN; MURDOCH,MURDOCH,,,,,True,
PIAB 13,03Post,9/24/2018 9:51:23 AM,-2147483648,1,230,2,0,1,1,PIAB,,,,,,,,,,,,,,,,
PIAB 13,03Post,9/24/2018 9:51:23 AM,-2147483647,2,82,29,0,2,0,PIAB,R of PIPO #58 @ 11'; Two Browns close together-this one on L,,,,,,,,,,,,,,,
PIAB 13,03Post,9/24/2018 9:51:23 AM,-2147483646,3,347,2,1,10,2,PIAB,R of POTR @ 11'; L of PIPO @ 14',,,,,,,,,,,,,,,
PIAB 13,03Post,9/24/2018 9:51:23 AM,-2147483645,4,6,18,2,4,2,PIAB,4B R of 2B,,,,,,,,,,,,,,,
PIAB 13,03Year1,8/19/2019 11:40:36 AM,,,,,,,,,,,,,4,6,6,12,BYRNE; BRANNFORS,RIOS,,,,,True,
PIAB 13,03Year1,8/19/2019 11:40:36 AM,-2147483648,1,230,2,0,1,0,PIAB,Cross Q3-Q2 tape @ 9.2m; 1B @ base of log,,,,,,,,,,,,,,,
PIAB 13,03Year1,8/19/2019 11:40:36 AM,-2147483647,2,82,29,0,2,1,PIAB,1m R of P1; Two Browns close together-this one on L,,,,,,,,,,,,,,,
PIAB 13,03Year1,8/19/2019 11:40:36 AM,-2147483646,3,347,2,2,17,4,PIAB,btwn POTR snag #32 & stump @ 13',,,,,,,,,,,,,,,
PIAB 13,03Year1,8/19/2019 11:40:36 AM,-2147483645,4,6,18,4,4,2,PIAB,R of POTR poles @ 8' & 25'; 4B R of 2B,,,,,,,,,,,,,,,
PIAB 13,03Year2,8/13/2020 9:08:54 AM,,,,,,,,,,,,,4,6,6,12,BRANNFORS; LALOR,LAKIN,,,,,True,
PIAB 13,03Year2,8/13/2020 9:08:54 AM,-2147483648,1,230,2,1,1,1,PIAB,Cross Q3-Q2 tape @ 9.2m; 1B @ base of log,,,,,,,,,,,,,,,
PIAB 13,03Year2,8/13/2020 9:08:54 AM,-2147483647,2,82,29,0,4,0,PIAB,1m R of P1; Two Browns close together-this one on L,,,,,,,,,,,,,,,
PIAB 13,03Year2,8/13/2020 9:08:54 AM,-2147483646,3,347,2,0,15,4,PIAB,btwn POTR snag #32 & stump @ 13',,,,,,,,,,,,,,,
PIAB 13,03Year2,8/13/2020 9:08:54 AM,-2147483645,4,6,18,4,2,2,PIAB,R of POTR poles @ 25'; cross Q4-Q1 tape @ 31.8m; 4B R of 2B,,,,,,,,,,,,,,,
PIAB 13,03Year5,7/13/2023 12:09:34 PM,,,,,,,,,,,,,4,6,6,12,Brey; Christensen; Tumicki ,Humphrey,,,,,True,
PIAB 13,03Year5,7/13/2023 12:09:34 PM,1,1,230,2,3,1,1,PIAB,Cross Q3-Q2 tape @ 9.2m; 1B @ base of log,,,,,,,,,,,,,,,
PIAB 13,03Year5,7/13/2023 12:09:34 PM,2,2,82,29,0,5,0,PIAB,1m R of P1; Two Browns close together-this one on L,,,,,,,,,,,,,,,
PIAB 13,03Year5,7/13/2023 12:09:34 PM,3,3,347,2,0,11,2,PIAB,btwn POTR snag #32 & stump @ 13',,,,,,,,,,,,,,,
PIAB 13,03Year5,7/13/2023 12:09:34 PM,4,4,6,18,1,1,4,PIAB,R of POTR poles @ 25'; cross Q4-Q1 tape @ 31.8m; 4B R of 2B,,,,,,,,,,,,,,,
PIAB 13,PR01,5/21/1996 12:00:00 AM,,,,,,,,,,,,,4,6,6,12,,,,,,,True,
PIAB 13,PR01,5/21/1996 12:00:00 AM,1,1,230,2,6,3,1,PIAB,From FMH DFTRANS 1057,,, fuel1_ALL,,,,,,,,,,,,
PIAB 13,PR01,5/21/1996 12:00:00 AM,2,2,82,29,9,8,2,PIAB,From FMH DFTRANS 1057,,, fuel2_ALL,,,,,,,,,,,,
PIAB 13,PR01,5/21/1996 12:00:00 AM,3,3,347,2,12,6,2,PIAB,From FMH DFTRANS 1057,,, fuel3_ALL,,,,,,,,,,,,
PIAB 13,PR01,5/21/1996 12:00:00 AM,4,4,6,18,6,10,0,PIAB,From FMH DFTRANS 1057,,, fuel4_ALL,,,,,,,,,,,,
PIAB 13,Pre,7/28/1999 12:00:00 AM,,,,,,,,,,,,,4,6,6,12,,,,,,,True,
PIAB 13,Pre,7/28/1999 12:00:00 AM,1,1,230,2,4,5,0,PIAB,From FMH DFTRANS 1057,,, fuel1_ALL,,,,,,,,,,,,
PIAB 13,Pre,7/28/1999 12:00:00 AM,2,2,82,29,1,9,7,PIAB,From FMH DFTRANS 1057,,, fuel2_ALL,,,,,,,,,,,,
PIAB 13,Pre,7/28/1999 12:00:00 AM,3,3,347,2,6,8,4,PIAB,From FMH DFTRANS 1057,,, fuel3_ALL,,,,,,,,,,,,
PIAB 13,Pre,7/28/1999 12:00:00 AM,4,4,6,18,1,8,0,PIAB,From FMH DFTRANS 1057,,, fuel4_ALL,,,,,,,,,,,,
PIAB 11,01Post,9/23/2004 12:00:00 AM,,,,,,,,,,,,,4,6,6,12,,,,,,,True,
PIAB 11,01Post,9/23/2004 12:00:00 AM,1,1,120,12,6,5,1,PIAB,From FMH DFTRANS 1057,,, fuel1_ALL,,,,,,,,,,,,
PIAB 11,01Post,9/23/2004 12:00:00 AM,2,2,285,13,3,6,1,PIAB,From FMH DFTRANS 1057,,, fuel2_ALL,,,,,,,,,,,,
PIAB 11,01Post,9/23/2004 12:00:00 AM,3,3,239,9,0,1,2,PIAB,From FMH DFTRANS 1057,,, fuel3_ALL,,,,,,,,,,,,
PIAB 11,01Post,9/23/2004 12:00:00 AM,4,4,328,21,0,0,1,PIAB,From FMH DFTRANS 1057,,, fuel4_ALL,,,,,,,,,,,,
PIAB 11,01Year1,7/28/2005 12:00:00 AM,,,,,,,,,,,,,4,6,6,12,,,,,,,True,
PIAB 11,01Year1,7/28/2005 12:00:00 AM,1,1,120,12,4,8,3,PIAB,From FMH DFTRANS 1057,,, fuel1_ALL,,,,,,,,,,,,
PIAB 11,01Year1,7/28/2005 12:00:00 AM,2,2,285,13,0,5,0,PIAB,From FMH DFTRANS 1057,,, fuel2_ALL,,,,,,,,,,,,
PIAB 11,01Year1,7/28/2005 12:00:00 AM,3,3,239,9,2,0,1,PIAB,From FMH DFTRANS 1057,,, fuel3_ALL,,,,,,,,,,,,
PIAB 11,01Year1,7/28/2005 12:00:00 AM,4,4,328,21,2,1,2,PIAB,From FMH DFTRANS 1057,,, fuel4_ALL,,,,,,,,,,,,
PIAB 11,01Year10,8/18/2014 1:37:05 PM,,,,,,,,,,,,,4,6,6,12,Brannfors; Hill,Ali,,,,,True,
PIAB 11,01Year10,8/18/2014 1:37:05 PM,-2147483648,1,120,12,5,4,1,PIAB,,,,,,,,,,,,,,,,
PIAB 11,01Year10,8/18/2014 1:37:05 PM,-2147483647,2,285,13,15,5,2,PIAB,L of dead POTRs @ 42' & 50',,,,,,,,,,,,,,,
PIAB 11,01Year10,8/18/2014 1:37:05 PM,-2147483646,3,239,9,48,19,1,PIAB,R of BAD snag @ 20',,,,,,,,,,,,,,,
PIAB 11,01Year10,8/18/2014 1:37:05 PM,-2147483645,4,328,21,1,3,2,PIAB,4B @ 29m of Q4-Q1 tape,,,,,,,,,,,,,,,
PIAB 11,01Year2,7/3/2006 12:00:00 AM,,,,,,,,,,,,,4,6,6,12,,,,,,,True,
PIAB 11,01Year2,7/3/2006 12:00:00 AM,1,1,120,12,6,5,2,PIAB,From FMH DFTRANS 1057,,, fuel1_ALL,,,,,,,,,,,,
PIAB 11,01Year2,7/3/2006 12:00:00 AM,2,2,285,13,6,4,1,PIAB,From FMH DFTRANS 1057,,, fuel2_ALL,,,,,,,,,,,,
PIAB 11,01Year2,7/3/2006 12:00:00 AM,3,3,239,9,4,4,0,PIAB,From FMH DFTRANS 1057,,, fuel3_ALL,,,,,,,,,,,,
PIAB 11,01Year2,7/3/2006 12:00:00 AM,4,4,328,21,3,0,1,PIAB,From FMH DFTRANS 1057,,, fuel4_ALL,,,,,,,,,,,,
PIAB 11,01Year5,7/13/2009 4:50:24 PM,,,,,,,,,,,,,4,6,6,12,,,,,,,True,
PIAB 11,01Year5,7/13/2009 4:50:24 PM,-2147483648,1,120,12,5,2,2,PIAB,,,,,,,,,,,,,,,,
PIAB 11,01Year5,7/13/2009 4:50:24 PM,-2147483647,2,285,13,3,3,0,PIAB,,,,,,,,,,,,,,,,
PIAB 11,01Year5,7/13/2009 4:50:24 PM,-2147483646,3,239,9,16,5,2,PIAB,,,,,,,,,,,,,,,,
PIAB 11,01Year5,7/13/2009 4:50:24 PM,-2147483645,4,328,21,1,1,2,PIAB,,,,,,,,,,,,,,,,
PIAB 11,PR01,7/14/1993 12:00:00 AM,,,,,,,,,,,,,4,6,6,12,,,,,,,True,
PIAB 11,PR01,7/14/1993 12:00:00 AM,-2147483648,1,120,30,6,5,2,PIAB,,,,,,,,,,,,,,,,
PIAB 11,PR01,7/14/1993 12:00:00 AM,-2147483647,2,285,13,9,2,0,PIAB,,,,,,,,,,,,,,,,
PIAB 11,PR01,7/14/1993 12:00:00 AM,-2147483646,3,239,9,4,4,1,PIAB,,,,,,,,,,,,,,,,
PIAB 11,PR01,7/14/1993 12:00:00 AM,-2147483645,4,328,35,22,6,2,PIAB,,,,,,,,,,,,,,,,
PIAB 11,PR02,7/11/1997 12:00:00 AM,,,,,,,,,,,,,4,6,6,12,,,,,,,True,
PIAB 11,PR02,7/11/1997 12:00:00 AM,1,1,120,12,2,3,2,PIAB,From FMH DFTRANS 1057,,, fuel1_ALL,,,,,,,,,,,,
PIAB 11,PR02,7/11/1997 12:00:00 AM,2,2,285,13,17,14,0,PIAB,From FMH DFTRANS 1057,,, fuel2_ALL,,,,,,,,,,,,
PIAB 11,PR02,7/11/1997 12:00:00 AM,3,3,239,9,3,1,1,PIAB,From FMH DFTRANS 1057,,, fuel3_ALL,,,,,,,,,,,,
PIAB 11,PR02,7/11/1997 12:00:00 AM,4,4,328,21,9,16,2,PIAB,From FMH DFTRANS 1057,,, fuel4_ALL,,,,,,,,,,,,
PIAB 11,PR03,7/7/2000 12:00:00 AM,,,,,,,,,,,,,4,6,6,12,,,,,,,True,
PIAB 11,PR03,7/7/2000 12:00:00 AM,1,1,120,12,4,2,3,PIAB,From FMH DFTRANS 1057,,, fuel1_ALL,,,,,,,,,,,,
PIAB 11,PR03,7/7/2000 12:00:00 AM,2,2,285,13,4,6,1,PIAB,From FMH DFTRANS 1057,,, fuel2_ALL,,,,,,,,,,,,
PIAB 11,PR03,7/7/2000 12:00:00 AM,3,3,239,9,2,2,2,PIAB,From FMH DFTRANS 1057,,, fuel3_ALL,,,,,,,,,,,,
PIAB 11,PR03,7/7/2000 12:00:00 AM,4,4,328,21,17,6,3,PIAB,From FMH DFTRANS 1057,,, fuel4_ALL,,,,,,,,,,,,
PIAB 11,Pre,8/5/2003 12:00:00 AM,,,,,,,,,,,,,4,6,6,12,,,,,,,True,
PIAB 11,Pre,8/5/2003 12:00:00 AM,1,1,120,12,2,3,0,PIAB,From FMH DFTRANS 1057,,, fuel1_ALL,,,,,,,,,,,,
PIAB 11,Pre,8/5/2003 12:00:00 AM,2,2,285,13,7,8,1,PIAB,From FMH DFTRANS 1057,,, fuel2_ALL,,,,,,,,,,,,
PIAB 11,Pre,8/5/2003 12:00:00 AM,3,3,239,9,2,2,1,PIAB,From FMH DFTRANS 1057,,, fuel3_ALL,,,,,,,,,,,,
PIAB 11,Pre,8/5/2003 12:00:00 AM,4,4,328,21,15,7,3,PIAB,From FMH DFTRANS 1057,,, fuel4_ALL,,,,,,,,,,,,
PIAB 02,01Year1,8/9/1999 12:00:00 AM,,,,,,,,,,,,,4,6,6,12,,,,,,,True,
PIAB 02,01Year1,8/9/1999 12:00:00 AM,1,1,42,5,1,2,1,PIAB,From FMH DFTRANS 1057,,, fuel1_ALL,,,,,,,,,,,,
PIAB 02,01Year1,8/9/1999 12:00:00 AM,2,2,172,1,2,3,1,PIAB,From FMH DFTRANS 1057,,, fuel2_ALL,,,,,,,,,,,,
PIAB 02,01Year1,8/9/1999 12:00:00 AM,3,3,4,4,4,2,0,PIAB,From FMH DFTRANS 1057,,, fuel3_ALL,,,,,,,,,,,,
PIAB 02,01Year1,8/9/1999 12:00:00 AM,4,4,46,5,1,2,0,PIAB,From FMH DFTRANS 1057,,, fuel4_ALL,,,,,,,,,,,,
PIAB 02,01Year2,7/7/2000 12:00:00 AM,,,,,,,,,,,,,4,6,6,12,,,,,,,True,
PIAB 02,01Year2,7/7/2000 12:00:00 AM,1,1,42,5,2,5,0,PIAB,From FMH DFTRANS 1057,,, fuel1_ALL,,,,,,,,,,,,
PIAB 02,01Year2,7/7/2000 12:00:00 AM,2,2,172,1,2,2,0,PIAB,From FMH DFTRANS 1057,,, fuel2_ALL,,,,,,,,,,,,
PIAB 02,01Year2,7/7/2000 12:00:00 AM,3,3,4,4,7,4,0,PIAB,From FMH DFTRANS 1057,,, fuel3_ALL,,,,,,,,,,,,
PIAB 02,01Year2,7/7/2000 12:00:00 AM,4,4,46,5,3,4,1,PIAB,From FMH DFTRANS 1057,,, fuel4_ALL,,,,,,,,,,,,
PIAB 02,01Year5,9/15/2003 12:00:00 AM,,,,,,,,,,,,,4,6,6,12,,,,,,,True,
PIAB 02,01Year5,9/15/2003 12:00:00 AM,1,1,42,5,0,4,0,PIAB,From FMH DFTRANS 1057,,, fuel1_ALL,,,,,,,,,,,,
PIAB 02,01Year5,9/15/2003 12:00:00 AM,2,2,172,1,0,2,0,PIAB,From FMH DFTRANS 1057,,, fuel2_ALL,,,,,,,,,,,,
PIAB 02,01Year5,9/15/2003 12:00:00 AM,3,3,4,4,12,3,0,PIAB,From FMH DFTRANS 1057,,, fuel3_ALL,,,,,,,,,,,,
PIAB 02,01Year5,9/15/2003 12:00:00 AM,4,4,46,5,1,7,0,PIAB,From FMH DFTRANS 1057,,, fuel4_ALL,,,,,,,,,,,,
PIAB 02,02Post,9/29/2004 12:00:00 AM,,,,,,,,,,,,,4,6,6,12,,,,,,,True,
PIAB 02,02Post,9/29/2004 12:00:00 AM,1,1,42,5,1,5,0,PIAB,From FMH DFTRANS 1057,,, fuel1_ALL,,,,,,,,,,,,
PIAB 02,02Post,9/29/2004 12:00:00 AM,2,2,172,1,1,1,1,PIAB,From FMH DFTRANS 1057,,, fuel2_ALL,,,,,,,,,,,,
PIAB 02,02Post,9/29/2004 12:00:00 AM,3,3,4,4,5,1,1,PIAB,From FMH DFTRANS 1057,,, fuel3_ALL,,,,,,,,,,,,
PIAB 02,02Post,9/29/2004 12:00:00 AM,4,4,46,5,2,2,0,PIAB,From FMH DFTRANS 1057,,, fuel4_ALL,,,,,,,,,,,,
PIAB 02,02Year1,7/23/2005 12:00:00 AM,,,,,,,,,,,,,4,6,6,12,,,,,,,True,
PIAB 02,02Year1,7/23/2005 12:00:00 AM,1,1,42,5,0,7,0,PIAB,From FMH DFTRANS 1057,,, fuel1_ALL,,,,,,,,,,,,
PIAB 02,02Year1,7/23/2005 12:00:00 AM,2,2,172,1,8,1,0,PIAB,From FMH DFTRANS 1057,,, fuel2_ALL,,,,,,,,,,,,
PIAB 02,02Year1,7/23/2005 12:00:00 AM,3,3,4,4,14,3,0,PIAB,From FMH DFTRANS 1057,,, fuel3_ALL,,,,,,,,,,,,
PIAB 02,02Year1,7/23/2005 12:00:00 AM,4,4,46,5,5,4,0,PIAB,From FMH DFTRANS 1057,,, fuel4_ALL,,,,,,,,,,,,
PIAB 02,02Year10,9/18/2014 1:35:24 PM,,,,,,,,,,,,,4,6,6,12,Moran; Hartsburg,,,,,,True,
PIAB 02,02Year10,9/18/2014 1:35:24 PM,-2147483648,1,42,5,1,3,0,PIAB,,,,,,,,,,,,,,,,
PIAB 02,02Year10,9/18/2014 1:35:24 PM,-2147483647,2,172,1,4,2,0,PIAB,,,,,,,,,,,,,,,,
PIAB 02,02Year10,9/18/2014 1:35:24 PM,-2147483646,3,4,4,11,2,1,PIAB,,,,,,,,,,,,,,,,
PIAB 02,02Year10,9/18/2014 1:35:24 PM,-2147483645,4,46,5,2,6,1,PIAB,,,,,,,,,,,,,,,,
PIAB 02,02Year2,6/30/2006 12:00:00 AM,,,,,,,,,,,,,4,6,6,12,,,,,,,True,
PIAB 02,02Year2,6/30/2006 12:00:00 AM,1,1,42,5,5,6,0,PIAB,From FMH DFTRANS 1057,,, fuel1_ALL,,,,,,,,,,,,
PIAB 02,02Year2,6/30/2006 12:00:00 AM,2,2,172,1,5,1,0,PIAB,From FMH DFTRANS 1057,,, fuel2_ALL,,,,,,,,,,,,
PIAB 02,02Year2,6/30/2006 12:00:00 AM,3,3,4,4,12,3,0,PIAB,From FMH DFTRANS 1057,,, fuel3_ALL,,,,,,,,,,,,
PIAB 02,02Year2,6/30/2006 12:00:00 AM,4,4,46,5,4,1,0,PIAB,From FMH DFTRANS 1057,,, fuel4_ALL,,,,,,,,,,,,
PIAB 02,02Year5,6/23/2009 2:57:13 PM,,,,,,,,,,,,,4,6,6,12,,,,,,,True,
PIAB 02,02Year5,6/23/2009 2:57:13 PM,-2147483648,1,42,5,3,4,0,PIAB,,,,,,,,,,,,,,,,
PIAB 02,02Year5,6/23/2009 2:57:13 PM,-2147483647,2,172,1,2,1,1,PIAB,,,,,,,,,,,,,,,,
PIAB 02,02Year5,6/23/2009 2:57:13 PM,-2147483646,3,4,4,14,9,1,PIAB,,,,,,,,,,,,,,,,
PIAB 02,02Year5,6/23/2009 2:57:13 PM,-2147483645,4,46,5,4,4,0,PIAB,,,,,,,,,,,,,,,,
PIAB 02,PR01,6/21/1993 12:00:00 AM,,,,,,,,,,,,,4,6,6,12,,,,,,,True,
PIAB 02,PR01,6/21/1993 12:00:00 AM,-2147483648,1,42,5,1,5,3,PIAB,,,,,,,,,,,,,,,,
PIAB 02,PR01,6/21/1993 12:00:00 AM,-2147483647,2,172,1,2,4,1,PIAB,,,,,,,,,,,,,,,,
PIAB 02,PR01,6/21/1993 12:00:00 AM,-2147483646,3,4,4,29,9,3,PIAB,,,,,,,,,,,,,,,,
PIAB 02,PR01,6/21/1993 12:00:00 AM,-2147483645,4,46,5,4,8,3,PIAB,,,,,,,,,,,,,,,,
PIAB 02,Pre,7/12/1997 12:00:00 AM,,,,,,,,,,,,,4,6,6,12,,,,,,,True,
PIAB 02,Pre,7/12/1997 12:00:00 AM,1,1,42,5,1,5,4,PIAB,From FMH DFTRANS 1057,,, fuel1_ALL,,,,,,,,,,,,
PIAB 02,Pre,7/12/1997 12:00:00 AM,2,2,172,1,10,9,3,PIAB,From FMH DFTRANS 1057,,, fuel2_ALL,,,,,,,,,,,,
PIAB 02,Pre,7/12/1997 12:00:00 AM,3,3,4,4,14,13,1,PIAB,From FMH DFTRANS 1057,,, fuel3_ALL,,,,,,,,,,,,
PIAB 02,Pre,7/12/1997 12:00:00 AM,4,4,46,5,5,12,3,PIAB,From FMH DFTRANS 1057,,, fuel4_ALL,,,,,,,,,,,,
PIAB 21,01Post,11/5/2007 12:00:00 AM,,,,,,,,,,,,,4,6,6,12,,,,,,,True,
PIAB 21,01Post,11/5/2007 12:00:00 AM,1,1,286,12,0,1,0,PIAB,From FMH DFTRANS 1057,,, fuel1_ALL,,,,,,,,,,,,
PIAB 21,01Post,11/5/2007 12:00:00 AM,2,2,42,16,0,0,0,PIAB,From FMH DFTRANS 1057,,, fuel2_ALL,,,,,,,,,,,,
PIAB 21,01Post,11/5/2007 12:00:00 AM,3,3,224,20,0,0,0,PIAB,From FMH DFTRANS 1057,,, fuel3_ALL,,,,,,,,,,,,
PIAB 21,01Post,11/5/2007 12:00:00 AM,4,4,324,7,1,1,3,PIAB,From FMH DFTRANS 1057,,, fuel4_ALL,,,,,,,,,,,,
PIAB 21,01Year1,7/22/2008 8:17:26 AM,,,,,,,,,,,,,4,6,6,12,,,,,,,True,
PIAB 21,01Year1,7/22/2008 8:17:26 AM,-2147483648,1,286,12,3,7,0,PIAB,,,,,,,,,,,,,,,,
PIAB 21,01Year1,7/22/2008 8:17:26 AM,-2147483647,2,42,16,2,2,0,PIAB,,,,,,,,,,,,,,,,
PIAB 21,01Year1,7/22/2008 8:17:26 AM,-2147483646,3,224,20,0,2,0,PIAB,,,,,,,,,,,,,,,,
PIAB 21,01Year1,7/22/2008 8:17:26 AM,-2147483645,4,324,7,0,2,2,PIAB,,,,,,,,,,,,,,,,
PIAB 21,01Year10,7/12/2017 4:35:56 PM,,,,,,,,,,,,,4,6,6,12,McClure; Coffee; Swan,Talbert,Beefalo,,,,True,
PIAB 21,01Year10,7/12/2017 4:35:56 PM,-2147483648,1,286,12,0,6,3,PIAB,R of PIPO @ 29'; Tag #66,,,,,,,,,,,,,,,
PIAB 21,01Year10,7/12/2017 4:35:56 PM,-2147483647,2,42,16,8,7,1,PIAB,,,,,,,,,,,,,,,,
PIAB 21,01Year10,7/12/2017 4:35:56 PM,-2147483646,3,224,20,0,3,0,PIAB,L of PIPO @ 45'; R of PIPO @ 11' (#161),,,,,,,,,,,,,,,
PIAB 21,01Year10,7/12/2017 4:35:56 PM,-2147483645,4,324,7,3,2,6,PIAB,L of PIPO @ 27'; R of small PIPO @ 19',,,,,,,,,,,,,,,
PIAB 21,01Year2,6/25/2009 8:53:51 AM,,,,,,,,,,,,,4,6,6,12,,,,,,,True,
PIAB 21,01Year2,6/25/2009 8:53:51 AM,-2147483648,1,286,12,5,5,0,PIAB,,,,,,,,,,,,,,,,
PIAB 21,01Year2,6/25/2009 8:53:51 AM,-2147483647,2,42,16,4,3,0,PIAB,,,,,,,,,,,,,,,,
PIAB 21,01Year2,6/25/2009 8:53:51 AM,-2147483646,3,224,20,0,3,0,PIAB,,,,,,,,,,,,,,,,
PIAB 21,01Year2,6/25/2009 8:53:51 AM,-2147483645,4,324,7,1,0,3,PIAB,,,,,,,,,,,,,,,,
PIAB 21,01Year5,7/3/2012 2:13:34 PM,,,,,,,,,,,,,4,6,6,12,,,,,,,True,
PIAB 21,01Year5,7/3/2012 2:13:34 PM,-2147483648,1,286,12,24,13,2,PIAB,,,,,,,,,,,,,,,,
PIAB 21,01Year5,7/3/2012 2:13:34 PM,-2147483647,2,42,16,25,6,0,PIAB,,,,,,,,,,,,,,,,
PIAB 21,01Year5,7/3/2012 2:13:34 PM,-2147483646,3,224,20,1,3,0,PIAB,,,,,,,,,,,,,,,,
PIAB 21,01Year5,7/3/2012 2:13:34 PM,-2147483645,4,324,7,4,3,2,PIAB,,,,,,,,,,,,,,,,
PIAB 21,Pre,9/11/2006 12:00:00 AM,,,,,,,,,,,,,4,6,6,12,,,,,,,True,
PIAB 21,Pre,9/11/2006 12:00:00 AM,1,1,286,12,13,5,2,PIAB,From FMH DFTRANS 1057,,, fuel1_ALL,,,,,,,,,,,,
PIAB 21,Pre,9/11/2006 12:00:00 AM,2,2,42,16,2,4,2,PIAB,From FMH DFTRANS 1057,,, fuel2_ALL,,,,,,,,,,,,
PIAB 21,Pre,9/11/2006 12:00:00 AM,3,3,224,20,0,13,1,PIAB,From FMH DFTRANS 1057,,, fuel3_ALL,,,,,,,,,,,,
PIAB 21,Pre,9/11/2006 12:00:00 AM,4,4,324,7,1,2,4,PIAB,From FMH DFTRANS 1057,,, fuel4_ALL,,,,,,,,,,,,
PIAB 18,01Post,9/7/2001 12:00:00 AM,,,,,,,,,,,,,4,6,6,12,,,,,,,True,
PIAB 18,01Post,9/7/2001 12:00:00 AM,1,1,209,5,0,1,1,PIAB,From FMH DFTRANS 1057,,, fuel1_ALL,,,,,,,,,,,,
PIAB 18,01Post,9/7/2001 12:00:00 AM,2,2,125,14,0,0,2,PIAB,From FMH DFTRANS 1057,,, fuel2_ALL,,,,,,,,,,,,
PIAB 18,01Post,9/7/2001 12:00:00 AM,3,3,1,5,2,1,1,PIAB,From FMH DFTRANS 1057,,, fuel3_ALL,,,,,,,,,,,,
PIAB 18,01Post,9/7/2001 12:00:00 AM,4,4,22,5,0,0,5,PIAB,From FMH DFTRANS 1057,,, fuel4_ALL,,,,,,,,,,,,
PIAB 18,01Year1,8/31/2002 12:00:00 AM,,,,,,,,,,,,,4,6,6,12,,,,,,,True,
PIAB 18,01Year1,8/31/2002 12:00:00 AM,1,1,209,5,2,1,0,PIAB,From FMH DFTRANS 1057,,, fuel1_ALL,,,,,,,,,,,,
PIAB 18,01Year1,8/31/2002 12:00:00 AM,2,2,125,14,1,3,0,PIAB,From FMH DFTRANS 1057,,, fuel2_ALL,,,,,,,,,,,,
PIAB 18,01Year1,8/31/2002 12:00:00 AM,3,3,1,5,3,2,1,PIAB,From FMH DFTRANS 1057,,, fuel3_ALL,,,,,,,,,,,,
PIAB 18,01Year1,8/31/2002 12:00:00 AM,4,4,22,5,0,0,4,PIAB,From FMH DFTRANS 1057,,, fuel4_ALL,,,,,,,,,,,,
PIAB 18,01Year2,9/13/2003 12:00:00 AM,,,,,,,,,,,,,4,6,6,12,,,,,,,True,
PIAB 18,01Year2,9/13/2003 12:00:00 AM,1,1,209,5,5,3,0,PIAB,From FMH DFTRANS 1057,,, fuel1_ALL,,,,,,,,,,,,
PIAB 18,01Year2,9/13/2003 12:00:00 AM,2,2,125,14,3,0,0,PIAB,From FMH DFTRANS 1057,,, fuel2_ALL,,,,,,,,,,,,
PIAB 18,01Year2,9/13/2003 12:00:00 AM,3,3,1,5,5,1,0,PIAB,From FMH DFTRANS 1057,,, fuel3_ALL,,,,,,,,,,,,
PIAB 18,01Year2,9/13/2003 12:00:00 AM,4,4,22,5,3,1,5,PIAB,From FMH DFTRANS 1057,,, fuel4_ALL,,,,,,,,,,,,
PIAB 18,01Year5,8/22/2006 12:00:00 AM,,,,,,,,,,,,,4,6,6,12,,,,,,,True,
PIAB 18,01Year5,8/22/2006 12:00:00 AM,1,1,209,5,5,1,0,PIAB,From FMH DFTRANS 1057,,, fuel1_ALL,,,,,,,,,,,,
PIAB 18,01Year5,8/22/2006 12:00:00 AM,2,2,125,14,8,3,3,PIAB,From FMH DFTRANS 1057,,, fuel2_ALL,,,,,,,,,,,,
PIAB 18,01Year5,8/22/2006 12:00:00 AM,3,3,1,5,14,4,0,PIAB,From FMH DFTRANS 1057,,, fuel3_ALL,,,,,,,,,,,,
PIAB 18,01Year5,8/22/2006 12:00:00 AM,4,4,22,5,80,9,1,PIAB,From FMH DFTRANS 1057,,, fuel4_ALL,,,,,,,,,,,,
PIAB 18,02Post,8/31/2009 2:07:34 PM,,,,,,,,,,,,,4,6,6,12,,,,,,,True,
PIAB 18,02Post,8/31/2009 2:07:34 PM,-2147483648,1,209,5,4,4,0,PIAB,,,,,,,,,,,,,,,,
PIAB 18,02Post,8/31/2009 2:07:34 PM,-2147483647,2,125,14,3,2,2,PIAB,,,,,,,,,,,,,,,,
PIAB 18,02Post,8/31/2009 2:07:34 PM,-2147483646,3,1,5,1,3,2,PIAB,,,,,,,,,,,,,,,,
PIAB 18,02Post,8/31/2009 2:07:34 PM,-2147483645,4,22,5,2,0,2,PIAB,,,,,,,,,,,,,,,,
PIAB 18,02Year1,7/28/2010 4:14:02 PM,,,,,,,,,,,,,4,6,6,12,,,,,,,True,
PIAB 18,02Year1,7/28/2010 4:14:02 PM,-2147483648,1,209,5,8,10,1,PIAB,,,,,,,,,,,,,,,,
PIAB 18,02Year1,7/28/2010 4:14:02 PM,-2147483647,2,125,14,4,2,1,PIAB,,,,,,,,,,,,,,,,
PIAB 18,02Year1,7/28/2010 4:14:02 PM,-2147483646,3,1,5,1,0,2,PIAB,,,,,,,,,,,,,,,,
PIAB 18,02Year1,7/28/2010 4:14:02 PM,-2147483645,4,22,5,9,0,2,PIAB,,,,,,,,,,,,,,,,
PIAB 18,02Year10,8/22/2019 11:21:30 AM,,,,,,,,,,,,,4,6,6,12,KLEIN,RIOS,,,,,True,
PIAB 18,02Year10,8/22/2019 11:21:30 AM,-2147483648,1,209,5,6,2,1,PIAB,L of snag @ 42',,,,,,,,,,,,,,,
PIAB 18,02Year10,8/22/2019 11:21:30 AM,-2147483647,2,125,14,10,5,2,PIAB,,,,,,,,,,,,,,,,
PIAB 18,02Year10,8/22/2019 11:21:30 AM,-2147483646,3,1,5,0,0,2,PIAB,R of twin snags @ 21' and directly over 4B,,,,,,,,,,,,,,,
PIAB 18,02Year10,8/22/2019 11:21:30 AM,-2147483645,4,22,5,2,0,1,PIAB,R of root ball @ 25'; rebar @ 51' just past downed log,,,,,,,,,,,,,,,
PIAB 18,02Year2,7/19/2011 10:55:11 AM,,,,,,,,,,,,,4,6,6,12,,,,,,,True,
PIAB 18,02Year2,7/19/2011 10:55:11 AM,-2147483648,1,209,5,4,2,5,PIAB,,,,,,,,,,,,,,,,
PIAB 18,02Year2,7/19/2011 10:55:11 AM,-2147483647,2,125,14,2,3,2,PIAB,,,,,,,,,,,,,,,,
PIAB 18,02Year2,7/19/2011 10:55:11 AM,-2147483646,3,1,5,1,0,3,PIAB,,,,,,,,,,,,,,,,
PIAB 18,02Year2,7/19/2011 10:55:11 AM,-2147483645,4,22,5,0,0,3,PIAB,,,,,,,,,,,,,,,,
PIAB 18,02Year5,8/20/2014 1:45:28 PM,,,,,,,,,,,,,4,6,6,12,Byrne; Hill,Ali,,,,,True,
PIAB 18,02Year5,8/20/2014 1:45:28 PM,-2147483648,1,209,5,0,1,0,PIAB,L of snag @ 42,,,,,,,,,,,,,,,
PIAB 18,02Year5,8/20/2014 1:45:28 PM,-2147483647,2,125,14,2,0,0,PIAB,,,,,,,,,,,,,,,,
PIAB 18,02Year5,8/20/2014 1:45:28 PM,-2147483646,3,1,5,0,0,2,PIAB,R Of twin snags @ 21 and directly over 4B,,,,,,,,,,,,,,,
PIAB 18,02Year5,8/20/2014 1:45:28 PM,-2147483645,4,22,5,18,4,1,PIAB,R of root ball @ 25',,,,,,,,,,,,,,,
PIAB 18,PR01,5/25/1996 12:00:00 AM,,,,,,,,,,,,,4,6,6,12,,,,,,,True,
PIAB 18,PR01,5/25/1996 12:00:00 AM,1,1,209,5,23,4,2,PIAB,From FMH DFTRANS 1057,,, fuel1_ALL,,,,,,,,,,,,
PIAB 18,PR01,5/25/1996 12:00:00 AM,2,2,125,14,24,10,4,PIAB,From FMH DFTRANS 1057,,, fuel2_ALL,,,,,,,,,,,,
PIAB 18,PR01,5/25/1996 12:00:00 AM,3,3,1,5,26,15,6,PIAB,From FMH DFTRANS 1057,,, fuel3_ALL,,,,,,,,,,,,
PIAB 18,PR01,5/25/1996 12:00:00 AM,4,4,22,5,6,15,8,PIAB,From FMH DFTRANS 1057,,, fuel4_ALL,,,,,,,,,,,,
PIAB 18,Pre,7/23/1999 12:00:00 AM,,,,,,,,,,,,,4,6,6,12,,,,,,,True,
PIAB 18,Pre,7/23/1999 12:00:00 AM,1,1,209,5,28,3,5,PIAB,From FMH DFTRANS 1057,,, fuel1_ALL,,,,,,,,,,,,
PIAB 18,Pre,7/23/1999 12:00:00 AM,2,2,125,14,24,7,5,PIAB,From FMH DFTRANS 1057,,, fuel2_ALL,,,,,,,,,,,,
PIAB 18,Pre,7/23/1999 12:00:00 AM,3,3,1,5,16,7,2,PIAB,From FMH DFTRANS 1057,,, fuel3_ALL,,,,,,,,,,,,
PIAB 18,Pre,7/23/1999 12:00:00 AM,4,4,22,5,9,8,8,PIAB,From FMH DFTRANS 1057,,, fuel4_ALL,,,,,,,,,,,,
PIAB 06,01Post,11/17/2007 12:00:00 AM,,,,,,,,,,,,,4,6,6,12,,,,,,,True,
PIAB 06,01Post,11/17/2007 12:00:00 AM,1,1,273,18,0,0,0,PIAB,From FMH DFTRANS 1057,,, fuel1_ALL,,,,,,,,,,,,
PIAB 06,01Post,11/17/2007 12:00:00 AM,2,2,215,18,3,1,0,PIAB,From FMH DFTRANS 1057,,, fuel2_ALL,,,,,,,,,,,,
PIAB 06,01Post,11/17/2007 12:00:00 AM,3,3,91,18,0,0,0,PIAB,From FMH DFTRANS 1057,,, fuel3_ALL,,,,,,,,,,,,
PIAB 06,01Post,11/17/2007 12:00:00 AM,4,4,318,5,5,4,1,PIAB,From FMH DFTRANS 1057,,, fuel4_ALL,,,,,,,,,,,,
PIAB 06,01Year1,7/30/2008 9:59:57 AM,,,,,,,,,,,,,4,6,6,12,,,,,,,True,
PIAB 06,01Year1,7/30/2008 9:59:57 AM,-2147483648,1,273,18,3,2,0,PIAB,,,,,,,,,,,,,,,,
PIAB 06,01Year1,7/30/2008 9:59:57 AM,-2147483647,2,215,18,6,4,0,PIAB,,,,,,,,,,,,,,,,
PIAB 06,01Year1,7/30/2008 9:59:57 AM,-2147483646,3,91,18,0,0,0,PIAB,,,,,,,,,,,,,,,,
PIAB 06,01Year1,7/30/2008 9:59:57 AM,-2147483645,4,318,5,3,1,0,PIAB,,,,,,,,,,,,,,,,
PIAB 06,01Year10,8/6/2017 3:23:51 PM,,,,,,,,,,,,,4,6,6,12,TALBERT; BRANNFORS,Brannfors,Beefalo,,,,True,
PIAB 06,01Year10,8/6/2017 3:23:51 PM,-2147483648,1,273,18,18,13,0,PIAB,BTWN trees @12'; 1B near P1,,,,,,,,,,,,,,,
PIAB 06,01Year10,8/6/2017 3:23:51 PM,-2147483647,2,215,18,2,5,0,PIAB,R of small PIPO @ 45',,,,,,,,,,,,,,,
PIAB 06,01Year10,8/6/2017 3:23:51 PM,-2147483646,3,91,18,1,1,0,PIAB,,,,,,,,,,,,,,,,
PIAB 06,01Year10,8/6/2017 3:23:51 PM,-2147483645,4,318,5,11,5,2,PIAB,R of ABCO @38',,,,,,,,,,,,,,,
PIAB 06,01Year2,7/21/2009 3:42:48 PM,,,,,,,,,,,,,4,6,6,12,,,,,,,True,
PIAB 06,01Year2,7/21/2009 3:42:48 PM,-2147483648,1,273,18,1,6,0,PIAB,,,,,,,,,,,,,,,,
PIAB 06,01Year2,7/21/2009 3:42:48 PM,-2147483647,2,215,18,5,6,0,PIAB,,,,,,,,,,,,,,,,
PIAB 06,01Year2,7/21/2009 3:42:48 PM,-2147483646,3,91,18,0,1,0,PIAB,,,,,,,,,,,,,,,,
PIAB 06,01Year2,7/21/2009 3:42:48 PM,-2147483645,4,318,5,1,2,0,PIAB,,,,,,,,,,,,,,,,
PIAB 06,01Year5,8/2/2012 11:12:36 AM,,,,,,,,,,,,,4,6,6,12,,,,,,,True,
PIAB 06,01Year5,8/2/2012 11:12:36 AM,-2147483648,1,273,18,15,7,0,PIAB,,,,,,,,,,,,,,,,
PIAB 06,01Year5,8/2/2012 11:12:36 AM,-2147483647,2,215,18,1,10,0,PIAB,,,,,,,,,,,,,,,,
PIAB 06,01Year5,8/2/2012 11:12:36 AM,-2147483646,3,91,18,1,1,0,PIAB,,,,,,,,,,,,,,,,
PIAB 06,01Year5,8/2/2012 11:12:36 AM,-2147483645,4,318,5,1,4,0,PIAB,,,,,,,,,,,,,,,,
PIAB 06,02Post,10/19/2019 2:58:20 PM,,,,,,,,,,,,,4,6,6,12,BRANNFORS; HARDLUND,BRANNFORS,Beefalo,,,,True,
PIAB 06,02Post,10/19/2019 2:58:20 PM,-2147483648,1,273,18,1,7,2,PIAB,R of PIPO @ 14'; 1B near P1,,,,,,,,,,,,,,,
PIAB 06,02Post,10/19/2019 2:58:20 PM,-2147483647,2,215,18,5,5,1,PIAB,L of small PIPO @ 46',,,,,,,,,,,,,,,
PIAB 06,02Post,10/19/2019 2:58:20 PM,-2147483646,3,91,18,1,1,0,PIAB,Cross P1-P2 line @ 13.5m,,,,,,,,,,,,,,,
PIAB 06,02Post,10/19/2019 2:58:20 PM,-2147483642,4,318,5,0,1,0,PIAB,R of big freakin' ABCO @ 38',,,,,,,,,,,,,,,
PIAB 06,02Year1,8/24/2020 11:42:19 AM,,,,,,,,,,,,,4,6,6,12,Lakin; Brannfors,Lakin,Beefalo,,,,True,
PIAB 06,02Year1,8/24/2020 11:42:19 AM,-2147483648,1,273,18,0,8,2,PIAB,R of PIPO @ 14'; 1B near P1,,,,,,,,,,,,,,,
PIAB 06,02Year1,8/24/2020 11:42:19 AM,-2147483647,2,215,18,3,2,0,PIAB,L of small PIPO @ 46',,,,,,,,,,,,,,,
PIAB 06,02Year1,8/24/2020 11:42:19 AM,-2147483646,3,91,18,0,1,0,PIAB,Cross P1-P2 line @ 13.5m,,,,,,,,,,,,,,,
PIAB 06,02Year1,8/24/2020 11:42:19 AM,-2147483645,4,318,5,0,1,0,PIAB,R of big freakin' ABCO @ 38',,,,,,,,,,,,,,,
PIAB 06,02Year2,8/3/2021 3:16:05 PM,,,,,,,,,,,,,4,6,6,12,Lakin,Lakin,Beefalo,,,,True,
PIAB 06,02Year2,8/3/2021 3:16:05 PM,1,1,273,18,5,4,2,PIAB,R of BBD stump @ 14'; 1B near P1,,,,,,,,,,,,,,,
PIAB 06,02Year2,8/3/2021 3:16:05 PM,2,2,215,18,6,3,0,PIAB,L of small PIPO @ 46',,,,,,,,,,,,,,,
PIAB 06,02Year2,8/3/2021 3:16:05 PM,3,3,91,18,1,0,0,PIAB,R of small ABCO @ 10'; cross P1-P2 line @ 13.5m,,,,,,,,,,,,,,,
PIAB 06,02Year2,8/3/2021 3:16:05 PM,4,4,318,5,1,2,0,PIAB,R of big freakin' ABCO @ 38',,,,,,,,,,,,,,,
PIAB 06,PR01,6/30/1993 12:00:00 AM,,,,,,,,,,,,,4,6,6,12,,,,,,,True,
PIAB 06,PR01,6/30/1993 12:00:00 AM,1,1,273,18,13,10,0,PIAB,From FMH DFTRANS 1057,,, fuel1_ALL,,,,,,,,,,,,
PIAB 06,PR01,6/30/1993 12:00:00 AM,2,2,215,18,2,4,0,PIAB,From FMH DFTRANS 1057,,, fuel2_ALL,,,,,,,,,,,,
PIAB 06,PR01,6/30/1993 12:00:00 AM,3,3,91,18,0,0,0,PIAB,From FMH DFTRANS 1057,,, fuel3_ALL,,,,,,,,,,,,
PIAB 06,PR01,6/30/1993 12:00:00 AM,4,4,318,5,2,2,0,PIAB,From FMH DFTRANS 1057,,, fuel4_ALL,,,,,,,,,,,,
PIAB 06,Pre,7/6/2004 12:00:00 AM,,,,,,,,,,,,,4,6,6,12,,,,,,,True,
PIAB 06,Pre,7/6/2004 12:00:00 AM,1,1,273,18,48,14,0,PIAB,From FMH DFTRANS 1057,,, fuel1_ALL,,,,,,,,,,,,
PIAB 06,Pre,7/6/2004 12:00:00 AM,2,2,215,18,2,2,0,PIAB,From FMH DFTRANS 1057,,, fuel2_ALL,,,,,,,,,,,,
PIAB 06,Pre,7/6/2004 12:00:00 AM,3,3,91,18,0,0,0,PIAB,From FMH DFTRANS 1057,,, fuel3_ALL,,,,,,,,,,,,
PIAB 06,Pre,7/6/2004 12:00:00 AM,4,4,318,5,10,5,1,PIAB,From FMH DFTRANS 1057,,, fuel4_ALL,,,,,,,,,,,,
PIAB 05,01Post,7/9/2000 12:00:00 AM,,,,,,,,,,,,,4,6,6,12,,,,,,,True,
PIAB 05,01Post,7/9/2000 12:00:00 AM,1,1,52,2,3,0,0,PIAB,From FMH DFTRANS 1057,,, fuel1_ALL,,,,,,,,,,,,
PIAB 05,01Post,7/9/2000 12:00:00 AM,2,2,188,2,0,0,0,PIAB,From FMH DFTRANS 1057,,, fuel2_ALL,,,,,,,,,,,,
PIAB 05,01Post,7/9/2000 12:00:00 AM,3,3,292,1,0,0,0,PIAB,From FMH DFTRANS 1057,,, fuel3_ALL,,,,,,,,,,,,
PIAB 05,01Post,7/9/2000 12:00:00 AM,4,4,310,0,2,3,3,PIAB,From FMH DFTRANS 1057,,, fuel4_ALL,,,,,,,,,,,,
PIAB 05,01Year1,8/3/2001 12:00:00 AM,,,,,,,,,,,,,4,6,6,12,,,,,,,True,
PIAB 05,01Year1,8/3/2001 12:00:00 AM,1,1,52,2,27,0,0,PIAB,From FMH DFTRANS 1057,,, fuel1_ALL,,,,,,,,,,,,
PIAB 05,01Year1,8/3/2001 12:00:00 AM,2,2,188,2,2,0,0,PIAB,From FMH DFTRANS 1057,,, fuel2_ALL,,,,,,,,,,,,
PIAB 05,01Year1,8/3/2001 12:00:00 AM,3,3,292,1,5,0,0,PIAB,From FMH DFTRANS 1057,,, fuel3_ALL,,,,,,,,,,,,
PIAB 05,01Year1,8/3/2001 12:00:00 AM,4,4,310,0,2,3,2,PIAB,From FMH DFTRANS 1057,,, fuel4_ALL,,,,,,,,,,,,
PIAB 05,01Year10,6/24/2010 9:57:26 AM,,,,,,,,,,,,,4,6,6,12,,,,,,,True,
PIAB 05,01Year10,6/24/2010 9:57:26 AM,-2147483648,1,52,2,16,14,6,PIAB,,,,,,,,,,,,,,,,
PIAB 05,01Year10,6/24/2010 9:57:26 AM,-2147483647,2,188,2,2,6,9,PIAB,,,,,,,,,,,,,,,,
PIAB 05,01Year10,6/24/2010 9:57:26 AM,-2147483646,3,292,1,5,6,5,PIAB,,,,,,,,,,,,,,,,
PIAB 05,01Year10,6/24/2010 9:57:26 AM,-2147483645,4,310,0,2,4,2,PIAB,,,,,,,,,,,,,,,,
PIAB 05,01Year2,7/5/2002 12:00:00 AM,,,,,,,,,,,,,4,6,6,12,,,,,,,True,
PIAB 05,01Year2,7/5/2002 12:00:00 AM,1,1,52,2,18,6,2,PIAB,From FMH DFTRANS 1057,,, fuel1_ALL,,,,,,,,,,,,
PIAB 05,01Year2,7/5/2002 12:00:00 AM,2,2,188,2,4,2,1,PIAB,From FMH DFTRANS 1057,,, fuel2_ALL,,,,,,,,,,,,
PIAB 05,01Year2,7/5/2002 12:00:00 AM,3,3,292,1,9,0,0,PIAB,From FMH DFTRANS 1057,,, fuel3_ALL,,,,,,,,,,,,
PIAB 05,01Year2,7/5/2002 12:00:00 AM,4,4,310,0,2,1,2,PIAB,From FMH DFTRANS 1057,,, fuel4_ALL,,,,,,,,,,,,
PIAB 05,01Year5,9/8/2005 12:00:00 AM,,,,,,,,,,,,,4,6,6,12,,,,,,,True,
PIAB 05,01Year5,9/8/2005 12:00:00 AM,1,1,52,2,46,14,10,PIAB,From FMH DFTRANS 1057,,, fuel1_ALL,,,,,,,,,,,,
PIAB 05,01Year5,9/8/2005 12:00:00 AM,2,2,188,2,21,6,10,PIAB,From FMH DFTRANS 1057,,, fuel2_ALL,,,,,,,,,,,,
PIAB 05,01Year5,9/8/2005 12:00:00 AM,3,3,292,1,27,5,4,PIAB,From FMH DFTRANS 1057,,, fuel3_ALL,,,,,,,,,,,,
PIAB 05,01Year5,9/8/2005 12:00:00 AM,4,4,310,0,5,4,2,PIAB,From FMH DFTRANS 1057,,, fuel4_ALL,,,,,,,,,,,,
PIAB 05,02Post,7/22/2016 8:47:41 AM,,,,,,,,,,,,,4,6,6,12,BRANNFORS;  McCLURE,McCLURE,,,,,True,
PIAB 05,02Post,7/22/2016 8:47:41 AM,-2147483648,1,52,2,0,0,0,PIAB,L of PIPO @ 37',,,,,,,,,,,,,,,
PIAB 05,02Post,7/22/2016 8:47:41 AM,-2147483647,2,188,2,0,0,0,PIAB,,,,,,,,,,,,,,,,
PIAB 05,02Post,7/22/2016 8:47:41 AM,-2147483646,3,292,1,1,0,5,PIAB,L of PIPO @ 12',,,,,,,,,,,,,,,
PIAB 05,02Post,7/22/2016 8:47:41 AM,-2147483645,4,310,0,2,0,5,PIAB,R of PIPO @ 45',,,,,,,,,,,,,,,
PIAB 05,02Year1,8/29/2017 4:04:51 PM,,,,,,,,,,,,,4,6,6,12,McCLURE; RAWDIN,TALBERT,Beefalo,,,,True,
PIAB 05,02Year1,8/29/2017 4:04:51 PM,-2147483648,1,52,2,1,1,0,PIAB,L of PIPO @ 45',,,,,,,,,,,,,,,
PIAB 05,02Year1,8/29/2017 4:04:51 PM,-2147483647,2,188,2,6,0,0,PIAB,,,,,,,,,,,,,,,,
PIAB 05,02Year1,8/29/2017 4:04:51 PM,-2147483646,3,292,1,5,3,0,PIAB,L of PIPO @ 12',,,,,,,,,,,,,,,
PIAB 05,02Year1,8/29/2017 4:04:51 PM,-2147483645,4,310,0,2,5,1,PIAB,R of PIPO @ 45',,,,,,,,,,,,,,,
PIAB 05,02Year2,8/1/2018 9:50:19 AM,,,,,,,,,,,,,4,6,6,12,VAUGHAN,DANG,Beefalo,,,,True,
PIAB 05,02Year2,8/1/2018 9:50:19 AM,-2147483648,1,52,2,0,1,0,PIAB,L of PIPO @ 45',,,,,,,,,,,,,,,
PIAB 05,02Year2,8/1/2018 9:50:19 AM,-2147483647,2,188,2,5,0,0,PIAB,,,,,,,,,,,,,,,,
PIAB 05,02Year2,8/1/2018 9:50:19 AM,-2147483646,3,292,1,2,1,2,PIAB,L of PIPO @ 12',,,,,,,,,,,,,,,
PIAB 05,02Year2,8/1/2018 9:50:19 AM,-2147483645,4,310,0,0,4,2,PIAB,R of PIPO @ 45',,,,,,,,,,,,,,,
PIAB 05,02Year5,8/5/2021 2:30:44 PM,,,,,,,,,,,,,4,6,6,12,Brannfors; Lakin,Lakin,Beefalo,,,,True,
PIAB 05,02Year5,8/5/2021 2:30:44 PM,1,1,52,2,0,1,0,PIAB,L of PIPO @ 45',,,,,,,,,,,,,,,
PIAB 05,02Year5,8/5/2021 2:30:44 PM,2,2,188,2,8,8,1,PIAB,Near 7 m on Q4-Q1 line,,,,,,,,,,,,,,,
PIAB 05,02Year5,8/5/2021 2:30:44 PM,3,3,292,1,2,4,1,PIAB,L of PIPO @ 12',,,,,,,,,,,,,,,
PIAB 05,02Year5,8/5/2021 2:30:44 PM,4,4,310,0,0,7,2,PIAB,R of PIPO @ 45',,,,,,,,,,,,,,,
PIAB 05,PR01,6/26/1993 12:00:00 AM,,,,,,,,,,,,,4,6,6,12,,,,,,,True,
PIAB 05,PR01,6/26/1993 12:00:00 AM,1,1,52,2,29,5,3,PIAB,From FMH DFTRANS 1057,,, fuel1_ALL,,,,,,,,,,,,
PIAB 05,PR01,6/26/1993 12:00:00 AM,2,2,188,2,26,6,2,PIAB,From FMH DFTRANS 1057,,, fuel2_ALL,,,,,,,,,,,,
PIAB 05,PR01,6/26/1993 12:00:00 AM,3,3,292,1,2,4,1,PIAB,From FMH DFTRANS 1057,,, fuel3_ALL,,,,,,,,,,,,
PIAB 05,PR01,6/26/1993 12:00:00 AM,4,4,310,0,13,3,2,PIAB,From FMH DFTRANS 1057,,, fuel4_ALL,,,,,,,,,,,,
PIAB 05,Pre,8/8/1999 12:00:00 AM,,,,,,,,,,,,,4,6,6,12,,,,,,,True,
PIAB 05,Pre,8/8/1999 12:00:00 AM,1,1,52,2,38,20,1,PIAB,From FMH DFTRANS 1057,,, fuel1_ALL,,,,,,,,,,,,
PIAB 05,Pre,8/8/1999 12:00:00 AM,2,2,188,2,14,6,2,PIAB,From FMH DFTRANS 1057,,, fuel2_ALL,,,,,,,,,,,,
PIAB 05,Pre,8/8/1999 12:00:00 AM,3,3,292,1,4,7,6,PIAB,From FMH DFTRANS 1057,,, fuel3_ALL,,,,,,,,,,,,
PIAB 05,Pre,8/8/1999 12:00:00 AM,4,4,310,0,10,6,3,PIAB,From FMH DFTRANS 1057,,, fuel4_ALL,,,,,,,,,,,,
PIAB 03,01Post,7/9/2000 12:00:00 AM,,,,,,,,,,,,,4,6,6,12,,,,,,,True,
PIAB 03,01Post,7/9/2000 12:00:00 AM,1,1,173,1,0,1,0,PIAB,From FMH DFTRANS 1057,,, fuel1_ALL,,,,,,,,,,,,
PIAB 03,01Post,7/9/2000 12:00:00 AM,2,2,229,1,3,0,0,PIAB,From FMH DFTRANS 1057,,, fuel2_ALL,,,,,,,,,,,,
PIAB 03,01Post,7/9/2000 12:00:00 AM,3,3,222,1,0,1,0,PIAB,From FMH DFTRANS 1057,,, fuel3_ALL,,,,,,,,,,,,
PIAB 03,01Post,7/9/2000 12:00:00 AM,4,4,285,1,10,6,0,PIAB,From FMH DFTRANS 1057,,, fuel4_ALL,,,,,,,,,,,,
PIAB 03,01Year1,7/19/2001 12:00:00 AM,,,,,,,,,,,,,4,6,6,12,,,,,,,True,
PIAB 03,01Year1,7/19/2001 12:00:00 AM,1,1,173,1,6,1,0,PIAB,From FMH DFTRANS 1057,,, fuel1_ALL,,,,,,,,,,,,
PIAB 03,01Year1,7/19/2001 12:00:00 AM,2,2,229,1,10,0,0,PIAB,From FMH DFTRANS 1057,,, fuel2_ALL,,,,,,,,,,,,
PIAB 03,01Year1,7/19/2001 12:00:00 AM,3,3,222,1,4,2,0,PIAB,From FMH DFTRANS 1057,,, fuel3_ALL,,,,,,,,,,,,
PIAB 03,01Year1,7/19/2001 12:00:00 AM,4,4,285,1,26,9,0,PIAB,From FMH DFTRANS 1057,,, fuel4_ALL,,,,,,,,,,,,
PIAB 03,01Year10,6/23/2010 10:15:14 AM,,,,,,,,,,,,,4,6,6,12,,,,,,,True,
PIAB 03,01Year10,6/23/2010 10:15:14 AM,-2147483648,1,173,1,12,15,7,PIAB,,,,,,,,,,,,,,,,
PIAB 03,01Year10,6/23/2010 10:15:14 AM,-2147483647,2,229,1,9,16,3,PIAB,,,,,,,,,,,,,,,,
PIAB 03,01Year10,6/23/2010 10:15:14 AM,-2147483646,3,222,1,1,6,1,PIAB,,,,,,,,,,,,,,,,
PIAB 03,01Year10,6/23/2010 10:15:14 AM,-2147483645,4,285,1,2,6,1,PIAB,,,,,,,,,,,,,,,,
PIAB 03,01Year2,7/5/2002 12:00:00 AM,,,,,,,,,,,,,4,6,6,12,,,,,,,True,
PIAB 03,01Year2,7/5/2002 12:00:00 AM,1,1,173,1,10,4,0,PIAB,From FMH DFTRANS 1057,,, fuel1_ALL,,,,,,,,,,,,
PIAB 03,01Year2,7/5/2002 12:00:00 AM,2,2,229,1,5,0,0,PIAB,From FMH DFTRANS 1057,,, fuel2_ALL,,,,,,,,,,,,
PIAB 03,01Year2,7/5/2002 12:00:00 AM,3,3,222,1,6,3,0,PIAB,From FMH DFTRANS 1057,,, fuel3_ALL,,,,,,,,,,,,
PIAB 03,01Year2,7/5/2002 12:00:00 AM,4,4,285,1,8,11,0,PIAB,From FMH DFTRANS 1057,,, fuel4_ALL,,,,,,,,,,,,
PIAB 03,01Year5,8/29/2005 12:00:00 AM,,,,,,,,,,,,,4,6,6,12,,,,,,,True,
PIAB 03,01Year5,8/29/2005 12:00:00 AM,1,1,173,1,30,9,5,PIAB,From FMH DFTRANS 1057,,, fuel1_ALL,,,,,,,,,,,,
PIAB 03,01Year5,8/29/2005 12:00:00 AM,2,2,229,1,8,6,2,PIAB,From FMH DFTRANS 1057,,, fuel2_ALL,,,,,,,,,,,,
PIAB 03,01Year5,8/29/2005 12:00:00 AM,3,3,222,1,13,7,1,PIAB,From FMH DFTRANS 1057,,, fuel3_ALL,,,,,,,,,,,,
PIAB 03,01Year5,8/29/2005 12:00:00 AM,4,4,285,1,15,2,8,PIAB,From FMH DFTRANS 1057,,, fuel4_ALL,,,,,,,,,,,,
PIAB 03,02Post,7/22/2016 8:43:55 AM,,,,,,,,,,,,,4,6,6,12,HAMBY;  McCLURE,McCLURE,,,,,True,
PIAB 03,02Post,7/22/2016 8:43:55 AM,-2147483648,1,173,1,2,5,5,PIAB,,,,,,,,,,,,,,,,
PIAB 03,02Post,7/22/2016 8:43:55 AM,-2147483647,2,229,1,4,2,1,PIAB,2B crushed under log? marked log w/ spray paint,,,,,,,,,,,,,,,
PIAB 03,02Post,7/22/2016 8:43:55 AM,-2147483646,3,222,1,0,1,0,PIAB,3A missing or under a log?,,,,,,,,,,,,,,,
PIAB 03,02Post,7/22/2016 8:43:55 AM,-2147483645,4,285,1,0,0,0,PIAB,4A under log?,,,,,,,,,,,,,,,
PIAB 03,02Year1,8/29/2017 3:02:49 PM,,,,,,,,,,,,,4,6,6,12,MURDOCH; McCLURE,TALBERT,Beefalo,,,,True,
PIAB 03,02Year1,8/29/2017 3:02:49 PM,-2147483648,1,173,1,13,10,2,PIAB,Beware of mistaking 2B for 1B (1B is further uphill),,,,,,,,,,,,,,,
PIAB 03,02Year1,8/29/2017 3:02:49 PM,-2147483647,2,229,1,7,6,3,PIAB,,,,,,,,,,,,,,,,
PIAB 03,02Year1,8/29/2017 3:02:49 PM,-2147483646,3,222,1,1,1,0,PIAB,R of lil' POTR @ 34',,,,,,,,,,,,,,,
PIAB 03,02Year1,8/29/2017 3:02:49 PM,-2147483645,4,285,1,2,0,0,PIAB,L of stump @ 46',,,,,,,,,,,,,,,
PIAB 03,02Year2,8/13/2018 9:35:17 AM,,,,,,,,,,,,,4,6,6,12,Vaughan; Brannfors,Dang,Beefalo,,,,True,
PIAB 03,02Year2,8/13/2018 9:35:17 AM,-2147483648,1,173,1,2,5,4,PIAB,L of POTR @ 5';Beware of mistaking 2B for 1B (1B is further uphill),,,,,,,,,,,,,,,
PIAB 03,02Year2,8/13/2018 9:35:17 AM,-2147483647,2,229,1,1,10,2,PIAB,R of POTR @ 7',,,,,,,,,,,,,,,
PIAB 03,02Year2,8/13/2018 9:35:17 AM,-2147483646,3,222,1,0,1,0,PIAB,R of lil' POTR @ 34',,,,,,,,,,,,,,,
PIAB 03,02Year2,8/13/2018 9:35:17 AM,-2147483645,4,285,1,0,0,0,PIAB,R of POTR's @ 33';  L of stump @ 46',,,,,,,,,,,,,,,
PIAB 03,02Year5,8/5/2021 2:13:07 PM,,,,,,,,,,,,,4,6,6,12,Brannfors; Cierley,Lakin,Beefalo,,,,True,
PIAB 03,02Year5,8/5/2021 2:13:07 PM,0,1,173,1,12,2,3,PIAB,L of POTR @ 5';Beware of mistaking 2B for 1B (1B is closer to Q2-Q3 line),,,,,,,,,,,,,,,
PIAB 03,02Year5,8/5/2021 2:13:07 PM,0,2,229,1,0,2,2,PIAB,R of POTR @ 7',,,,,,,,,,,,,,,
PIAB 03,02Year5,8/5/2021 2:13:07 PM,0,3,222,1,0,1,0,PIAB,L of lil' POTR @ 3',,,,,,,,,,,,,,,
PIAB 03,02Year5,8/5/2021 2:13:07 PM,0,4,285,1,0,0,1,PIAB,R of POTR's/RONE (mess) @ 33';  L of stump @ 46',,,,,,,,,,,,,,,
PIAB 03,PR01,6/22/1993 12:00:00 AM,,,,,,,,,,,,,4,6,6,12,,,,,,,True,
PIAB 03,PR01,6/22/1993 12:00:00 AM,1,1,173,1,6,5,2,PIAB,From FMH DFTRANS 1057,,, fuel1_ALL,,,,,,,,,,,,
PIAB 03,PR01,6/22/1993 12:00:00 AM,2,2,229,1,7,2,1,PIAB,From FMH DFTRANS 1057,,, fuel2_ALL,,,,,,,,,,,,
PIAB 03,PR01,6/22/1993 12:00:00 AM,3,3,222,1,10,3,1,PIAB,From FMH DFTRANS 1057,,, fuel3_ALL,,,,,,,,,,,,
PIAB 03,PR01,6/22/1993 12:00:00 AM,4,4,285,1,42,2,0,PIAB,From FMH DFTRANS 1057,,, fuel4_ALL,,,,,,,,,,,,
PIAB 03,Pre,8/4/1999 12:00:00 AM,,,,,,,,,,,,,4,6,6,12,,,,,,,True,
PIAB 03,Pre,8/4/1999 12:00:00 AM,1,1,173,1,5,9,0,PIAB,From FMH DFTRANS 1057,,, fuel1_ALL,,,,,,,,,,,,
PIAB 03,Pre,8/4/1999 12:00:00 AM,2,2,229,1,5,4,6,PIAB,From FMH DFTRANS 1057,,, fuel2_ALL,,,,,,,,,,,,
PIAB 03,Pre,8/4/1999 12:00:00 AM,3,3,222,1,10,4,0,PIAB,From FMH DFTRANS 1057,,, fuel3_ALL,,,,,,,,,,,,
PIAB 03,Pre,8/4/1999 12:00:00 AM,4,4,285,1,19,3,0,PIAB,From FMH DFTRANS 1057,,, fuel4_ALL,,,,,,,,,,,,
PIAB 15,01Post,10/14/2001 12:00:00 AM,,,,,,,,,,,,,4,6,6,12,,,,,,,True,
PIAB 15,01Post,10/14/2001 12:00:00 AM,1,1,168,7,3,3,1,PIAB,From FMH DFTRANS 1057,,, fuel1_ALL,,,,,,,,,,,,
PIAB 15,01Post,10/14/2001 12:00:00 AM,2,2,7,5,3,2,0,PIAB,From FMH DFTRANS 1057,,, fuel2_ALL,,,,,,,,,,,,
PIAB 15,01Post,10/14/2001 12:00:00 AM,3,3,234,2,2,4,0,PIAB,From FMH DFTRANS 1057,,, fuel3_ALL,,,,,,,,,,,,
PIAB 15,01Post,10/14/2001 12:00:00 AM,4,4,260,0,65,11,2,PIAB,From FMH DFTRANS 1057,,, fuel4_ALL,,,,,,,,,,,,
PIAB 15,01Year1,7/18/2002 12:00:00 AM,,,,,,,,,,,,,4,6,6,12,,,,,,,True,
PIAB 15,01Year1,7/18/2002 12:00:00 AM,1,1,168,7,4,2,1,PIAB,From FMH DFTRANS 1057,,, fuel1_ALL,,,,,,,,,,,,
PIAB 15,01Year1,7/18/2002 12:00:00 AM,2,2,7,5,1,1,0,PIAB,From FMH DFTRANS 1057,,, fuel2_ALL,,,,,,,,,,,,
PIAB 15,01Year1,7/18/2002 12:00:00 AM,3,3,234,2,1,2,0,PIAB,From FMH DFTRANS 1057,,, fuel3_ALL,,,,,,,,,,,,
PIAB 15,01Year1,7/18/2002 12:00:00 AM,4,4,260,0,26,4,2,PIAB,From FMH DFTRANS 1057,,, fuel4_ALL,,,,,,,,,,,,
PIAB 15,01Year2,8/15/2003 12:00:00 AM,,,,,,,,,,,,,4,6,6,12,,,,,,,True,
PIAB 15,01Year2,8/15/2003 12:00:00 AM,1,1,168,7,4,2,0,PIAB,From FMH DFTRANS 1057,,, fuel1_ALL,,,,,,,,,,,,
PIAB 15,01Year2,8/15/2003 12:00:00 AM,2,2,7,5,1,1,0,PIAB,From FMH DFTRANS 1057,,, fuel2_ALL,,,,,,,,,,,,
PIAB 15,01Year2,8/15/2003 12:00:00 AM,3,3,234,2,4,3,0,PIAB,From FMH DFTRANS 1057,,, fuel3_ALL,,,,,,,,,,,,
PIAB 15,01Year2,8/15/2003 12:00:00 AM,4,4,260,0,13,2,1,PIAB,From FMH DFTRANS 1057,,, fuel4_ALL,,,,,,,,,,,,
PIAB 15,01Year5,8/14/2006 12:00:00 AM,,,,,,,,,,,,,4,6,6,12,,,,,,,True,
PIAB 15,01Year5,8/14/2006 12:00:00 AM,1,1,168,7,5,2,0,PIAB,From FMH DFTRANS 1057,,, fuel1_ALL,,,,,,,,,,,,
PIAB 15,01Year5,8/14/2006 12:00:00 AM,2,2,7,5,7,3,0,PIAB,From FMH DFTRANS 1057,,, fuel2_ALL,,,,,,,,,,,,
PIAB 15,01Year5,8/14/2006 12:00:00 AM,3,3,234,2,1,4,0,PIAB,From FMH DFTRANS 1057,,, fuel3_ALL,,,,,,,,,,,,
PIAB 15,01Year5,8/14/2006 12:00:00 AM,4,4,260,0,26,6,1,PIAB,From FMH DFTRANS 1057,,, fuel4_ALL,,,,,,,,,,,,
PIAB 15,02Post,8/26/2009 1:54:10 PM,,,,,,,,,,,,,4,6,6,12,,,,,,,True,
PIAB 15,02Post,8/26/2009 1:54:10 PM,-2147483648,1,168,7,0,0,1,PIAB,,,,,,,,,,,,,,,,
PIAB 15,02Post,8/26/2009 1:54:10 PM,-2147483647,2,7,5,10,5,0,PIAB,,,,,,,,,,,,,,,,
PIAB 15,02Post,8/26/2009 1:54:10 PM,-2147483646,3,234,2,3,13,0,PIAB,,,,,,,,,,,,,,,,
PIAB 15,02Post,8/26/2009 1:54:10 PM,-2147483645,4,260,0,1,0,1,PIAB,,,,,,,,,,,,,,,,
PIAB 15,02Year1,9/7/2010 11:22:18 AM,,,,,,,,,,,,,4,6,6,12,,,,,,,True,
PIAB 15,02Year1,9/7/2010 11:22:18 AM,-2147483648,1,168,7,7,4,1,PIAB,,,,,,,,,,,,,,,,
PIAB 15,02Year1,9/7/2010 11:22:18 AM,-2147483647,2,7,5,9,3,0,PIAB,,,,,,,,,,,,,,,,
PIAB 15,02Year1,9/7/2010 11:22:18 AM,-2147483646,3,234,2,3,14,0,PIAB,,,,,,,,,,,,,,,,
PIAB 15,02Year1,9/7/2010 11:22:18 AM,-2147483645,4,260,0,5,3,0,PIAB,,,,,,,,,,,,,,,,
PIAB 15,02Year2,8/4/2011 1:08:16 PM,,,,,,,,,,,,,4,6,6,12,,,,,,,True,
PIAB 15,02Year2,8/4/2011 1:08:16 PM,-2147483648,1,168,7,10,4,1,PIAB,,,,,,,,,,,,,,,,
PIAB 15,02Year2,8/4/2011 1:08:16 PM,-2147483647,2,7,5,9,4,0,PIAB,,,,,,,,,,,,,,,,
PIAB 15,02Year2,8/4/2011 1:08:16 PM,-2147483646,3,234,2,2,6,0,PIAB,,,,,,,,,,,,,,,,
PIAB 15,02Year2,8/4/2011 1:08:16 PM,-2147483645,4,260,0,7,5,0,PIAB,,,,,,,,,,,,,,,,
PIAB 15,02Year5,8/28/2014 1:41:58 PM,,,,,,,,,,,,,4,6,6,12,Byrne; Hartsburg,,,,,,True,
PIAB 15,02Year5,8/28/2014 1:41:58 PM,-2147483648,1,168,7,7,9,1,PIAB,,,,,,,,,,,,,,,,
PIAB 15,02Year5,8/28/2014 1:41:58 PM,-2147483647,2,7,5,18,7,2,PIAB,Btwn leaner snag and snag of doom,,,,,,,,,,,,,,,
PIAB 15,02Year5,8/28/2014 1:41:58 PM,-2147483646,3,234,2,5,9,0,PIAB,Rebar under log,,,,,,,,,,,,,,,
PIAB 15,02Year5,8/28/2014 1:41:58 PM,-2147483645,4,260,0,7,2,0,PIAB,,,,,,,,,,,,,,,,
PIAB 15,03Post,11/21/2017 7:41:02 AM,,,,,,,,,,,,,4,6,6,12,McClure,McClure,,,,,True,
PIAB 15,03Post,11/21/2017 7:41:02 AM,-2147483648,1,168,7,0,0,0,PIAB,Over log @ 10',,,,,,,,,,,,,,,
PIAB 15,03Post,11/21/2017 7:41:02 AM,-2147483647,2,7,5,3,5,1,PIAB,@ edge of lg stump hole,,,,,,,,,,,,,,,
PIAB 15,03Post,11/21/2017 7:41:02 AM,-2147483646,3,234,2,5,8,0,PIAB,3.5' R of P1 @ 35'; Rebar under log,,,,,,,,,,,,,,,
PIAB 15,03Post,11/21/2017 7:41:02 AM,-2147483645,4,260,0,24,9,0,PIAB,R of ABCO P129 @ 16',,,,,,,,,,,,,,,
PIAB 15,03Year1,6/20/2018 2:52:15 PM,,,,,,,,,,,,,4,6,6,12,BRANNFORS; DANG,DANG,,,,,True,
PIAB 15,03Year1,6/20/2018 2:52:15 PM,-2147483648,1,168,7,0,0,0,PIAB,Under log @ 10'; 1m R of 0P @ 32',,,,,,,,,,,,,,,
PIAB 15,03Year1,6/20/2018 2:52:15 PM,-2147483647,2,7,5,4,1,1,PIAB,@ edge of lg stump hole,,,,,,,,,,,,,,,
PIAB 15,03Year1,6/20/2018 2:52:15 PM,-2147483646,3,234,2,6,15,0,PIAB,3.5' R of P1 @ 35'; Rebar under log,,,,,,,,,,,,,,,
PIAB 15,03Year1,6/20/2018 2:52:15 PM,-2147483645,4,260,0,24,13,1,PIAB,R of ABCO P129 @ 16'; (COUNT PROPPED DEAD ABCO AS FWD/CWD) ,,,,,,,,,,,,,,,
PIAB 15,04Post,9/10/2018 11:21:25 AM,,,,,,,,,,,,,4,6,6,12,VAUGHAN;  MURDOCH,MURDOCH,,,,,True,
PIAB 15,04Post,9/10/2018 11:21:25 AM,-2147483648,1,168,7,1,0,0,PIAB,Under log @ 10'; 1m R of 0P @ 32',,,,,,,,,,,,,,,
PIAB 15,04Post,9/10/2018 11:21:25 AM,-2147483647,2,7,5,0,5,0,PIAB,@ edge of lg stump hole,,,,,,,,,,,,,,,
PIAB 15,04Post,9/10/2018 11:21:25 AM,-2147483646,3,234,2,3,5,1,PIAB,3.5' R of P1 @ 35'; ,,,,,,,,,,,,,,,
PIAB 15,04Post,9/10/2018 11:21:25 AM,-2147483645,4,260,0,18,11,1,PIAB,R of ABCO P129 @ 16'; (COUNT PROPPED DEAD ABCO AS FWD/CWD) ,,,,,,,,,,,,,,,
PIAB 15,04Year1,8/22/2019 10:48:42 AM,,,,,,,,,,,,,4,6,6,12,BRANNFORS,RIOS,,,,,True,
PIAB 15,04Year1,8/22/2019 10:48:42 AM,-2147483648,1,168,7,0,1,0,PIAB,Under log @ 10'; 1m R of 0P @ 32',,,,,,,,,,,,,,,
PIAB 15,04Year1,8/22/2019 10:48:42 AM,-2147483647,2,7,5,3,1,9,PIAB,Through the RONE; @ L edge of lg stump hole,,,,,,,,,,,,,,,
PIAB 15,04Year1,8/22/2019 10:48:42 AM,-2147483646,3,234,2,5,5,1,PIAB,1m R of P1 @ 35',,,,,,,,,,,,,,,
PIAB 15,04Year1,8/22/2019 10:48:42 AM,-2147483645,4,260,0,46,24,0,PIAB,R of ABCO #129 @ 16'; (count propped dead ABCO & branches as FWD/CWD),,,,,,,,,,,,,,,
PIAB 15,04Year2,7/23/2020 10:16:08 AM,,,,,,,,,,,,,4,6,6,12,LALOR,LALOR,BEEFALO,,,,True,
PIAB 15,04Year2,7/23/2020 10:16:08 AM,-2147483648,1,168,7,0,0,0,PIAB,Under log @ 10'; 1m R of 0P @ 32',,,,,,,,,,,,,,,
PIAB 15,04Year2,7/23/2020 10:16:08 AM,-2147483647,2,7,5,4,1,0,PIAB,Through the RONE; @ L edge of lg stump hole,,,,,,,,,,,,,,,
PIAB 15,04Year2,7/23/2020 10:16:08 AM,-2147483646,3,234,2,13,14,1,PIAB,1m R of P1 @ 35',,,,,,,,,,,,,,,
PIAB 15,04Year2,7/23/2020 10:16:08 AM,-2147483645,4,260,0,39,22,1,PIAB,R of ABCO #129 @ 16'; (count propped dead ABCO & branches as FWD/CWD),,,,,,,,,,,,,,,
PIAB 15,04Year5,7/5/2023 12:42:16 PM,,,,,,,,,,,,,4,6,6,12,Brannfors; Brey; Christensen; Tumicki,Humphrey,BEEFALO,,,,True,
PIAB 15,04Year5,7/5/2023 12:42:16 PM,1,1,168,7,0,1,1,PIAB,Under log @ 10'; 1m R of 0P @ 32',,,,,,,,,,,,,,,
PIAB 15,04Year5,7/5/2023 12:42:16 PM,2,2,7,5,3,4,0,PIAB,Through the RONE; @ L edge of lg stump hole,,,,,,,,,,,,,,,
PIAB 15,04Year5,7/5/2023 12:42:16 PM,3,3,234,2,0,5,1,PIAB,1m R of P1 @ 35',,,,,,,,,,,,,,,
PIAB 15,04Year5,7/5/2023 12:42:16 PM,4,4,260,0,17,8,1,PIAB,R of ABCO #129 @ 16'; (count propped dead ABCO & branches as FWD/CWD),,,,,,,,,,,,,,,
PIAB 15,PR01,6/2/1996 12:00:00 AM,,,,,,,,,,,,,4,6,6,12,,,,,,,True,
PIAB 15,PR01,6/2/1996 12:00:00 AM,1,1,168,7,22,8,0,PIAB,From FMH DFTRANS 1057,,, fuel1_ALL,,,,,,,,,,,,
PIAB 15,PR01,6/2/1996 12:00:00 AM,2,2,7,5,8,2,0,PIAB,From FMH DFTRANS 1057,,, fuel2_ALL,,,,,,,,,,,,
PIAB 15,PR01,6/2/1996 12:00:00 AM,3,3,234,2,4,7,0,PIAB,From FMH DFTRANS 1057,,, fuel3_ALL,,,,,,,,,,,,
PIAB 15,PR01,6/2/1996 12:00:00 AM,4,4,260,0,17,4,0,PIAB,From FMH DFTRANS 1057,,, fuel4_ALL,,,,,,,,,,,,
PIAB 15,Pre,8/21/1999 12:00:00 AM,,,,,,,,,,,,,4,6,6,12,,,,,,,True,
PIAB 15,Pre,8/21/1999 12:00:00 AM,1,1,168,7,30,7,2,PIAB,From FMH DFTRANS 1057,,, fuel1_ALL,,,,,,,,,,,,
PIAB 15,Pre,8/21/1999 12:00:00 AM,2,2,7,5,22,4,0,PIAB,From FMH DFTRANS 1057,,, fuel2_ALL,,,,,,,,,,,,
PIAB 15,Pre,8/21/1999 12:00:00 AM,3,3,234,2,1,10,0,PIAB,From FMH DFTRANS 1057,,, fuel3_ALL,,,,,,,,,,,,
PIAB 15,Pre,8/21/1999 12:00:00 AM,4,4,260,0,11,1,0,PIAB,From FMH DFTRANS 1057,,, fuel4_ALL,,,,,,,,,,,,
PIAB 04,01Post,7/9/2000 12:00:00 AM,,,,,,,,,,,,,4,6,6,12,,,,,,,True,
PIAB 04,01Post,7/9/2000 12:00:00 AM,1,1,290,10,0,0,0,PIAB,From FMH DFTRANS 1057,,, fuel1_ALL,,,,,,,,,,,,
PIAB 04,01Post,7/9/2000 12:00:00 AM,2,2,120,10,0,0,2,PIAB,From FMH DFTRANS 1057,,, fuel2_ALL,,,,,,,,,,,,
PIAB 04,01Post,7/9/2000 12:00:00 AM,3,3,40,10,7,0,0,PIAB,From FMH DFTRANS 1057,,, fuel3_ALL,,,,,,,,,,,,
PIAB 04,01Post,7/9/2000 12:00:00 AM,4,4,105,10,0,2,0,PIAB,From FMH DFTRANS 1057,,, fuel4_ALL,,,,,,,,,,,,
PIAB 04,01Year1,7/19/2001 12:00:00 AM,,,,,,,,,,,,,4,6,6,12,,,,,,,True,
PIAB 04,01Year1,7/19/2001 12:00:00 AM,1,1,290,10,2,0,0,PIAB,From FMH DFTRANS 1057,,, fuel1_ALL,,,,,,,,,,,,
PIAB 04,01Year1,7/19/2001 12:00:00 AM,2,2,120,10,7,0,2,PIAB,From FMH DFTRANS 1057,,, fuel2_ALL,,,,,,,,,,,,
PIAB 04,01Year1,7/19/2001 12:00:00 AM,3,3,40,10,16,2,1,PIAB,From FMH DFTRANS 1057,,, fuel3_ALL,,,,,,,,,,,,
PIAB 04,01Year1,7/19/2001 12:00:00 AM,4,4,105,10,1,1,0,PIAB,From FMH DFTRANS 1057,,, fuel4_ALL,,,,,,,,,,,,
PIAB 04,01Year10,6/22/2010 1:14:27 PM,,,,,,,,,,,,,4,6,6,12,,,,,,,True,
PIAB 04,01Year10,6/22/2010 1:14:27 PM,-2147483648,1,290,10,10,6,3,PIAB,,,,,,,,,,,,,,,,
PIAB 04,01Year10,6/22/2010 1:14:27 PM,-2147483647,2,120,10,16,26,2,PIAB,,,,,,,,,,,,,,,,
PIAB 04,01Year10,6/22/2010 1:14:27 PM,-2147483646,3,40,10,22,27,6,PIAB,,,,,,,,,,,,,,,,
PIAB 04,01Year10,6/22/2010 1:14:27 PM,-2147483645,4,105,10,1,6,1,PIAB,,,,,,,,,,,,,,,,
PIAB 04,01Year2,7/3/2002 12:00:00 AM,,,,,,,,,,,,,4,6,6,12,,,,,,,True,
PIAB 04,01Year2,7/3/2002 12:00:00 AM,1,1,290,10,8,2,0,PIAB,From FMH DFTRANS 1057,,, fuel1_ALL,,,,,,,,,,,,
PIAB 04,01Year2,7/3/2002 12:00:00 AM,2,2,120,10,9,2,1,PIAB,From FMH DFTRANS 1057,,, fuel2_ALL,,,,,,,,,,,,
PIAB 04,01Year2,7/3/2002 12:00:00 AM,3,3,40,10,19,2,0,PIAB,From FMH DFTRANS 1057,,, fuel3_ALL,,,,,,,,,,,,
PIAB 04,01Year2,7/3/2002 12:00:00 AM,4,4,105,10,3,4,0,PIAB,From FMH DFTRANS 1057,,, fuel4_ALL,,,,,,,,,,,,
PIAB 04,01Year5,9/7/2005 12:00:00 AM,,,,,,,,,,,,,4,6,6,12,,,,,,,True,
PIAB 04,01Year5,9/7/2005 12:00:00 AM,1,1,290,10,5,11,3,PIAB,From FMH DFTRANS 1057,,, fuel1_ALL,,,,,,,,,,,,
PIAB 04,01Year5,9/7/2005 12:00:00 AM,2,2,120,10,8,12,5,PIAB,From FMH DFTRANS 1057,,, fuel2_ALL,,,,,,,,,,,,
PIAB 04,01Year5,9/7/2005 12:00:00 AM,3,3,40,10,43,21,13,PIAB,From FMH DFTRANS 1057,,, fuel3_ALL,,,,,,,,,,,,
PIAB 04,01Year5,9/7/2005 12:00:00 AM,4,4,105,10,23,10,2,PIAB,From FMH DFTRANS 1057,,, fuel4_ALL,,,,,,,,,,,,
PIAB 04,02Post,7/25/2016 8:46:54 AM,,,,,,,,,,,,,4,6,6,12,ANDERSON; McCLURE,McCLURE,,,,,True,
PIAB 04,02Post,7/25/2016 8:46:54 AM,-2147483648,1,290,10,0,0,0,PIAB,,,,,,,,,,,,,,,,
PIAB 04,02Post,7/25/2016 8:46:54 AM,-2147483647,2,120,10,0,0,0,PIAB,2B UNDER CHARRED LOG,,,,,,,,,,,,,,,
PIAB 04,02Post,7/25/2016 8:46:54 AM,-2147483646,3,40,10,0,0,1,PIAB,LEFT OF LARGE LOG @ 26',,,,,,,,,,,,,,,
PIAB 04,02Post,7/25/2016 8:46:54 AM,-2147483645,4,105,10,0,1,1,PIAB,L OF BAD PIPO @ 29',,,,,,,,,,,,,,,
PIAB 04,02Year1,8/30/2017 3:55:41 PM,,,,,,,,,,,,,4,6,6,12,McCLURE; TALBERT,TALBERT,,,,,True,
PIAB 04,02Year1,8/30/2017 3:55:41 PM,-2147483648,1,290,10,0,0,0,PIAB,L of dead POTR poles @ 50',,,,,,,,,,,,,,,
PIAB 04,02Year1,8/30/2017 3:55:41 PM,-2147483647,2,120,10,0,0,0,PIAB,2B under charred log,,,,,,,,,,,,,,,
PIAB 04,02Year1,8/30/2017 3:55:41 PM,-2147483646,3,40,10,1,9,1,PIAB,L of lg log @ 26',,,,,,,,,,,,,,,
PIAB 04,02Year1,8/30/2017 3:55:41 PM,-2147483645,4,105,10,1,0,0,PIAB,L of BAD PIPO @ 29',,,,,,,,,,,,,,,
PIAB 04,02Year2,8/14/2018 9:49:24 AM,,,,,,,,,,,,,4,6,6,12,Dang; McClure,Dang,,,,,True,
PIAB 04,02Year2,8/14/2018 9:49:24 AM,-2147483648,1,290,20,1,1,0,PIAB,L of dead POTR poles @ 50',,,,,,,,,,,,,,,
PIAB 04,02Year2,8/14/2018 9:49:24 AM,-2147483647,2,120,13,0,0,1,PIAB,2A under charred log; L of SARA @ 12',,,,,,,,,,,,,,,
PIAB 04,02Year2,8/14/2018 9:49:24 AM,-2147483646,3,40,5,0,0,0,PIAB,L of lg log @ 26',,,,,,,,,,,,,,,
PIAB 04,02Year2,8/14/2018 9:49:24 AM,-2147483645,4,105,10,1,0,0,PIAB,L of BAD snag @ 29',,,,,,,,,,,,,,,
PIAB 04,02Year5,10/6/2021 12:17:28 PM,,,,,,,,,,,,,4,6,6,12,Brannfors; Lakin,Muscettola,,,,,True,
PIAB 04,02Year5,10/6/2021 12:17:28 PM,1,1,290,20,3,0,0,PIAB,Cross Q3-Q4 tape @ 4.8 m,,,,,,,,,,,,,,,
PIAB 04,02Year5,10/6/2021 12:17:28 PM,2,2,120,13,2,8,1,PIAB,2A under charred log; L of SARA @ 12'; cross P1-P2 tape @ 12.9 m ,,,,,,,,,,,,,,,
PIAB 04,02Year5,10/6/2021 12:17:28 PM,3,3,40,5,2,0,1,PIAB,L of lg log @ 26'; crosses Q1-Q4 @ 39.3 m,,,,,,,,,,,,,,,
PIAB 04,02Year5,10/6/2021 12:17:28 PM,4,4,105,10,2,0,0,PIAB,L of BAD snag @ 29'; crosses Q1-Q2 @ 13.8 m,,,,,,,,,,,,,,,
PIAB 04,PR01,6/22/1993 12:00:00 AM,,,,,,,,,,,,,4,6,6,12,,,,,,,True,
PIAB 04,PR01,6/22/1993 12:00:00 AM,1,1,290,10,3,2,0,PIAB,From FMH DFTRANS 1057,,, fuel1_ALL,,,,,,,,,,,,
PIAB 04,PR01,6/22/1993 12:00:00 AM,2,2,120,10,18,7,0,PIAB,From FMH DFTRANS 1057,,, fuel2_ALL,,,,,,,,,,,,
PIAB 04,PR01,6/22/1993 12:00:00 AM,3,3,40,10,21,8,9,PIAB,From FMH DFTRANS 1057,,, fuel3_ALL,,,,,,,,,,,,
PIAB 04,PR01,6/22/1993 12:00:00 AM,4,4,105,10,0,2,1,PIAB,From FMH DFTRANS 1057,,, fuel4_ALL,,,,,,,,,,,,
PIAB 04,Pre,8/22/1999 12:00:00 AM,,,,,,,,,,,,,4,6,6,12,,,,,,,True,
PIAB 04,Pre,8/22/1999 12:00:00 AM,1,1,290,10,2,4,2,PIAB,From FMH DFTRANS 1057,,, fuel1_ALL,,,,,,,,,,,,
PIAB 04,Pre,8/22/1999 12:00:00 AM,2,2,120,10,14,11,6,PIAB,From FMH DFTRANS 1057,,, fuel2_ALL,,,,,,,,,,,,
PIAB 04,Pre,8/22/1999 12:00:00 AM,3,3,40,10,11,4,0,PIAB,From FMH DFTRANS 1057,,, fuel3_ALL,,,,,,,,,,,,
PIAB 04,Pre,8/22/1999 12:00:00 AM,4,4,105,10,1,7,0,PIAB,From FMH DFTRANS 1057,,, fuel4_ALL,,,,,,,,,,,,
PIAB 23,PR01,6/9/1996 12:00:00 AM,,,,,,,,,,,,,4,6,6,12,,,,,,,True,
PIAB 23,PR01,6/9/1996 12:00:00 AM,1,1,237,15,9,2,1,PIAB,From FMH DFTRANS 1057,,, fuel1_ALL,,,,,,,,,,,,
PIAB 23,PR01,6/9/1996 12:00:00 AM,2,2,343,3,15,12,2,PIAB,From FMH DFTRANS 1057,,, fuel2_ALL,,,,,,,,,,,,
PIAB 23,PR01,6/9/1996 12:00:00 AM,3,3,61,14,51,13,2,PIAB,From FMH DFTRANS 1057,,, fuel3_ALL,,,,,,,,,,,,
PIAB 23,PR01,6/9/1996 12:00:00 AM,4,4,160,5,11,2,5,PIAB,From FMH DFTRANS 1057,,, fuel4_ALL,,,,,,,,,,,,
PIAB 23,PR02,9/19/1999 12:00:00 AM,,,,,,,,,,,,,4,6,6,12,,,,,,,True,
PIAB 23,PR02,9/19/1999 12:00:00 AM,1,1,237,15,2,7,2,PIAB,From FMH DFTRANS 1057,,, fuel1_ALL,,,,,,,,,,,,
PIAB 23,PR02,9/19/1999 12:00:00 AM,2,2,343,3,10,7,4,PIAB,From FMH DFTRANS 1057,,, fuel2_ALL,,,,,,,,,,,,
PIAB 23,PR02,9/19/1999 12:00:00 AM,3,3,61,14,36,14,1,PIAB,From FMH DFTRANS 1057,,, fuel3_ALL,,,,,,,,,,,,
PIAB 23,PR02,9/19/1999 12:00:00 AM,4,4,160,5,2,2,2,PIAB,From FMH DFTRANS 1057,,, fuel4_ALL,,,,,,,,,,,,
PIAB 23,PR03,7/8/2005 12:00:00 AM,,,,,,,,,,,,,4,6,6,12,,,,,,,True,
PIAB 23,PR03,7/8/2005 12:00:00 AM,1,1,237,15,9,3,1,PIAB,From FMH DFTRANS 1057,,, fuel1_ALL,,,,,,,,,,,,
PIAB 23,PR03,7/8/2005 12:00:00 AM,2,2,343,3,19,20,4,PIAB,From FMH DFTRANS 1057,,, fuel2_ALL,,,,,,,,,,,,
PIAB 23,PR03,7/8/2005 12:00:00 AM,3,3,61,14,25,9,1,PIAB,From FMH DFTRANS 1057,,, fuel3_ALL,,,,,,,,,,,,
PIAB 23,PR03,7/8/2005 12:00:00 AM,4,4,160,5,5,3,3,PIAB,From FMH DFTRANS 1057,,, fuel4_ALL,,,,,,,,,,,,
PIAB 23,PR04,8/3/2010 9:22:09 AM,,,,,,,,,,,,,4,6,6,12,,,,,,,True,
PIAB 23,PR04,8/3/2010 9:22:09 AM,-2147483648,1,237,15,7,3,1,PIAB,,,,,,,,,,,,,,,,
PIAB 23,PR04,8/3/2010 9:22:09 AM,-2147483647,2,343,3,6,6,4,PIAB,,,,,,,,,,,,,,,,
PIAB 23,PR04,8/3/2010 9:22:09 AM,-2147483646,3,61,14,14,6,1,PIAB,,,,,,,,,,,,,,,,
PIAB 23,PR04,8/3/2010 9:22:09 AM,-2147483645,4,160,5,1,2,2,PIAB,,,,,,,,,,,,,,,,
PIAB 23,PR05,9/24/2015 5:36:40 PM,,,,,,,,,,,,,4,6,6,12,KOEHLER;  LEACH,HAMBY,beefalo,,,,True,
PIAB 23,PR05,9/24/2015 5:36:40 PM,-2147483648,1,237,15,14,8,2,PIAB,,,,,,,,,,,,,,,,
PIAB 23,PR05,9/24/2015 5:36:40 PM,-2147483647,2,343,3,23,8,3,PIAB,,,,,,,,,,,,,,,,
PIAB 23,PR05,9/24/2015 5:36:40 PM,-2147483646,3,61,14,8,2,1,PIAB,,,,,,,,,,,,,,,,
PIAB 23,PR05,9/24/2015 5:36:40 PM,-2147483645,4,160,5,13,0,4,PIAB,,,,,,,,,,,,,,,,
PIAB 23,Pre,8/9/2022 4:46:50 PM,,,,,,,,,,,,,4,6,6,12,Humphrey; Brannfors,Coppe,beefalo,,,,True,
PIAB 23,Pre,8/9/2022 4:46:50 PM,1,1,237,15,2,0,1,PIAB,R of ABCO at 6ft; L of ABCO snag at 13.5ft; L of ABCO #11 @ 34' ,,,,,,,,,,,,,,,
PIAB 23,Pre,8/9/2022 4:46:50 PM,2,2,343,3,15,10,6,PIAB,L of lil ABCO @ 3'; L of lil ABCO @ 12'; R of twin lil ABCOs @ 17'; L of lil PIEN @ 31',,,,,,,,,,,,,,,
PIAB 23,Pre,8/9/2022 4:46:50 PM,3,3,61,14,6,4,1,PIAB,R of ABCO # 85 at 15; R of ABCO #p186 at 35,,,,,,,,,,,,,,,
PIAB 23,Pre,8/9/2022 4:46:50 PM,4,4,160,5,5,8,1,PIAB,R of lil ABCO @ 11'; R of ABCO #85 @ 27'; L of dead POTR @ 44'; 4A behind log,,,,,,,,,,,,,,,
PIAB 14,01Post,11/5/2007 12:00:00 AM,,,,,,,,,,,,,4,6,6,12,,,,,,,True,
PIAB 14,01Post,11/5/2007 12:00:00 AM,1,1,1,0,2,0,0,PIAB,From FMH DFTRANS 1057,,, fuel1_ALL,,,,,,,,,,,,
PIAB 14,01Post,11/5/2007 12:00:00 AM,2,2,273,0,0,0,0,PIAB,From FMH DFTRANS 1057,,, fuel2_ALL,,,,,,,,,,,,
PIAB 14,01Post,11/5/2007 12:00:00 AM,3,3,150,1,1,0,0,PIAB,From FMH DFTRANS 1057,,, fuel3_ALL,,,,,,,,,,,,
PIAB 14,01Post,11/5/2007 12:00:00 AM,4,4,131,0,10,2,1,PIAB,From FMH DFTRANS 1057,,, fuel4_ALL,,,,,,,,,,,,
PIAB 14,01Year1,7/21/2008 8:07:54 AM,,,,,,,,,,,,,4,6,6,12,,,,,,,True,
PIAB 14,01Year1,7/21/2008 8:07:54 AM,-2147483648,1,1,0,7,0,0,PIAB,,,,,,,,,,,,,,,,
PIAB 14,01Year1,7/21/2008 8:07:54 AM,-2147483647,2,273,0,0,0,1,PIAB,,,,,,,,,,,,,,,,
PIAB 14,01Year1,7/21/2008 8:07:54 AM,-2147483646,3,150,1,2,1,0,PIAB,,,,,,,,,,,,,,,,
PIAB 14,01Year1,7/21/2008 8:07:54 AM,-2147483645,4,131,0,22,6,1,PIAB,,,,,,,,,,,,,,,,
PIAB 14,01Year10,6/29/2017 4:20:26 PM,,,,,,,,,,,,,4,6,6,12,BRANNFORS; PASOTTI,TALBERT,,,,,True,
PIAB 14,01Year10,6/29/2017 4:20:26 PM,-2147483648,1,1,0,9,19,2,PIAB,,,,,,,,,,,,,,,,
PIAB 14,01Year10,6/29/2017 4:20:26 PM,-2147483647,2,248,0,2,7,1,PIAB,Near Q4-Q1 line,,,,,,,,,,,,,,,
PIAB 14,01Year10,6/29/2017 4:20:26 PM,-2147483646,3,150,1,6,5,0,PIAB,Over P2,,,,,,,,,,,,,,,
PIAB 14,01Year10,6/29/2017 4:20:26 PM,-2147483645,4,131,0,6,5,1,PIAB,Cross Q3-Q2 line @ 37.3,,,,,,,,,,,,,,,
PIAB 14,01Year2,7/8/2009 9:40:46 AM,,,,,,,,,,,,,4,6,6,12,,,,,,,True,
PIAB 14,01Year2,7/8/2009 9:40:46 AM,-2147483648,1,1,0,3,1,0,PIAB,,,,,,,,,,,,,,,,
PIAB 14,01Year2,7/8/2009 9:40:46 AM,-2147483647,2,248,0,3,3,1,PIAB,,,,,,,,,,,,,,,,
PIAB 14,01Year2,7/8/2009 9:40:46 AM,-2147483646,3,150,1,0,4,0,PIAB,,,,,,,,,,,,,,,,
PIAB 14,01Year2,7/8/2009 9:40:46 AM,-2147483645,4,131,0,3,3,1,PIAB,,,,,,,,,,,,,,,,
PIAB 14,01Year5,7/10/2012 10:19:33 AM,,,,,,,,,,,,,4,6,6,12,,,,,,,True,
PIAB 14,01Year5,7/10/2012 10:19:33 AM,-2147483648,1,1,0,4,3,0,PIAB,,,,,,,,,,,,,,,,
PIAB 14,01Year5,7/10/2012 10:19:33 AM,-2147483647,2,248,0,0,6,1,PIAB,,,,,,,,,,,,,,,,
PIAB 14,01Year5,7/10/2012 10:19:33 AM,-2147483646,3,150,1,0,1,0,PIAB,,,,,,,,,,,,,,,,
PIAB 14,01Year5,7/10/2012 10:19:33 AM,-2147483645,4,131,0,6,1,1,PIAB,,,,,,,,,,,,,,,,
PIAB 14,PR01,5/22/1996 12:00:00 AM,,,,,,,,,,,,,4,6,6,12,,,,,,,True,
PIAB 14,PR01,5/22/1996 12:00:00 AM,1,1,1,0,3,7,1,PIAB,From FMH DFTRANS 1057,,, fuel1_ALL,,,,,,,,,,,,
PIAB 14,PR01,5/22/1996 12:00:00 AM,2,2,273,0,10,2,1,PIAB,From FMH DFTRANS 1057,,, fuel2_ALL,,,,,,,,,,,,
PIAB 14,PR01,5/22/1996 12:00:00 AM,3,3,150,1,0,0,0,PIAB,From FMH DFTRANS 1057,,, fuel3_ALL,,,,,,,,,,,,
PIAB 14,PR01,5/22/1996 12:00:00 AM,4,4,131,0,22,1,2,PIAB,From FMH DFTRANS 1057,,, fuel4_ALL,,,,,,,,,,,,
PIAB 14,PR02,8/23/1999 12:00:00 AM,,,,,,,,,,,,,4,6,6,12,,,,,,,True,
PIAB 14,PR02,8/23/1999 12:00:00 AM,1,1,1,0,3,13,1,PIAB,From FMH DFTRANS 1057,,, fuel1_ALL,,,,,,,,,,,,
PIAB 14,PR02,8/23/1999 12:00:00 AM,2,2,273,0,25,9,0,PIAB,From FMH DFTRANS 1057,,, fuel2_ALL,,,,,,,,,,,,
PIAB 14,PR02,8/23/1999 12:00:00 AM,3,3,150,1,1,1,1,PIAB,From FMH DFTRANS 1057,,, fuel3_ALL,,,,,,,,,,,,
PIAB 14,PR02,8/23/1999 12:00:00 AM,4,4,131,0,18,3,0,PIAB,From FMH DFTRANS 1057,,, fuel4_ALL,,,,,,,,,,,,
PIAB 14,Pre,7/3/2004 12:00:00 AM,,,,,,,,,,,,,4,6,6,12,,,,,,,True,
PIAB 14,Pre,7/3/2004 12:00:00 AM,1,1,1,0,1,5,1,PIAB,From FMH DFTRANS 1057,,, fuel1_ALL,,,,,,,,,,,,
PIAB 14,Pre,7/3/2004 12:00:00 AM,2,2,273,0,14,23,0,PIAB,From FMH DFTRANS 1057,,, fuel2_ALL,,,,,,,,,,,,
PIAB 14,Pre,7/3/2004 12:00:00 AM,3,3,150,1,2,1,1,PIAB,From FMH DFTRANS 1057,,, fuel3_ALL,,,,,,,,,,,,
PIAB 14,Pre,7/3/2004 12:00:00 AM,4,4,131,0,18,8,0,PIAB,From FMH DFTRANS 1057,,, fuel4_ALL,,,,,,,,,,,,
PIAB 27,01Post,12/4/2017 1:52:04 PM,,,,,,,,,,,,,4,6,6,12,Brannfors; McClure,McClure,Beefalo,,,,True,
PIAB 27,01Post,12/4/2017 1:52:04 PM,-2147483648,1,18,8,11,8,0,PIAB,L of PSME #90 @ 14'; over log @ 45',,,,,,,,,,,,,,,
PIAB 27,01Post,12/4/2017 1:52:04 PM,-2147483647,2,263,15,9,8,0,PIAB,btwn big PIPOs @ 20'; over log & L of BBD stump @ 50',,,,,,,,,,,,,,,
PIAB 27,01Post,12/4/2017 1:52:04 PM,-2147483646,3,66,13,0,2,0,PIAB,under/R of curvy PSME pole @ 27',,,,,,,,,,,,,,,
PIAB 27,01Post,12/4/2017 1:52:04 PM,-2147483645,4,93,22,0,1,0,PIAB,L of POTRs @ 16'; R of lil ABCO @ 27'; L of ORIGIN @ 49',,,,,,,,,,,,,,,
PIAB 27,01Year1,7/12/2018 4:37:12 PM,,,,,,,,,,,,,4,6,6,12,DANG,DANG,Beefalo,,,,True,
PIAB 27,01Year1,7/12/2018 4:37:12 PM,-2147483648,1,18,8,9,5,1,PIAB,L of PSME #90 @ 14'; over log @ 45',,,,,,,,,,,,,,,
PIAB 27,01Year1,7/12/2018 4:37:12 PM,-2147483647,2,263,15,3,8,0,PIAB,btwn big PIPOs @ 20'; rebar under log L of BBD stump @ 50',,,,,,,,,,,,,,,
PIAB 27,01Year1,7/12/2018 4:37:12 PM,-2147483646,3,66,13,0,2,0,PIAB,under/R of curvy PSME pole @ 27',,,,,,,,,,,,,,,
PIAB 27,01Year1,7/12/2018 4:37:12 PM,-2147483645,4,93,22,1,0,1,PIAB,L of POTRs @ 16'; R of lil ABCO @ 27'; L of ORIGIN @ 49',,,,,,,,,,,,,,,
PIAB 27,01Year2,8/21/2019 12:13:00 PM,,,,,,,,,,,,,4,6,6,12,BRANNFORS,RIOS,Beefalo,,,,True,
PIAB 27,01Year2,8/21/2019 12:13:00 PM,-2147483648,1,18,8,7,4,1,PIAB,L of PSME #90 @ 14'; over log @ 45',,,,,,,,,,,,,,,
PIAB 27,01Year2,8/21/2019 12:13:00 PM,-2147483647,2,263,15,6,6,0,PIAB,Btwn big PIPOs @ 20'; rebar directly under log (not visible) L of BBD stump @ 50',,,,,,,,,,,,,,,
PIAB 27,01Year2,8/21/2019 12:13:00 PM,-2147483646,3,66,13,1,2,0,PIAB,Under/R of curvy; dead PSME pole @ 27',,,,,,,,,,,,,,,
PIAB 27,01Year2,8/21/2019 12:13:00 PM,-2147483645,4,93,22,0,1,1,PIAB,Downhill on 0P-50P tape; 1m L of ORIGIN @ 49',,,,,,,,,,,,,,,
PIAB 27,01Year5,8/16/2022 5:40:53 PM,,,,,,,,,,,,,4,6,6,12,Brannfors; Veltkamp,Brannfors,Beefalo,,,,True,
PIAB 27,01Year5,8/16/2022 5:40:53 PM,1,1,18,8,14,1,1,PIAB,L of PSME #90 @ 14'; over all the logs btwn 43' and 49',,,,,,,,,,,,,,,
PIAB 27,01Year5,8/16/2022 5:40:53 PM,2,2,263,15,1,3,0,PIAB,Btwn big PIPOs @ 20'; L of BBD stump @ 50'; rebar directly under log (not visible),,,,,,,,,,,,,,,
PIAB 27,01Year5,8/16/2022 5:40:53 PM,3,3,66,13,1,3,1,PIAB,Cross P1-P2 tape @ 13.0 m,,,,,,,,,,,,,,,
PIAB 27,01Year5,8/16/2022 5:40:53 PM,4,4,93,22,2,0,1,PIAB,Downhill on 0P-50P tape; 1m L of ORIGIN @ 49',,,,,,,,,,,,,,,
PIAB 27,PR01,9/15/2001 12:00:00 AM,,,,,,,,,,,,,4,6,6,12,,,,,,,True,
PIAB 27,PR01,9/15/2001 12:00:00 AM,1,1,18,8,0,2,0,PIAB,From FMH DFTRANS 1057,,, fuel1_ALL,,,,,,,,,,,,
PIAB 27,PR01,9/15/2001 12:00:00 AM,2,2,256,15,2,10,4,PIAB,From FMH DFTRANS 1057,,, fuel2_ALL,,,,,,,,,,,,
PIAB 27,PR01,9/15/2001 12:00:00 AM,3,3,66,13,0,9,10,PIAB,From FMH DFTRANS 1057,,, fuel3_ALL,,,,,,,,,,,,
PIAB 27,PR01,9/15/2001 12:00:00 AM,4,4,93,22,0,0,2,PIAB,From FMH DFTRANS 1057,,, fuel4_ALL,,,,,,,,,,,,
PIAB 27,PR02,9/10/2007 12:00:00 AM,,,,,,,,,,,,,4,6,6,12,,,,,,,True,
PIAB 27,PR02,9/10/2007 12:00:00 AM,1,1,18,8,9,4,0,PIAB,From FMH DFTRANS 1057,,, fuel1_ALL,,,,,,,,,,,,
PIAB 27,PR02,9/10/2007 12:00:00 AM,2,2,256,15,11,2,2,PIAB,From FMH DFTRANS 1057,,, fuel2_ALL,,,,,,,,,,,,
PIAB 27,PR02,9/10/2007 12:00:00 AM,3,3,66,13,1,3,9,PIAB,From FMH DFTRANS 1057,,, fuel3_ALL,,,,,,,,,,,,
PIAB 27,PR02,9/10/2007 12:00:00 AM,4,4,93,22,3,0,2,PIAB,From FMH DFTRANS 1057,,, fuel4_ALL,,,,,,,,,,,,
PIAB 27,Pre,6/26/2013 4:38:00 PM,,,,,,,,,,,,,4,6,6,12,Milich; Jenkins,Jenkins/Jenkins; Brannfors,,,,,True,
PIAB 27,Pre,6/26/2013 4:38:00 PM,-2147483648,1,18,8,12,3,1,PIAB,,,,,,,,,,,,,,,,
PIAB 27,Pre,6/26/2013 4:38:00 PM,-2147483647,2,256,15,4,7,1,PIAB,,,,,,,,,,,,,,,,
PIAB 27,Pre,6/26/2013 4:38:00 PM,-2147483646,3,66,13,5,7,9,PIAB,,,,,,,,,,,,,,,,
PIAB 27,Pre,6/26/2013 4:38:00 PM,-2147483645,4,93,22,2,5,4,PIAB,,,,,,,,,,,,,,,,
