MacroPlot.Name,Monitoring.Status,Date,Index,IsVerified,QTR,SubFrac,TagNo,Status,DBH,Ht,CrwnRto,CrwnCl,LiCrBHt,CrFuBHt,CrwnRad,Age,GrwthRt,Mort,DecayCl,LaddBaseHt,LaddMaxHt,DRC,NuLiStems,NuDeStems,EqDia,XCoord,YCoord,CKR,CharHt,ScorchHt,CrScPct,DamCd1,DamSev1,DamCd2,DamSev2,DamCd3,DamSev3,DamCd4,DamSev4,DamCd5,DamSev5,Comment,UV1,UV2,UV3,MacroPlotSize,SnagPlotSize,BrkPntDia,FieldTeam,EntryTeam,UV1Desc,UV2Desc,UV3Desc,SaComment,Species.Symbol,Visited,X
SHOS 01,01Year1,5/4/2000 12:00:00 AM,,,,,,,,,,,,,,,,,,,,,,,,,,,,,,,,,,,,,,,,,,,,0.1,0.1,15,,,,,,,,True,
SHOS 01,01Year1,5/4/2000 12:00:00 AM,1,True,1,0.5,1,L,14.5,5,,X,,,,,,,,,,,,,,,,,,,,,-1,,-1,,-1,,-1,,-1,From FMH TREEPOLE 1069,,, poleq1_ALL,,,,,,,,,,PIED,,
SHOS 01,01Year1,5/4/2000 12:00:00 AM,2,True,1,0.5,4,L,15,4,,X,,,,,,,,,,,,,,,,,,,,,-1,,-1,,-1,,-1,,-1,From FMH TREEPOLE 1069,,, poleq1_ALL,,,,,,,,,,PIED,,
SHOS 01,01Year1,5/4/2000 12:00:00 AM,3,True,1,0.5,8,L,11.8,4,,X,,,,,,,,,,,,,,,,,,,,,-1,,-1,,-1,,-1,,-1,From FMH TREEPOLE 1069,,, poleq1_ALL,,,,,,,,,,PIED,,
SHOS 01,01Year1,5/4/2000 12:00:00 AM,4,True,1,0.5,11,D,14,5,,X,,,,,,,,,,,,,,,,,,,,,-1,,-1,,-1,,-1,,-1,From FMH TREEPOLE 1069,,, poleq1_ALL,,,,,,,,,,JUOS,,
SHOS 01,01Year1,5/4/2000 12:00:00 AM,5,True,1,0.5,62,L,8.9,4,,X,,,,,,,,,,,,,,,,,,,,,-1,,-1,,-1,,-1,,-1,From FMH TREEPOLE 1069,,, poleq1_ALL,,,,,,,,,,PIED,,
SHOS 01,01Year1,5/4/2000 12:00:00 AM,6,True,1,0.5,63,L,5.9,3,,X,,,,,,,,,,,,,,,,,,,,,-1,,-1,,-1,,-1,,-1,From FMH TREEPOLE 1069,,, poleq1_ALL,,,,,,,,,,PIED,,
SHOS 01,01Year1,5/4/2000 12:00:00 AM,7,True,1,0.5,64,D,4.6,2,,X,,,,,,,,,,,,,,,,,,,,,-1,,-1,,-1,,-1,,-1,From FMH TREEPOLE 1069,,, poleq1_ALL,,,,,,,,,,PIED,,
SHOS 01,01Year1,5/4/2000 12:00:00 AM,8,True,1,0.5,65,L,2.9,3,,X,,,,,,,,,,,,,,,,,,,,,-1,,-1,,-1,,-1,,-1,From FMH TREEPOLE 1069,,, poleq1_ALL,,,,,,,,,,PIED,,
SHOS 01,01Year1,5/4/2000 12:00:00 AM,9,True,1,0.5,66,L,7.5,3,,X,,,,,,,,,,,,,,,,,,,,,-1,,-1,,-1,,-1,,-1,From FMH TREEPOLE 1069,,, poleq1_ALL,,,,,,,,,,PIED,,
SHOS 01,01Year1,5/4/2000 12:00:00 AM,10,True,1,0.5,67,L,6.7,3,,X,,,,,,,,,,,,,,,,,,,,,-1,,-1,,-1,,-1,,-1,From FMH TREEPOLE 1069,,, poleq1_ALL,,,,,,,,,,PIED,,
SHOS 01,01Year1,5/4/2000 12:00:00 AM,11,True,1,0.5,72,D,9.1,4,,X,,,,,,,,,,,,,,,,,,,,,-1,,-1,,-1,,-1,,-1,From FMH TREEPOLE 1069,,, poleq1_ALL,,,,,,,,,,JUOS,,
SHOS 01,01Year1,5/4/2000 12:00:00 AM,12,True,1,0.5,73,L,5.8,3,,X,,,,,,,,,,,,,,,,,,,,,-1,,-1,,-1,,-1,,-1,From FMH TREEPOLE 1069,,, poleq1_ALL,,,,,,,,,,PIED,,
SHOS 01,01Year1,5/4/2000 12:00:00 AM,13,True,1,0.5,74,L,3.1,2,,X,,,,,,,,,,,,,,,,,,,,,-1,,-1,,-1,,-1,,-1,From FMH TREEPOLE 1069,,, poleq1_ALL,,,,,,,,,,PIED,,
SHOS 01,01Year1,5/4/2000 12:00:00 AM,14,True,1,0.5,75,L,4,3,,X,,,,,,,,,,,,,,,,,,,,,-1,,-1,,-1,,-1,,-1,From FMH TREEPOLE 1069,,, poleq1_ALL,,,,,,,,,,PIED,,
SHOS 01,01Year1,5/4/2000 12:00:00 AM,15,True,1,0.5,80,L,3.2,2,,X,,,,,,,,,,,,,,,,,,,,,-1,,-1,,-1,,-1,,-1,From FMH TREEPOLE 1069,,, poleq1_ALL,,,,,,,,,,PIED,,
SHOS 01,01Year1,5/4/2000 12:00:00 AM,16,True,1,0.5,81,D,10.8,4,,X,,,,,,,,,,,,,,,,,,,,,-1,,-1,,-1,,-1,,-1,From FMH TREEPOLE 1069,,, poleq1_ALL,,,,,,,,,,JUOS,,
SHOS 01,01Year1,5/4/2000 12:00:00 AM,17,True,1,0.5,82,L,7.5,3,,X,,,,,,,,,,,,,,,,,,,,,-1,,-1,,-1,,-1,,-1,From FMH TREEPOLE 1069,,, poleq1_ALL,,,,,,,,,,PIED,,
SHOS 01,01Year1,5/4/2000 12:00:00 AM,18,True,1,0.5,84,L,9.5,3,,X,,,,,,,,,,,,,,,,,,,,,-1,,-1,,-1,,-1,,-1,From FMH TREEPOLE 1069,,, poleq1_ALL,,,,,,,,,,PIED,,
SHOS 01,01Year1,5/4/2000 12:00:00 AM,19,True,1,0.5,85,L,11.8,4,,X,,,,,,,,,,,,,,,,,,,,,-1,,-1,,-1,,-1,,-1,From FMH TREEPOLE 1069,,, poleq1_ALL,,,,,,,,,,PIED,,
SHOS 01,01Year1,5/4/2000 12:00:00 AM,20,True,1,0.5,87,L,11.7,4,,X,,,,,,,,,,,,,,,,,,,,,-1,,-1,,-1,,-1,,-1,From FMH TREEPOLE 1069,,, poleq1_ALL,,,,,,,,,,PIED,,
SHOS 01,01Year1,5/4/2000 12:00:00 AM,21,True,1,0.5,88,L,8.3,4,,X,,,,,,,,,,,,,,,,,,,,,-1,,-1,,-1,,-1,,-1,From FMH TREEPOLE 1069,,, poleq1_ALL,,,,,,,,,,PIED,,
SHOS 01,01Year1,5/4/2000 12:00:00 AM,22,True,1,0.5,89,L,11.8,4,,X,,,,,,,,,,,,,,,,,,,,,-1,,-1,,-1,,-1,,-1,From FMH TREEPOLE 1069,,, poleq1_ALL,,,,,,,,,,PIED,,
SHOS 01,01Year1,5/4/2000 12:00:00 AM,23,True,1,0.5,90,L,6.8,3,,X,,,,,,,,,,,,,,,,,,,,,-1,,-1,,-1,,-1,,-1,From FMH TREEPOLE 1069,,, poleq1_ALL,,,,,,,,,,PIED,,
SHOS 01,01Year1,5/4/2000 12:00:00 AM,24,True,1,0.5,91,L,5.7,3,,X,,,,,,,,,,,,,,,,,,,,,-1,,-1,,-1,,-1,,-1,From FMH TREEPOLE 1069,,, poleq1_ALL,,,,,,,,,,PIED,,
SHOS 01,01Year1,5/4/2000 12:00:00 AM,25,True,1,0.5,92,L,7.5,3,,X,,,,,,,,,,,,,,,,,,,,,-1,,-1,,-1,,-1,,-1,From FMH TREEPOLE 1069,,, poleq1_ALL,,,,,,,,,,PIED,,
SHOS 01,01Year1,5/4/2000 12:00:00 AM,26,True,2,0.5,93,L,10.8,4,,X,,,,,,,,,,,,,,,,,,,,,-1,,-1,,-1,,-1,,-1,From FMH TREEPOLE 1069,,, poleq2_ALL,,,,,,,,,,JUOS,,
SHOS 01,01Year1,5/4/2000 12:00:00 AM,27,True,2,0.5,94,D,13.9,4,,X,,,,,,,,,,,,,,,,,,,,,-1,,-1,,-1,,-1,,-1,From FMH TREEPOLE 1069,,, poleq2_ALL,,,,,,,,,,PIED,,
SHOS 01,01Year1,5/4/2000 12:00:00 AM,28,True,2,0.5,96,L,6.7,3,,X,,,,,,,,,,,,,,,,,,,,,-1,,-1,,-1,,-1,,-1,From FMH TREEPOLE 1069,,, poleq2_ALL,,,,,,,,,,PIED,,
SHOS 01,01Year1,5/4/2000 12:00:00 AM,29,True,2,0.5,97,L,12.2,4,,X,,,,,,,,,,,,,,,,,,,,,-1,,-1,,-1,,-1,,-1,From FMH TREEPOLE 1069,,, poleq2_ALL,,,,,,,,,,JUOS,,
SHOS 01,01Year1,5/4/2000 12:00:00 AM,30,True,2,0.5,98,L,9.9,4,,X,,,,,,,,,,,,,,,,,,,,,-1,,-1,,-1,,-1,,-1,From FMH TREEPOLE 1069,,, poleq2_ALL,,,,,,,,,,PIED,,
SHOS 01,01Year1,5/4/2000 12:00:00 AM,31,True,2,0.5,99,D,4,3,,X,,,,,,,,,,,,,,,,,,,,,-1,,-1,,-1,,-1,,-1,From FMH TREEPOLE 1069,,, poleq2_ALL,,,,,,,,,,PIED,,
SHOS 01,01Year1,5/4/2000 12:00:00 AM,32,True,2,0.5,100,D,7.5,4,,X,,,,,,,,,,,,,,,,,,,,,-1,,-1,,-1,,-1,,-1,From FMH TREEPOLE 1069,,, poleq2_ALL,,,,,,,,,,PIED,,
SHOS 01,01Year1,5/4/2000 12:00:00 AM,33,True,2,0.5,152,L,6,3,,X,,,,,,,,,,,,,,,,,,,,,-1,,-1,,-1,,-1,,-1,From FMH TREEPOLE 1069,,, poleq2_ALL,,,,,,,,,,PIED,,
SHOS 01,01Year1,5/4/2000 12:00:00 AM,34,True,2,0.5,153,L,10.7,4,,X,,,,,,,,,,,,,,,,,,,,,-1,,-1,,-1,,-1,,-1,From FMH TREEPOLE 1069,,, poleq2_ALL,,,,,,,,,,PIED,,
SHOS 01,01Year1,5/4/2000 12:00:00 AM,35,True,2,0.5,154,L,4.5,3,,X,,,,,,,,,,,,,,,,,,,,,-1,,-1,,-1,,-1,,-1,From FMH TREEPOLE 1069,,, poleq2_ALL,,,,,,,,,,PIED,,
SHOS 01,01Year1,5/4/2000 12:00:00 AM,36,True,2,0.5,155,L,3.5,3,,X,,,,,,,,,,,,,,,,,,,,,-1,,-1,,-1,,-1,,-1,From FMH TREEPOLE 1069,,, poleq2_ALL,,,,,,,,,,PIED,,
SHOS 01,01Year1,5/4/2000 12:00:00 AM,37,True,2,0.5,158,D,3.5,3,,X,,,,,,,,,,,,,,,,,,,,,-1,,-1,,-1,,-1,,-1,From FMH TREEPOLE 1069,,, poleq2_ALL,,,,,,,,,,JUOS,,
SHOS 01,01Year1,5/4/2000 12:00:00 AM,38,True,2,0.5,159,D,12.9,3,,X,,,,,,,,,,,,,,,,,,,,,-1,,-1,,-1,,-1,,-1,From FMH TREEPOLE 1069,,, poleq2_ALL,,,,,,,,,,JUOS,,
SHOS 01,01Year1,5/4/2000 12:00:00 AM,1001,True,1,1,2,L,30.2,,,C,,,,,,,,,,,,,,,,,,,,,-1,,-1,,-1,,-1,,-1,FMH TREEOVER 1067,,, overq1_ALL,,,,,,,,,,JUOS,,
SHOS 01,01Year1,5/4/2000 12:00:00 AM,1002,True,1,1,5,D,23.3,,,LBS,,,,,,,,,,,,,,,,,,,,,-1,,-1,,-1,,-1,,-1,FMH TREEOVER 1067,,, overq1_ALL,,,,,,,,,,PIED,,
SHOS 01,01Year1,5/4/2000 12:00:00 AM,1003,True,1,1,6,L,21.3,,,C,,,,,,,,,,,,,,,,,,,,MISL,-1,,-1,,-1,,-1,,-1,FMH TREEOVER 1067,,, overq1_ALL,,,,,,,,,,JUOS,,
SHOS 01,01Year1,5/4/2000 12:00:00 AM,1004,True,1,1,7,L,21.9,,,D,,,,,,,,,,,,,,,,,,,,,-1,,-1,,-1,,-1,,-1,FMH TREEOVER 1067,,, overq1_ALL,,,,,,,,,,JUOS,,
SHOS 01,01Year1,5/4/2000 12:00:00 AM,1005,True,1,1,9,L,17,,,I,,,,,,,,,,,,,,,,,,,,ABGR,-1,,-1,,-1,,-1,,-1,FMH TREEOVER 1067,,, overq1_ALL,,,,,,,,,,PIED,,
SHOS 01,01Year1,5/4/2000 12:00:00 AM,1006,True,1,1,10,L,28.8,,,D,,,,,,,,,,,,,,,,,,,,,-1,,-1,,-1,,-1,,-1,FMH TREEOVER 1067,,, overq1_ALL,,,,,,,,,,JUOS,,
SHOS 01,01Year1,5/4/2000 12:00:00 AM,1007,True,1,1,12,L,17.2,,,SC,,,,,,,,,,,,,,,,,,,,ABGR,-1,,-1,,-1,,-1,,-1,FMH TREEOVER 1067,,, overq1_ALL,,,,,,,,,,PIED,,
SHOS 01,01Year1,5/4/2000 12:00:00 AM,1008,True,1,1,13,L,17.9,,,C,,,,,,,,,,,,,,,,,,,,ABGR,-1,MISL,-1,,-1,,-1,,-1,FMH TREEOVER 1067,,, overq1_ALL,,,,,,,,,,PIED,,
SHOS 01,01Year1,5/4/2000 12:00:00 AM,1009,True,1,1,14,L,21.4,,,C,,,,,,,,,,,,,,,,,,,,MISL,-1,,-1,,-1,,-1,,-1,FMH TREEOVER 1067,,, overq1_ALL,,,,,,,,,,JUOS,,
SHOS 01,01Year1,5/4/2000 12:00:00 AM,1010,True,1,1,15,L,23.2,,,C,,,,,,,,,,,,,,,,,,,,,-1,,-1,,-1,,-1,,-1,FMH TREEOVER 1067,,, overq1_ALL,,,,,,,,,,JUOS,,
SHOS 01,01Year1,5/4/2000 12:00:00 AM,1011,True,2,1,16,L,20.5,,,D,,,,,,,,,,,,,,,,,,,,,-1,,-1,,-1,,-1,,-1,FMH TREEOVER 1067,,, overq2_ALL,,,,,,,,,,JUOS,,
SHOS 01,01Year1,5/4/2000 12:00:00 AM,1012,True,2,1,17,L,17.2,,,D,,,,,,,,,,,,,,,,,,,,,-1,,-1,,-1,,-1,,-1,FMH TREEOVER 1067,,, overq2_ALL,,,,,,,,,,JUOS,,
SHOS 01,01Year1,5/4/2000 12:00:00 AM,1013,True,2,1,18,L,19.4,,,I,,,,,,,,,,,,,,,,,,,,,-1,,-1,,-1,,-1,,-1,FMH TREEOVER 1067,,, overq2_ALL,,,,,,,,,,JUOS,,
SHOS 01,01Year1,5/4/2000 12:00:00 AM,1014,True,2,1,19,L,17,,,SC,,,,,,,,,,,,,,,,,,,,ABGR,-1,,-1,,-1,,-1,,-1,FMH TREEOVER 1067,,, overq2_ALL,,,,,,,,,,PIED,,
SHOS 01,01Year1,5/4/2000 12:00:00 AM,1015,True,2,1,20,L,18.1,,,SC,,,,,,,,,,,,,,,,,,,,ABGR,-1,MISL,-1,,-1,,-1,,-1,FMH TREEOVER 1067,,, overq2_ALL,,,,,,,,,,PIED,,
SHOS 01,01Year1,5/4/2000 12:00:00 AM,1016,True,2,1,21,L,20.2,,,D,,,,,,,,,,,,,,,,,,,,,-1,,-1,,-1,,-1,,-1,FMH TREEOVER 1067,,, overq2_ALL,,,,,,,,,,PIED,,
SHOS 01,01Year1,5/4/2000 12:00:00 AM,1017,True,2,1,22,L,16.3,,,I,,,,,,,,,,,,,,,,,,,,ABGR,-1,,-1,,-1,,-1,,-1,FMH TREEOVER 1067,,, overq2_ALL,,,,,,,,,,PIED,,
SHOS 01,01Year1,5/4/2000 12:00:00 AM,1018,True,2,1,23,L,19.2,,,I,,,,,,,,,,,,,,,,,,,,MISL,-1,,-1,,-1,,-1,,-1,FMH TREEOVER 1067,,, overq2_ALL,,,,,,,,,,JUOS,,
SHOS 01,01Year1,5/4/2000 12:00:00 AM,1019,True,2,1,24,D,24.9,,,BAD,,,,,,,,,,,,,,,,,,,,,-1,,-1,,-1,,-1,,-1,FMH TREEOVER 1067,,, overq2_ALL,,,,,,,,,,PIED,,
SHOS 01,01Year1,5/4/2000 12:00:00 AM,1020,True,2,1,25,L,34,,,C,,,,,,,,,,,,,,,,,,,,,-1,,-1,,-1,,-1,,-1,FMH TREEOVER 1067,,, overq2_ALL,,,,,,,,,,JUOS,,
SHOS 01,01Year1,5/4/2000 12:00:00 AM,1021,True,3,1,26,L,21.3,,,I,,,,,,,,,,,,,,,,,,,,ABGR,-1,,-1,,-1,,-1,,-1,FMH TREEOVER 1067,,, overq3_ALL,,,,,,,,,,JUOS,,
SHOS 01,01Year1,5/4/2000 12:00:00 AM,1022,True,3,1,27,L,26.1,,,I,,,,,,,,,,,,,,,,,,,,,-1,,-1,,-1,,-1,,-1,FMH TREEOVER 1067,,, overq3_ALL,,,,,,,,,,JUOS,,
SHOS 01,01Year1,5/4/2000 12:00:00 AM,1023,True,3,1,28,L,51.3,,,C,,,,,,,,,,,,,,,,,,,,,-1,,-1,,-1,,-1,,-1,FMH TREEOVER 1067,,, overq3_ALL,,,,,,,,,,JUOS,,
SHOS 01,01Year1,5/4/2000 12:00:00 AM,1024,True,3,1,29,L,16.2,,,C,,,,,,,,,,,,,,,,,,,,,-1,,-1,,-1,,-1,,-1,FMH TREEOVER 1067,,, overq3_ALL,,,,,,,,,,JUOS,,
SHOS 01,01Year1,5/4/2000 12:00:00 AM,1025,True,3,1,30,L,41.8,,,D,,,,,,,,,,,,,,,,,,,,,-1,,-1,,-1,,-1,,-1,FMH TREEOVER 1067,,, overq3_ALL,,,,,,,,,,PIED,,
SHOS 01,01Year1,5/4/2000 12:00:00 AM,1026,True,3,1,31,L,24.2,,,D,,,,,,,,,,,,,,,,,,,,,-1,,-1,,-1,,-1,,-1,FMH TREEOVER 1067,,, overq3_ALL,,,,,,,,,,PIED,,
SHOS 01,01Year1,5/4/2000 12:00:00 AM,1027,True,3,1,33,L,42,,,C,,,,,,,,,,,,,,,,,,,,MISL,-1,,-1,,-1,,-1,,-1,FMH TREEOVER 1067,,, overq3_ALL,,,,,,,,,,JUOS,,
SHOS 01,01Year1,5/4/2000 12:00:00 AM,1028,True,3,1,34,L,58.1,,,C,,,,,,,,,,,,,,,,,,,,,-1,,-1,,-1,,-1,,-1,FMH TREEOVER 1067,,, overq3_ALL,,,,,,,,,,JUOS,,
SHOS 01,01Year1,5/4/2000 12:00:00 AM,1029,True,3,1,35,L,20.3,,,I,,,,,,,,,,,,,,,,,,,,ABGR,-1,MISL,-1,,-1,,-1,,-1,FMH TREEOVER 1067,,, overq3_ALL,,,,,,,,,,PIED,,
SHOS 01,01Year1,5/4/2000 12:00:00 AM,1030,True,4,1,36,L,20.1,,,I,,,,,,,,,,,,,,,,,,,,,-1,,-1,,-1,,-1,,-1,FMH TREEOVER 1067,,, overq4_ALL,,,,,,,,,,JUOS,,
SHOS 01,01Year1,5/4/2000 12:00:00 AM,1031,True,4,1,37,L,24.2,,,I,,,,,,,,,,,,,,,,,,,,MISL,-1,,-1,,-1,,-1,,-1,FMH TREEOVER 1067,,, overq4_ALL,,,,,,,,,,JUOS,,
SHOS 01,01Year1,5/4/2000 12:00:00 AM,1032,True,4,1,38,L,19,,,I,,,,,,,,,,,,,,,,,,,,ABGR,-1,,-1,,-1,,-1,,-1,FMH TREEOVER 1067,,, overq4_ALL,,,,,,,,,,PIED,,
SHOS 01,01Year1,5/4/2000 12:00:00 AM,1033,True,4,1,39,L,23.9,,,C,,,,,,,,,,,,,,,,,,,,MISL,-1,,-1,,-1,,-1,,-1,FMH TREEOVER 1067,,, overq4_ALL,,,,,,,,,,JUOS,,
SHOS 01,01Year1,5/4/2000 12:00:00 AM,1034,True,4,1,40,L,16,,,I,,,,,,,,,,,,,,,,,,,,ABGR,-1,,-1,,-1,,-1,,-1,FMH TREEOVER 1067,,, overq4_ALL,,,,,,,,,,PIED,,
SHOS 01,01Year1,5/4/2000 12:00:00 AM,1035,True,4,1,41,L,24.3,,,I,,,,,,,,,,,,,,,,,,,,ABGR,-1,DTOP,-1,,-1,,-1,,-1,FMH TREEOVER 1067,,, overq4_ALL,,,,,,,,,,JUOS,,
SHOS 01,01Year1,5/4/2000 12:00:00 AM,1036,True,4,1,42,L,64.8,,,I,,,,,,,,,,,,,,,,,,,,DTOP,-1,,-1,,-1,,-1,,-1,FMH TREEOVER 1067,,, overq4_ALL,,,,,,,,,,JUOS,,
SHOS 01,01Year1,5/4/2000 12:00:00 AM,1037,True,4,1,43,L,19.1,,,C,,,,,,,,,,,,,,,,,,,,,-1,,-1,,-1,,-1,,-1,FMH TREEOVER 1067,,, overq4_ALL,,,,,,,,,,PIED,,
SHOS 01,01Year1,5/4/2000 12:00:00 AM,1038,True,4,1,44,L,29.6,,,I,,,,,,,,,,,,,,,,,,,,MISL,-1,,-1,,-1,,-1,,-1,FMH TREEOVER 1067,,, overq4_ALL,,,,,,,,,,JUOS,,
SHOS 01,01Year1,5/4/2000 12:00:00 AM,1039,True,4,1,45,D,20.9,,,BAD,,,,,,,,,,,,,,,,,,,,,-1,,-1,,-1,,-1,,-1,FMH TREEOVER 1067,,, overq4_ALL,,,,,,,,,,JUOS,,
SHOS 01,01Year1,5/4/2000 12:00:00 AM,1040,True,4,1,46,L,41.6,,,I,,,,,,,,,,,,,,,,,,,,,-1,,-1,,-1,,-1,,-1,FMH TREEOVER 1067,,, overq4_ALL,,,,,,,,,,JUOS,,
SHOS 01,01Year2,5/1/2001 12:00:00 AM,,,,,,,,,,,,,,,,,,,,,,,,,,,,,,,,,,,,,,,,,,,,0.1,0.1,15,,,,,,,,True,
SHOS 01,01Year2,5/1/2001 12:00:00 AM,1,True,1,0.5,1,L,14.3,5,,X,,,,,,,,,,,,,,,,,,,,,-1,,-1,,-1,,-1,,-1,From FMH TREEPOLE 1069,,, poleq1_ALL,,,,,,,,,,PIED,,
SHOS 01,01Year2,5/1/2001 12:00:00 AM,2,True,1,0.5,4,L,14.1,4,,X,,,,,,,,,,,,,,,,,,,,,-1,,-1,,-1,,-1,,-1,From FMH TREEPOLE 1069,,, poleq1_ALL,,,,,,,,,,PIED,,
SHOS 01,01Year2,5/1/2001 12:00:00 AM,3,True,1,0.5,11,D,13,4,,X,,,,,,,,,,,,,,,,,,,,,-1,,-1,,-1,,-1,,-1,From FMH TREEPOLE 1069,,, poleq1_ALL,,,,,,,,,,PIED,,
SHOS 01,01Year2,5/1/2001 12:00:00 AM,4,True,1,0.5,62,L,8.9,5,,X,,,,,,,,,,,,,,,,,,,,,-1,,-1,,-1,,-1,,-1,From FMH TREEPOLE 1069,,, poleq1_ALL,,,,,,,,,,PIED,,
SHOS 01,01Year2,5/1/2001 12:00:00 AM,5,True,1,0.5,63,L,6,3,,X,,,,,,,,,,,,,,,,,,,,,-1,,-1,,-1,,-1,,-1,From FMH TREEPOLE 1069,,, poleq1_ALL,,,,,,,,,,PIED,,
SHOS 01,01Year2,5/1/2001 12:00:00 AM,6,True,1,0.5,64,D,4.5,2,,X,,,,,,,,,,,,,,,,,,,,,-1,,-1,,-1,,-1,,-1,From FMH TREEPOLE 1069,,, poleq1_ALL,,,,,,,,,,PIED,,
SHOS 01,01Year2,5/1/2001 12:00:00 AM,7,True,1,0.5,65,L,2.9,4,,X,,,,,,,,,,,,,,,,,,,,,-1,,-1,,-1,,-1,,-1,From FMH TREEPOLE 1069,,, poleq1_ALL,,,,,,,,,,PIED,,
SHOS 01,01Year2,5/1/2001 12:00:00 AM,8,True,1,0.5,66,L,7.4,3,,X,,,,,,,,,,,,,,,,,,,,,-1,,-1,,-1,,-1,,-1,From FMH TREEPOLE 1069,,, poleq1_ALL,,,,,,,,,,PIED,,
SHOS 01,01Year2,5/1/2001 12:00:00 AM,9,True,1,0.5,67,L,6.8,3,,X,,,,,,,,,,,,,,,,,,,,,-1,,-1,,-1,,-1,,-1,From FMH TREEPOLE 1069,,, poleq1_ALL,,,,,,,,,,PIED,,
SHOS 01,01Year2,5/1/2001 12:00:00 AM,10,True,1,0.5,72,D,9.1,3,,X,,,,,,,,,,,,,,,,,,,,,-1,,-1,,-1,,-1,,-1,From FMH TREEPOLE 1069,,, poleq1_ALL,,,,,,,,,,JUOS,,
SHOS 01,01Year2,5/1/2001 12:00:00 AM,11,True,1,0.5,73,L,5.9,3,,X,,,,,,,,,,,,,,,,,,,,,-1,,-1,,-1,,-1,,-1,From FMH TREEPOLE 1069,,, poleq1_ALL,,,,,,,,,,PIED,,
SHOS 01,01Year2,5/1/2001 12:00:00 AM,12,True,1,0.5,74,L,3.2,2,,X,,,,,,,,,,,,,,,,,,,,,-1,,-1,,-1,,-1,,-1,From FMH TREEPOLE 1069,,, poleq1_ALL,,,,,,,,,,PIED,,
SHOS 01,01Year2,5/1/2001 12:00:00 AM,13,True,1,0.5,75,L,4.3,2,,X,,,,,,,,,,,,,,,,,,,,,-1,,-1,,-1,,-1,,-1,From FMH TREEPOLE 1069,,, poleq1_ALL,,,,,,,,,,PIED,,
SHOS 01,01Year2,5/1/2001 12:00:00 AM,14,True,1,0.5,80,L,3,2,,X,,,,,,,,,,,,,,,,,,,,,-1,,-1,,-1,,-1,,-1,From FMH TREEPOLE 1069,,, poleq1_ALL,,,,,,,,,,PIED,,
SHOS 01,01Year2,5/1/2001 12:00:00 AM,15,True,1,0.5,81,D,11.4,4,,X,,,,,,,,,,,,,,,,,,,,,-1,,-1,,-1,,-1,,-1,From FMH TREEPOLE 1069,,, poleq1_ALL,,,,,,,,,,JUOS,,
SHOS 01,01Year2,5/1/2001 12:00:00 AM,16,True,1,0.5,82,L,7.5,4,,X,,,,,,,,,,,,,,,,,,,,,-1,,-1,,-1,,-1,,-1,From FMH TREEPOLE 1069,,, poleq1_ALL,,,,,,,,,,PIED,,
SHOS 01,01Year2,5/1/2001 12:00:00 AM,17,True,1,0.5,83,L,9,3,,X,,,,,,,,,,,,,,,,,,,,,-1,,-1,,-1,,-1,,-1,From FMH TREEPOLE 1069,,, poleq1_ALL,,,,,,,,,,PIED,,
SHOS 01,01Year2,5/1/2001 12:00:00 AM,18,True,1,0.5,84,L,9.4,4,,X,,,,,,,,,,,,,,,,,,,,,-1,,-1,,-1,,-1,,-1,From FMH TREEPOLE 1069,,, poleq1_ALL,,,,,,,,,,PIED,,
SHOS 01,01Year2,5/1/2001 12:00:00 AM,19,True,1,0.5,85,L,11,4,,X,,,,,,,,,,,,,,,,,,,,,-1,,-1,,-1,,-1,,-1,From FMH TREEPOLE 1069,,, poleq1_ALL,,,,,,,,,,PIED,,
SHOS 01,01Year2,5/1/2001 12:00:00 AM,20,True,1,0.5,87,L,11.7,4,,X,,,,,,,,,,,,,,,,,,,,,-1,,-1,,-1,,-1,,-1,From FMH TREEPOLE 1069,,, poleq1_ALL,,,,,,,,,,PIED,,
SHOS 01,01Year2,5/1/2001 12:00:00 AM,21,True,1,0.5,88,L,8.2,4,,X,,,,,,,,,,,,,,,,,,,,,-1,,-1,,-1,,-1,,-1,From FMH TREEPOLE 1069,,, poleq1_ALL,,,,,,,,,,PIED,,
SHOS 01,01Year2,5/1/2001 12:00:00 AM,22,True,1,0.5,89,L,11.9,4,,X,,,,,,,,,,,,,,,,,,,,,-1,,-1,,-1,,-1,,-1,From FMH TREEPOLE 1069,,, poleq1_ALL,,,,,,,,,,PIED,,
SHOS 01,01Year2,5/1/2001 12:00:00 AM,23,True,1,0.5,90,L,7,3,,X,,,,,,,,,,,,,,,,,,,,,-1,,-1,,-1,,-1,,-1,From FMH TREEPOLE 1069,,, poleq1_ALL,,,,,,,,,,PIED,,
SHOS 01,01Year2,5/1/2001 12:00:00 AM,24,True,1,0.5,91,L,5.6,3,,X,,,,,,,,,,,,,,,,,,,,,-1,,-1,,-1,,-1,,-1,From FMH TREEPOLE 1069,,, poleq1_ALL,,,,,,,,,,PIED,,
SHOS 01,01Year2,5/1/2001 12:00:00 AM,25,True,1,0.5,92,L,6.4,3,,X,,,,,,,,,,,,,,,,,,,,,-1,,-1,,-1,,-1,,-1,From FMH TREEPOLE 1069,,, poleq1_ALL,,,,,,,,,,PIED,,
SHOS 01,01Year2,5/1/2001 12:00:00 AM,26,True,1,0.5,130,L,4.4,3,,X,,,,,,,,,,,,,,,,,,,,,-1,,-1,,-1,,-1,,-1,From FMH TREEPOLE 1069,,, poleq1_ALL,,,,,,,,,,PIED,,
SHOS 01,01Year2,5/1/2001 12:00:00 AM,27,True,2,0.5,3,L,5.1,2,,X,,,,,,,,,,,,,,,,,,,,,-1,,-1,,-1,,-1,,-1,From FMH TREEPOLE 1069,,, poleq2_ALL,,,,,,,,,,PIED,,
SHOS 01,01Year2,5/1/2001 12:00:00 AM,28,True,2,0.5,93,L,10.9,3,,X,,,,,,,,,,,,,,,,,,,,,-1,,-1,,-1,,-1,,-1,From FMH TREEPOLE 1069,,, poleq2_ALL,,,,,,,,,,JUOS,,
SHOS 01,01Year2,5/1/2001 12:00:00 AM,29,True,2,0.5,94,D,12.6,4,,X,,,,,,,,,,,,,,,,,,,,,-1,,-1,,-1,,-1,,-1,From FMH TREEPOLE 1069,,, poleq2_ALL,,,,,,,,,,PIED,,
SHOS 01,01Year2,5/1/2001 12:00:00 AM,30,True,2,0.5,95,L,6.3,3,,X,,,,,,,,,,,,,,,,,,,,,-1,,-1,,-1,,-1,,-1,From FMH TREEPOLE 1069,,, poleq2_ALL,,,,,,,,,,PIED,,
SHOS 01,01Year2,5/1/2001 12:00:00 AM,31,True,2,0.5,96,L,7.2,3,,X,,,,,,,,,,,,,,,,,,,,,-1,,-1,,-1,,-1,,-1,From FMH TREEPOLE 1069,,, poleq2_ALL,,,,,,,,,,PIED,,
SHOS 01,01Year2,5/1/2001 12:00:00 AM,32,True,2,0.5,97,L,12.3,4,,X,,,,,,,,,,,,,,,,,,,,,-1,,-1,,-1,,-1,,-1,From FMH TREEPOLE 1069,,, poleq2_ALL,,,,,,,,,,JUOS,,
SHOS 01,01Year2,5/1/2001 12:00:00 AM,33,True,2,0.5,98,L,10,3,,X,,,,,,,,,,,,,,,,,,,,,-1,,-1,,-1,,-1,,-1,From FMH TREEPOLE 1069,,, poleq2_ALL,,,,,,,,,,PIED,,
SHOS 01,01Year2,5/1/2001 12:00:00 AM,34,True,2,0.5,99,D,5.3,3,,X,,,,,,,,,,,,,,,,,,,,,-1,,-1,,-1,,-1,,-1,From FMH TREEPOLE 1069,,, poleq2_ALL,,,,,,,,,,PIED,,
SHOS 01,01Year2,5/1/2001 12:00:00 AM,35,True,2,0.5,100,D,7.3,3,,X,,,,,,,,,,,,,,,,,,,,,-1,,-1,,-1,,-1,,-1,From FMH TREEPOLE 1069,,, poleq2_ALL,,,,,,,,,,PIED,,
SHOS 01,01Year2,5/1/2001 12:00:00 AM,36,True,2,0.5,152,L,6.1,3,,X,,,,,,,,,,,,,,,,,,,,,-1,,-1,,-1,,-1,,-1,From FMH TREEPOLE 1069,,, poleq2_ALL,,,,,,,,,,PIED,,
SHOS 01,01Year2,5/1/2001 12:00:00 AM,37,True,2,0.5,153,L,10.8,3,,X,,,,,,,,,,,,,,,,,,,,,-1,,-1,,-1,,-1,,-1,From FMH TREEPOLE 1069,,, poleq2_ALL,,,,,,,,,,PIED,,
SHOS 01,01Year2,5/1/2001 12:00:00 AM,38,True,2,0.5,154,L,4.6,3,,X,,,,,,,,,,,,,,,,,,,,,-1,,-1,,-1,,-1,,-1,From FMH TREEPOLE 1069,,, poleq2_ALL,,,,,,,,,,PIED,,
SHOS 01,01Year2,5/1/2001 12:00:00 AM,39,True,2,0.5,155,L,3.7,2,,X,,,,,,,,,,,,,,,,,,,,,-1,,-1,,-1,,-1,,-1,From FMH TREEPOLE 1069,,, poleq2_ALL,,,,,,,,,,PIED,,
SHOS 01,01Year2,5/1/2001 12:00:00 AM,40,True,2,0.5,156,L,8.7,4,,X,,,,,,,,,,,,,,,,,,,,,-1,,-1,,-1,,-1,,-1,From FMH TREEPOLE 1069,,, poleq2_ALL,,,,,,,,,,PIED,,
SHOS 01,01Year2,5/1/2001 12:00:00 AM,41,True,2,0.5,157,L,5.3,3,,X,,,,,,,,,,,,,,,,,,,,,-1,,-1,,-1,,-1,,-1,From FMH TREEPOLE 1069,,, poleq2_ALL,,,,,,,,,,PIED,,
SHOS 01,01Year2,5/1/2001 12:00:00 AM,42,True,2,0.5,158,D,3.5,2,,X,,,,,,,,,,,,,,,,,,,,,-1,,-1,,-1,,-1,,-1,From FMH TREEPOLE 1069,,, poleq2_ALL,,,,,,,,,,JUOS,,
SHOS 01,01Year2,5/1/2001 12:00:00 AM,43,True,2,0.5,159,D,12.8,3,,X,,,,,,,,,,,,,,,,,,,,,-1,,-1,,-1,,-1,,-1,From FMH TREEPOLE 1069,,, poleq2_ALL,,,,,,,,,,JUOS,,
SHOS 01,01Year2,5/1/2001 12:00:00 AM,1001,True,1,1,2,L,29.8,,,C,,,,,,,,,,,,,,,,,,,,,-1,,-1,,-1,,-1,,-1,FMH TREEOVER 1067,,, overq1_ALL,,,,,,,,,,JUOS,,
SHOS 01,01Year2,5/1/2001 12:00:00 AM,1002,True,1,1,5,D,23.6,,,LBS,,,,,,,,,,,,,,,,,,,,,-1,,-1,,-1,,-1,,-1,FMH TREEOVER 1067,,, overq1_ALL,,,,,,,,,,PIED,,
SHOS 01,01Year2,5/1/2001 12:00:00 AM,1003,True,1,1,6,L,20.9,,,C,,,,,,,,,,,,,,,,,,,,,-1,,-1,,-1,,-1,,-1,FMH TREEOVER 1067,,, overq1_ALL,,,,,,,,,,JUOS,,
SHOS 01,01Year2,5/1/2001 12:00:00 AM,1004,True,1,1,7,L,21.4,,,C,,,,,,,,,,,,,,,,,,,,,-1,,-1,,-1,,-1,,-1,FMH TREEOVER 1067,,, overq1_ALL,,,,,,,,,,JUOS,,
SHOS 01,01Year2,5/1/2001 12:00:00 AM,1005,True,1,1,9,L,16.8,,,I,,,,,,,,,,,,,,,,,,,,MISL,-1,,-1,,-1,,-1,,-1,FMH TREEOVER 1067,,, overq1_ALL,,,,,,,,,,PIED,,
SHOS 01,01Year2,5/1/2001 12:00:00 AM,1006,True,1,1,10,L,28.9,,,C,,,,,,,,,,,,,,,,,,,,MISL,-1,,-1,,-1,,-1,,-1,FMH TREEOVER 1067,,, overq1_ALL,,,,,,,,,,JUOS,,
SHOS 01,01Year2,5/1/2001 12:00:00 AM,1007,True,1,1,12,L,16.8,,,SC,,,,,,,,,,,,,,,,,,,,MISL,-1,ABGR,-1,,-1,,-1,,-1,FMH TREEOVER 1067,,, overq1_ALL,,,,,,,,,,PIED,,
SHOS 01,01Year2,5/1/2001 12:00:00 AM,1008,True,1,1,13,L,18.1,,,C,,,,,,,,,,,,,,,,,,,,MISL,-1,,-1,,-1,,-1,,-1,FMH TREEOVER 1067,,, overq1_ALL,,,,,,,,,,PIED,,
SHOS 01,01Year2,5/1/2001 12:00:00 AM,1009,True,1,1,14,L,20.6,,,I,,,,,,,,,,,,,,,,,,,,MISL,-1,,-1,,-1,,-1,,-1,FMH TREEOVER 1067,,, overq1_ALL,,,,,,,,,,JUOS,,
SHOS 01,01Year2,5/1/2001 12:00:00 AM,1010,True,1,1,15,L,22.8,,,I,,,,,,,,,,,,,,,,,,,,MISL,-1,ABGR,-1,,-1,,-1,,-1,FMH TREEOVER 1067,,, overq1_ALL,,,,,,,,,,JUOS,,
SHOS 01,01Year2,5/1/2001 12:00:00 AM,1011,True,2,1,16,L,20.4,,,I,,,,,,,,,,,,,,,,,,,,,-1,,-1,,-1,,-1,,-1,FMH TREEOVER 1067,,, overq2_ALL,,,,,,,,,,JUOS,,
SHOS 01,01Year2,5/1/2001 12:00:00 AM,1012,True,2,1,17,L,16.9,,,I,,,,,,,,,,,,,,,,,,,,,-1,,-1,,-1,,-1,,-1,FMH TREEOVER 1067,,, overq2_ALL,,,,,,,,,,JUOS,,
SHOS 01,01Year2,5/1/2001 12:00:00 AM,1013,True,2,1,18,L,19.9,,,SC,,,,,,,,,,,,,,,,,,,,,-1,,-1,,-1,,-1,,-1,FMH TREEOVER 1067,,, overq2_ALL,,,,,,,,,,JUOS,,
SHOS 01,01Year2,5/1/2001 12:00:00 AM,1014,True,2,1,19,L,17,,,SC,,,,,,,,,,,,,,,,,,,,,-1,,-1,,-1,,-1,,-1,FMH TREEOVER 1067,,, overq2_ALL,,,,,,,,,,PIED,,
SHOS 01,01Year2,5/1/2001 12:00:00 AM,1015,True,2,1,20,L,17.5,,,SC,,,,,,,,,,,,,,,,,,,,MISL,-1,ABGR,-1,,-1,,-1,,-1,FMH TREEOVER 1067,,, overq2_ALL,,,,,,,,,,PIED,,
SHOS 01,01Year2,5/1/2001 12:00:00 AM,1016,True,2,1,21,L,20.2,,,C,,,,,,,,,,,,,,,,,,,,MISL,-1,ABGR,-1,,-1,,-1,,-1,FMH TREEOVER 1067,,, overq2_ALL,,,,,,,,,,PIED,,
SHOS 01,01Year2,5/1/2001 12:00:00 AM,1017,True,2,1,22,L,16.5,,,I,,,,,,,,,,,,,,,,,,,,MISL,-1,ABGR,-1,SPAR,-1,,-1,,-1,FMH TREEOVER 1067,,, overq2_ALL,,,,,,,,,,PIED,,
SHOS 01,01Year2,5/1/2001 12:00:00 AM,1018,True,2,1,23,L,17.8,,,I,,,,,,,,,,,,,,,,,,,,MISL,-1,,-1,,-1,,-1,,-1,FMH TREEOVER 1067,,, overq2_ALL,,,,,,,,,,JUOS,,
SHOS 01,01Year2,5/1/2001 12:00:00 AM,1019,True,2,1,24,D,24.5,,,BAD,,,,,,,,,,,,,,,,,,,,,-1,,-1,,-1,,-1,,-1,FMH TREEOVER 1067,,, overq2_ALL,,,,,,,,,,PIED,,
SHOS 01,01Year2,5/1/2001 12:00:00 AM,1020,True,2,1,25,L,33.3,,,I,,,,,,,,,,,,,,,,,,,,,-1,,-1,,-1,,-1,,-1,FMH TREEOVER 1067,,, overq2_ALL,,,,,,,,,,JUOS,,
SHOS 01,01Year2,5/1/2001 12:00:00 AM,1021,True,3,1,26,L,21.5,,,I,,,,,,,,,,,,,,,,,,,,DTOP,-1,,-1,,-1,,-1,,-1,FMH TREEOVER 1067,,, overq3_ALL,,,,,,,,,,JUOS,,
SHOS 01,01Year2,5/1/2001 12:00:00 AM,1022,True,3,1,27,L,25,,,C,,,,,,,,,,,,,,,,,,,,,-1,,-1,,-1,,-1,,-1,FMH TREEOVER 1067,,, overq3_ALL,,,,,,,,,,JUOS,,
SHOS 01,01Year2,5/1/2001 12:00:00 AM,1023,True,3,1,28,L,51.3,,,C,,,,,,,,,,,,,,,,,,,,SPAR,-1,,-1,,-1,,-1,,-1,FMH TREEOVER 1067,,, overq3_ALL,,,,,,,,,,JUOS,,
SHOS 01,01Year2,5/1/2001 12:00:00 AM,1024,True,3,1,29,L,15.6,,,C,,,,,,,,,,,,,,,,,,,,,-1,,-1,,-1,,-1,,-1,FMH TREEOVER 1067,,, overq3_ALL,,,,,,,,,,JUOS,,
SHOS 01,01Year2,5/1/2001 12:00:00 AM,1025,True,3,1,30,L,41.8,,,D,,,,,,,,,,,,,,,,,,,,FORK,-1,,-1,,-1,,-1,,-1,FMH TREEOVER 1067,,, overq3_ALL,,,,,,,,,,PIED,,
SHOS 01,01Year2,5/1/2001 12:00:00 AM,1026,True,3,1,31,L,23.9,,,D,,,,,,,,,,,,,,,,,,,,,-1,,-1,,-1,,-1,,-1,FMH TREEOVER 1067,,, overq3_ALL,,,,,,,,,,PIED,,
SHOS 01,01Year2,5/1/2001 12:00:00 AM,1027,True,3,1,33,L,40.9,,,C,,,,,,,,,,,,,,,,,,,,MISL,-1,,-1,,-1,,-1,,-1,FMH TREEOVER 1067,,, overq3_ALL,,,,,,,,,,JUOS,,
SHOS 01,01Year2,5/1/2001 12:00:00 AM,1028,True,3,1,34,L,28.4,,,C,,,,,,,,,,,,,,,,,,,,,-1,,-1,,-1,,-1,,-1,FMH TREEOVER 1067,,, overq3_ALL,,,,,,,,,,JUOS,,
SHOS 01,01Year2,5/1/2001 12:00:00 AM,1029,True,3,1,35,L,20.5,,,SC,,,,,,,,,,,,,,,,,,,,MISL,-1,ABGR,-1,,-1,,-1,,-1,FMH TREEOVER 1067,,, overq3_ALL,,,,,,,,,,PIED,,
SHOS 01,01Year2,5/1/2001 12:00:00 AM,1030,True,4,1,36,L,19.6,,,I,,,,,,,,,,,,,,,,,,,,,-1,,-1,,-1,,-1,,-1,FMH TREEOVER 1067,,, overq4_ALL,,,,,,,,,,JUOS,,
SHOS 01,01Year2,5/1/2001 12:00:00 AM,1031,True,4,1,37,L,22.6,,,I,,,,,,,,,,,,,,,,,,,,MISL,-1,,-1,,-1,,-1,,-1,FMH TREEOVER 1067,,, overq4_ALL,,,,,,,,,,JUOS,,
SHOS 01,01Year2,5/1/2001 12:00:00 AM,1032,True,4,1,38,L,17.7,,,I,,,,,,,,,,,,,,,,,,,,,-1,,-1,,-1,,-1,,-1,FMH TREEOVER 1067,,, overq4_ALL,,,,,,,,,,PIED,,
SHOS 01,01Year2,5/1/2001 12:00:00 AM,1033,True,4,1,39,L,23.8,,,I,,,,,,,,,,,,,,,,,,,,MISL,-1,SPAR,-1,,-1,,-1,,-1,FMH TREEOVER 1067,,, overq4_ALL,,,,,,,,,,JUOS,,
SHOS 01,01Year2,5/1/2001 12:00:00 AM,1034,True,4,1,40,L,15.6,,,I,,,,,,,,,,,,,,,,,,,,MISL,-1,ABGR,-1,SPAR,-1,,-1,,-1,FMH TREEOVER 1067,,, overq4_ALL,,,,,,,,,,PIED,,
SHOS 01,01Year2,5/1/2001 12:00:00 AM,1035,True,4,1,41,L,24,,,I,,,,,,,,,,,,,,,,,,,,ABGR,-1,SPAR,-1,DTOP,-1,,-1,,-1,FMH TREEOVER 1067,,, overq4_ALL,,,,,,,,,,JUOS,,
SHOS 01,01Year2,5/1/2001 12:00:00 AM,1036,True,4,1,42,L,64.8,,,I,,,,,,,,,,,,,,,,,,,,SPAR,-1,,-1,,-1,,-1,,-1,FMH TREEOVER 1067,,, overq4_ALL,,,,,,,,,,JUOS,,
SHOS 01,01Year2,5/1/2001 12:00:00 AM,1037,True,4,1,43,L,19.1,,,C,,,,,,,,,,,,,,,,,,,,ABGR,-1,,-1,,-1,,-1,,-1,FMH TREEOVER 1067,,, overq4_ALL,,,,,,,,,,PIED,,
SHOS 01,01Year2,5/1/2001 12:00:00 AM,1038,True,4,1,44,L,29.8,,,I,,,,,,,,,,,,,,,,,,,,ABGR,-1,,-1,,-1,,-1,,-1,FMH TREEOVER 1067,,, overq4_ALL,,,,,,,,,,JUOS,,
SHOS 01,01Year2,5/1/2001 12:00:00 AM,1039,True,4,1,45,D,20.7,,,BAD,,,,,,,,,,,,,,,,,,,,,-1,,-1,,-1,,-1,,-1,FMH TREEOVER 1067,,, overq4_ALL,,,,,,,,,,JUOS,,
SHOS 01,01Year2,5/1/2001 12:00:00 AM,1040,True,4,1,46,L,41.3,,,I,,,,,,,,,,,,,,,,,,,,SPAR,-1,,-1,,-1,,-1,,-1,FMH TREEOVER 1067,,, overq4_ALL,,,,,,,,,,JUOS,,
SHOS 01,01Year5,5/18/2004 12:00:00 AM,,,,,,,,,,,,,,,,,,,,,,,,,,,,,,,,,,,,,,,,,,,,0.1,0.1,15,,,,,,,,True,
SHOS 01,01Year5,5/18/2004 12:00:00 AM,1,True,1,0.5,1,L,15,6,,X,,,,,,,,,,,,,,,,,,,,,-1,,-1,,-1,,-1,,-1,From FMH TREEPOLE 1069,,, poleq1_ALL,,,,,,,,,,PIED,,
SHOS 01,01Year5,5/18/2004 12:00:00 AM,2,True,1,0.5,4,L,14.4,5,,X,,,,,,,,,,,,,,,,,,,,,-1,,-1,,-1,,-1,,-1,From FMH TREEPOLE 1069,,, poleq1_ALL,,,,,,,,,,PIED,,
SHOS 01,01Year5,5/18/2004 12:00:00 AM,3,True,1,0.5,11,D,13,4,,X,,,,,,,,,,,,,,,,,,,,,-1,,-1,,-1,,-1,,-1,From FMH TREEPOLE 1069,,, poleq1_ALL,,,,,,,,,,PIED,,
SHOS 01,01Year5,5/18/2004 12:00:00 AM,4,True,1,0.5,62,L,9,5,,X,,,,,,,,,,,,,,,,,,,,,-1,,-1,,-1,,-1,,-1,From FMH TREEPOLE 1069,,, poleq1_ALL,,,,,,,,,,PIED,,
SHOS 01,01Year5,5/18/2004 12:00:00 AM,5,True,1,0.5,63,L,6.2,3,,X,,,,,,,,,,,,,,,,,,,,,-1,,-1,,-1,,-1,,-1,From FMH TREEPOLE 1069,,, poleq1_ALL,,,,,,,,,,PIED,,
SHOS 01,01Year5,5/18/2004 12:00:00 AM,6,True,1,0.5,64,D,4.5,2,,X,,,,,,,,,,,,,,,,,,,,,-1,,-1,,-1,,-1,,-1,From FMH TREEPOLE 1069,,, poleq1_ALL,,,,,,,,,,PIED,,
SHOS 01,01Year5,5/18/2004 12:00:00 AM,7,True,1,0.5,65,L,3.2,3,,X,,,,,,,,,,,,,,,,,,,,,-1,,-1,,-1,,-1,,-1,From FMH TREEPOLE 1069,,, poleq1_ALL,,,,,,,,,,PIED,,
SHOS 01,01Year5,5/18/2004 12:00:00 AM,8,True,1,0.5,66,L,7.7,3,,X,,,,,,,,,,,,,,,,,,,,,-1,,-1,,-1,,-1,,-1,From FMH TREEPOLE 1069,,, poleq1_ALL,,,,,,,,,,PIED,,
SHOS 01,01Year5,5/18/2004 12:00:00 AM,9,True,1,0.5,67,L,6.9,3,,X,,,,,,,,,,,,,,,,,,,,,-1,,-1,,-1,,-1,,-1,From FMH TREEPOLE 1069,,, poleq1_ALL,,,,,,,,,,PIED,,
SHOS 01,01Year5,5/18/2004 12:00:00 AM,10,True,1,0.5,72,D,9.1,3,,X,,,,,,,,,,,,,,,,,,,,,-1,,-1,,-1,,-1,,-1,From FMH TREEPOLE 1069,,, poleq1_ALL,,,,,,,,,,JUOS,,
SHOS 01,01Year5,5/18/2004 12:00:00 AM,11,True,1,0.5,73,L,6,3,,X,,,,,,,,,,,,,,,,,,,,,-1,,-1,,-1,,-1,,-1,From FMH TREEPOLE 1069,,, poleq1_ALL,,,,,,,,,,PIED,,
SHOS 01,01Year5,5/18/2004 12:00:00 AM,12,True,1,0.5,74,L,3.2,2,,X,,,,,,,,,,,,,,,,,,,,,-1,,-1,,-1,,-1,,-1,From FMH TREEPOLE 1069,,, poleq1_ALL,,,,,,,,,,PIED,,
SHOS 01,01Year5,5/18/2004 12:00:00 AM,13,True,1,0.5,75,L,4.2,3,,X,,,,,,,,,,,,,,,,,,,,,-1,,-1,,-1,,-1,,-1,From FMH TREEPOLE 1069,,, poleq1_ALL,,,,,,,,,,PIED,,
SHOS 01,01Year5,5/18/2004 12:00:00 AM,14,True,1,0.5,80,L,3.2,2,,X,,,,,,,,,,,,,,,,,,,,,-1,,-1,,-1,,-1,,-1,From FMH TREEPOLE 1069,,, poleq1_ALL,,,,,,,,,,PIED,,
SHOS 01,01Year5,5/18/2004 12:00:00 AM,15,True,1,0.5,81,D,11.4,4,,X,,,,,,,,,,,,,,,,,,,,,-1,,-1,,-1,,-1,,-1,From FMH TREEPOLE 1069,,, poleq1_ALL,,,,,,,,,,JUOS,,
SHOS 01,01Year5,5/18/2004 12:00:00 AM,16,True,1,0.5,82,L,7.7,3,,X,,,,,,,,,,,,,,,,,,,,,-1,,-1,,-1,,-1,,-1,From FMH TREEPOLE 1069,,, poleq1_ALL,,,,,,,,,,PIED,,
SHOS 01,01Year5,5/18/2004 12:00:00 AM,17,True,1,0.5,83,L,9.2,3,,X,,,,,,,,,,,,,,,,,,,,,-1,,-1,,-1,,-1,,-1,From FMH TREEPOLE 1069,,, poleq1_ALL,,,,,,,,,,PIED,,
SHOS 01,01Year5,5/18/2004 12:00:00 AM,18,True,1,0.5,84,L,9.6,4,,X,,,,,,,,,,,,,,,,,,,,,-1,,-1,,-1,,-1,,-1,From FMH TREEPOLE 1069,,, poleq1_ALL,,,,,,,,,,PIED,,
SHOS 01,01Year5,5/18/2004 12:00:00 AM,19,True,1,0.5,85,L,13,4,,X,,,,,,,,,,,,,,,,,,,,,-1,,-1,,-1,,-1,,-1,From FMH TREEPOLE 1069,,, poleq1_ALL,,,,,,,,,,PIED,,
SHOS 01,01Year5,5/18/2004 12:00:00 AM,20,True,1,0.5,87,L,11.7,4,,X,,,,,,,,,,,,,,,,,,,,,-1,,-1,,-1,,-1,,-1,From FMH TREEPOLE 1069,,, poleq1_ALL,,,,,,,,,,PIED,,
SHOS 01,01Year5,5/18/2004 12:00:00 AM,21,True,1,0.5,88,L,8.2,4,,X,,,,,,,,,,,,,,,,,,,,,-1,,-1,,-1,,-1,,-1,From FMH TREEPOLE 1069,,, poleq1_ALL,,,,,,,,,,PIED,,
SHOS 01,01Year5,5/18/2004 12:00:00 AM,22,True,1,0.5,89,L,12,4,,X,,,,,,,,,,,,,,,,,,,,,-1,,-1,,-1,,-1,,-1,From FMH TREEPOLE 1069,,, poleq1_ALL,,,,,,,,,,PIED,,
SHOS 01,01Year5,5/18/2004 12:00:00 AM,23,True,1,0.5,90,L,7.6,3,,X,,,,,,,,,,,,,,,,,,,,,-1,,-1,,-1,,-1,,-1,From FMH TREEPOLE 1069,,, poleq1_ALL,,,,,,,,,,PIED,,
SHOS 01,01Year5,5/18/2004 12:00:00 AM,24,True,1,0.5,91,L,5.7,2,,X,,,,,,,,,,,,,,,,,,,,,-1,,-1,,-1,,-1,,-1,From FMH TREEPOLE 1069,,, poleq1_ALL,,,,,,,,,,PIED,,
SHOS 01,01Year5,5/18/2004 12:00:00 AM,25,True,1,0.5,92,L,6.5,3,,X,,,,,,,,,,,,,,,,,,,,,-1,,-1,,-1,,-1,,-1,From FMH TREEPOLE 1069,,, poleq1_ALL,,,,,,,,,,PIED,,
SHOS 01,01Year5,5/18/2004 12:00:00 AM,26,True,1,0.5,130,L,4.8,2,,X,,,,,,,,,,,,,,,,,,,,,-1,,-1,,-1,,-1,,-1,From FMH TREEPOLE 1069,,, poleq1_ALL,,,,,,,,,,PIED,,
SHOS 01,01Year5,5/18/2004 12:00:00 AM,27,True,2,0.5,3,L,5.5,2,,X,,,,,,,,,,,,,,,,,,,,,-1,,-1,,-1,,-1,,-1,From FMH TREEPOLE 1069,,, poleq2_ALL,,,,,,,,,,PIED,,
SHOS 01,01Year5,5/18/2004 12:00:00 AM,28,True,2,0.5,93,L,11.1,4,,X,,,,,,,,,,,,,,,,,,,,,-1,,-1,,-1,,-1,,-1,From FMH TREEPOLE 1069,,, poleq2_ALL,,,,,,,,,,JUOS,,
SHOS 01,01Year5,5/18/2004 12:00:00 AM,29,True,2,0.5,94,D,12.6,4,,X,,,,,,,,,,,,,,,,,,,,,-1,,-1,,-1,,-1,,-1,From FMH TREEPOLE 1069,,, poleq2_ALL,,,,,,,,,,PIED,,
SHOS 01,01Year5,5/18/2004 12:00:00 AM,30,True,2,0.5,95,L,6.5,3,,X,,,,,,,,,,,,,,,,,,,,,-1,,-1,,-1,,-1,,-1,From FMH TREEPOLE 1069,,, poleq2_ALL,,,,,,,,,,PIED,,
SHOS 01,01Year5,5/18/2004 12:00:00 AM,31,True,2,0.5,96,L,7.2,3,,X,,,,,,,,,,,,,,,,,,,,,-1,,-1,,-1,,-1,,-1,From FMH TREEPOLE 1069,,, poleq2_ALL,,,,,,,,,,PIED,,
SHOS 01,01Year5,5/18/2004 12:00:00 AM,32,True,2,0.5,97,L,13.3,4,,X,,,,,,,,,,,,,,,,,,,,,-1,,-1,,-1,,-1,,-1,From FMH TREEPOLE 1069,,, poleq2_ALL,,,,,,,,,,JUOS,,
SHOS 01,01Year5,5/18/2004 12:00:00 AM,33,True,2,0.5,98,L,10.2,4,,X,,,,,,,,,,,,,,,,,,,,,-1,,-1,,-1,,-1,,-1,From FMH TREEPOLE 1069,,, poleq2_ALL,,,,,,,,,,PIED,,
SHOS 01,01Year5,5/18/2004 12:00:00 AM,34,True,2,0.5,99,D,5.3,3,,X,,,,,,,,,,,,,,,,,,,,,-1,,-1,,-1,,-1,,-1,From FMH TREEPOLE 1069,,, poleq2_ALL,,,,,,,,,,PIED,,
SHOS 01,01Year5,5/18/2004 12:00:00 AM,35,True,2,0.5,100,D,7.3,3,,X,,,,,,,,,,,,,,,,,,,,,-1,,-1,,-1,,-1,,-1,From FMH TREEPOLE 1069,,, poleq2_ALL,,,,,,,,,,PIED,,
SHOS 01,01Year5,5/18/2004 12:00:00 AM,36,True,2,0.5,152,L,6.2,3,,X,,,,,,,,,,,,,,,,,,,,,-1,,-1,,-1,,-1,,-1,From FMH TREEPOLE 1069,,, poleq2_ALL,,,,,,,,,,PIED,,
SHOS 01,01Year5,5/18/2004 12:00:00 AM,37,True,2,0.5,153,L,11.4,4,,X,,,,,,,,,,,,,,,,,,,,,-1,,-1,,-1,,-1,,-1,From FMH TREEPOLE 1069,,, poleq2_ALL,,,,,,,,,,PIED,,
SHOS 01,01Year5,5/18/2004 12:00:00 AM,38,True,2,0.5,154,L,4.9,3,,X,,,,,,,,,,,,,,,,,,,,,-1,,-1,,-1,,-1,,-1,From FMH TREEPOLE 1069,,, poleq2_ALL,,,,,,,,,,PIED,,
SHOS 01,01Year5,5/18/2004 12:00:00 AM,39,True,2,0.5,155,L,3.8,2,,X,,,,,,,,,,,,,,,,,,,,,-1,,-1,,-1,,-1,,-1,From FMH TREEPOLE 1069,,, poleq2_ALL,,,,,,,,,,PIED,,
SHOS 01,01Year5,5/18/2004 12:00:00 AM,40,True,2,0.5,156,L,8.9,4,,X,,,,,,,,,,,,,,,,,,,,,-1,,-1,,-1,,-1,,-1,From FMH TREEPOLE 1069,,, poleq2_ALL,,,,,,,,,,PIED,,
SHOS 01,01Year5,5/18/2004 12:00:00 AM,41,True,2,0.5,157,L,5.5,3,,X,,,,,,,,,,,,,,,,,,,,,-1,,-1,,-1,,-1,,-1,From FMH TREEPOLE 1069,,, poleq2_ALL,,,,,,,,,,PIED,,
SHOS 01,01Year5,5/18/2004 12:00:00 AM,42,True,2,0.5,158,D,3.5,2,,X,,,,,,,,,,,,,,,,,,,,,-1,,-1,,-1,,-1,,-1,From FMH TREEPOLE 1069,,, poleq2_ALL,,,,,,,,,,JUOS,,
SHOS 01,01Year5,5/18/2004 12:00:00 AM,43,True,2,0.5,159,D,12.8,3,,X,,,,,,,,,,,,,,,,,,,,,-1,,-1,,-1,,-1,,-1,From FMH TREEPOLE 1069,,, poleq2_ALL,,,,,,,,,,JUOS,,
SHOS 01,01Year5,5/18/2004 12:00:00 AM,1001,True,1,1,2,L,30,,,C,,,,,,,,,,,,,,,,,,,,,-1,,-1,,-1,,-1,,-1,FMH TREEOVER 1067,,, overq1_ALL,,,,,,,,,,JUOS,,
SHOS 01,01Year5,5/18/2004 12:00:00 AM,1002,True,1,1,5,D,23.6,,,LBS,,,,,,,,,,,,,,,,,,,,,-1,,-1,,-1,,-1,,-1,FMH TREEOVER 1067,,, overq1_ALL,,,,,,,,,,PIED,,
SHOS 01,01Year5,5/18/2004 12:00:00 AM,1003,True,1,1,6,L,21.4,,,I,,,,,,,,,,,,,,,,,,,,,-1,,-1,,-1,,-1,,-1,FMH TREEOVER 1067,,, overq1_ALL,,,,,,,,,,JUOS,,
SHOS 01,01Year5,5/18/2004 12:00:00 AM,1004,True,1,1,7,L,22.2,,,I,,,,,,,,,,,,,,,,,,,,,-1,,-1,,-1,,-1,,-1,FMH TREEOVER 1067,,, overq1_ALL,,,,,,,,,,JUOS,,
SHOS 01,01Year5,5/18/2004 12:00:00 AM,1005,True,1,1,9,L,16.5,,,SC,,,,,,,,,,,,,,,,,,,,MISL,-1,SPAR,-1,ABGR,-1,,-1,,-1,FMH TREEOVER 1067,,, overq1_ALL,,,,,,,,,,PIED,,
SHOS 01,01Year5,5/18/2004 12:00:00 AM,1006,True,1,1,10,L,29,,,I,,,,,,,,,,,,,,,,,,,,MISL,-1,,-1,,-1,,-1,,-1,FMH TREEOVER 1067,,, overq1_ALL,,,,,,,,,,JUOS,,
SHOS 01,01Year5,5/18/2004 12:00:00 AM,1007,True,1,1,12,L,16.9,,,SC,,,,,,,,,,,,,,,,,,,,MISL,-1,ABGR,-1,,-1,,-1,,-1,FMH TREEOVER 1067,,, overq1_ALL,,,,,,,,,,PIED,,
SHOS 01,01Year5,5/18/2004 12:00:00 AM,1008,True,1,1,13,L,18.4,,,I,,,,,,,,,,,,,,,,,,,,MISL,-1,,-1,,-1,,-1,,-1,FMH TREEOVER 1067,,, overq1_ALL,,,,,,,,,,PIED,,
SHOS 01,01Year5,5/18/2004 12:00:00 AM,1009,True,1,1,14,L,21.2,,,I,,,,,,,,,,,,,,,,,,,,MISL,-1,,-1,,-1,,-1,,-1,FMH TREEOVER 1067,,, overq1_ALL,,,,,,,,,,JUOS,,
SHOS 01,01Year5,5/18/2004 12:00:00 AM,1010,True,1,1,15,L,23.6,,,SC,,,,,,,,,,,,,,,,,,,,MISL,-1,ABGR,-1,,-1,,-1,,-1,FMH TREEOVER 1067,,, overq1_ALL,,,,,,,,,,JUOS,,
SHOS 01,01Year5,5/18/2004 12:00:00 AM,1011,True,2,1,16,L,19.5,,,I,,,,,,,,,,,,,,,,,,,,,-1,,-1,,-1,,-1,,-1,FMH TREEOVER 1067,,, overq2_ALL,,,,,,,,,,JUOS,,
SHOS 01,01Year5,5/18/2004 12:00:00 AM,1012,True,2,1,17,L,16.8,,,I,,,,,,,,,,,,,,,,,,,,,-1,,-1,,-1,,-1,,-1,FMH TREEOVER 1067,,, overq2_ALL,,,,,,,,,,JUOS,,
SHOS 01,01Year5,5/18/2004 12:00:00 AM,1013,True,2,1,18,L,20.6,,,SC,,,,,,,,,,,,,,,,,,,,SPAR,-1,,-1,,-1,,-1,,-1,FMH TREEOVER 1067,,, overq2_ALL,,,,,,,,,,JUOS,,
SHOS 01,01Year5,5/18/2004 12:00:00 AM,1014,True,2,1,19,L,17.6,,,SC,,,,,,,,,,,,,,,,,,,,MISL,-1,ABGR,-1,,-1,,-1,,-1,FMH TREEOVER 1067,,, overq2_ALL,,,,,,,,,,PIED,,
SHOS 01,01Year5,5/18/2004 12:00:00 AM,1015,True,2,1,20,L,16.9,,,SC,,,,,,,,,,,,,,,,,,,,MISL,-1,ABGR,-1,FORK,-1,DTOP,-1,,-1,FMH TREEOVER 1067,,, overq2_ALL,,,,,,,,,,PIED,,
SHOS 01,01Year5,5/18/2004 12:00:00 AM,1016,True,2,1,21,L,20.6,,,C,,,,,,,,,,,,,,,,,,,,MISL,-1,ABGR,-1,,-1,,-1,,-1,FMH TREEOVER 1067,,, overq2_ALL,,,,,,,,,,PIED,,
SHOS 01,01Year5,5/18/2004 12:00:00 AM,1017,True,2,1,22,L,16.5,,,SC,,,,,,,,,,,,,,,,,,,,MISL,-1,ABGR,-1,SPAR,-1,DTOP,-1,,-1,FMH TREEOVER 1067,,, overq2_ALL,,,,,,,,,,PIED,,
SHOS 01,01Year5,5/18/2004 12:00:00 AM,1018,True,2,1,23,L,19.9,,,SC,,,,,,,,,,,,,,,,,,,,MISL,-1,,-1,,-1,,-1,,-1,FMH TREEOVER 1067,,, overq2_ALL,,,,,,,,,,JUOS,,
SHOS 01,01Year5,5/18/2004 12:00:00 AM,1019,True,2,1,24,D,24.5,,,BAD,,,,,,,,,,,,,,,,,,,,,-1,,-1,,-1,,-1,,-1,FMH TREEOVER 1067,,, overq2_ALL,,,,,,,,,,PIED,,
SHOS 01,01Year5,5/18/2004 12:00:00 AM,1020,True,2,1,25,L,33.5,,,I,,,,,,,,,,,,,,,,,,,,,-1,,-1,,-1,,-1,,-1,FMH TREEOVER 1067,,, overq2_ALL,,,,,,,,,,JUOS,,
SHOS 01,01Year5,5/18/2004 12:00:00 AM,1021,True,3,1,26,L,21.7,,,I,,,,,,,,,,,,,,,,,,,,DTOP,-1,,-1,,-1,,-1,,-1,FMH TREEOVER 1067,,, overq3_ALL,,,,,,,,,,JUOS,,
SHOS 01,01Year5,5/18/2004 12:00:00 AM,1022,True,3,1,27,L,26.1,,,C,,,,,,,,,,,,,,,,,,,,,-1,,-1,,-1,,-1,,-1,FMH TREEOVER 1067,,, overq3_ALL,,,,,,,,,,JUOS,,
SHOS 01,01Year5,5/18/2004 12:00:00 AM,1023,True,3,1,28,L,51.2,,,C,,,,,,,,,,,,,,,,,,,,SPAR,-1,DTOP,-1,,-1,,-1,,-1,FMH TREEOVER 1067,,, overq3_ALL,,,,,,,,,,JUOS,,
SHOS 01,01Year5,5/18/2004 12:00:00 AM,1024,True,3,1,29,L,16.1,,,I,,,,,,,,,,,,,,,,,,,,FORK,-1,,-1,,-1,,-1,,-1,FMH TREEOVER 1067,,, overq3_ALL,,,,,,,,,,JUOS,,
SHOS 01,01Year5,5/18/2004 12:00:00 AM,1025,True,3,1,30,L,42,,,D,,,,,,,,,,,,,,,,,,,,FORK,-1,,-1,,-1,,-1,,-1,FMH TREEOVER 1067,,, overq3_ALL,,,,,,,,,,PIED,,
SHOS 01,01Year5,5/18/2004 12:00:00 AM,1026,True,3,1,31,L,24.1,,,C,,,,,,,,,,,,,,,,,,,,,-1,,-1,,-1,,-1,,-1,FMH TREEOVER 1067,,, overq3_ALL,,,,,,,,,,PIED,,
SHOS 01,01Year5,5/18/2004 12:00:00 AM,1027,True,3,1,33,L,42.1,,,C,,,,,,,,,,,,,,,,,,,,MISL,-1,,-1,,-1,,-1,,-1,FMH TREEOVER 1067,,, overq3_ALL,,,,,,,,,,JUOS,,
SHOS 01,01Year5,5/18/2004 12:00:00 AM,1028,True,3,1,34,L,59,,,C,,,,,,,,,,,,,,,,,,,,,-1,,-1,,-1,,-1,,-1,FMH TREEOVER 1067,,, overq3_ALL,,,,,,,,,,JUOS,,
SHOS 01,01Year5,5/18/2004 12:00:00 AM,1029,True,3,1,35,L,20.5,,,SC,,,,,,,,,,,,,,,,,,,,MISL,-1,ABGR,-1,,-1,,-1,,-1,FMH TREEOVER 1067,,, overq3_ALL,,,,,,,,,,PIED,,
SHOS 01,01Year5,5/18/2004 12:00:00 AM,1030,True,4,1,36,L,20,,,SC,,,,,,,,,,,,,,,,,,,,,-1,,-1,,-1,,-1,,-1,FMH TREEOVER 1067,,, overq4_ALL,,,,,,,,,,JUOS,,
SHOS 01,01Year5,5/18/2004 12:00:00 AM,1031,True,4,1,37,L,21.6,,,I,,,,,,,,,,,,,,,,,,,,MISL,-1,,-1,,-1,,-1,,-1,FMH TREEOVER 1067,,, overq4_ALL,,,,,,,,,,JUOS,,
SHOS 01,01Year5,5/18/2004 12:00:00 AM,1032,True,4,1,38,L,17.9,,,I,,,,,,,,,,,,,,,,,,,,SPAR,-1,WOND,-1,ABGR,-1,DTOP,-1,,-1,FMH TREEOVER 1067,,, overq4_ALL,,,,,,,,,,PIED,,
SHOS 01,01Year5,5/18/2004 12:00:00 AM,1033,True,4,1,39,L,24,,,I,,,,,,,,,,,,,,,,,,,,MISL,-1,SPAR,-1,,-1,,-1,,-1,FMH TREEOVER 1067,,, overq4_ALL,,,,,,,,,,JUOS,,
SHOS 01,01Year5,5/18/2004 12:00:00 AM,1034,True,4,1,40,L,16.2,,,I,,,,,,,,,,,,,,,,,,,,ABGR,-1,SPAR,-1,MISL,-1,,-1,,-1,FMH TREEOVER 1067,,, overq4_ALL,,,,,,,,,,PIED,,
SHOS 01,01Year5,5/18/2004 12:00:00 AM,1035,True,4,1,41,L,24.3,,,SC,,,,,,,,,,,,,,,,,,,,ABGR,-1,SPAR,-1,DTOP,-1,,-1,,-1,FMH TREEOVER 1067,,, overq4_ALL,,,,,,,,,,JUOS,,
SHOS 01,01Year5,5/18/2004 12:00:00 AM,1036,True,4,1,42,L,64.6,,,I,,,,,,,,,,,,,,,,,,,,SPAR,-1,DTOP,-1,,-1,,-1,,-1,FMH TREEOVER 1067,,, overq4_ALL,,,,,,,,,,JUOS,,
SHOS 01,01Year5,5/18/2004 12:00:00 AM,1037,True,4,1,43,L,19.4,,,I,,,,,,,,,,,,,,,,,,,,ABGR,-1,,-1,,-1,,-1,,-1,FMH TREEOVER 1067,,, overq4_ALL,,,,,,,,,,PIED,,
SHOS 01,01Year5,5/18/2004 12:00:00 AM,1038,True,4,1,44,L,28.2,,,I,,,,,,,,,,,,,,,,,,,,ABGR,-1,,-1,,-1,,-1,,-1,FMH TREEOVER 1067,,, overq4_ALL,,,,,,,,,,JUOS,,
SHOS 01,01Year5,5/18/2004 12:00:00 AM,1039,True,4,1,45,D,20.7,,,BAD,,,,,,,,,,,,,,,,,,,,,-1,,-1,,-1,,-1,,-1,FMH TREEOVER 1067,,, overq4_ALL,,,,,,,,,,JUOS,,
SHOS 01,01Year5,5/18/2004 12:00:00 AM,1040,True,4,1,46,L,40.5,,,I,,,,,,,,,,,,,,,,,,,,SPAR,-1,DTOP,-1,,-1,,-1,,-1,FMH TREEOVER 1067,,, overq4_ALL,,,,,,,,,,JUOS,,
SHOS 01,Pre,4/14/1999 12:00:00 AM,,,,,,,,,,,,,,,,,,,,,,,,,,,,,,,,,,,,,,,,,,,,0.1,0.1,15,,,,,,,,True,
SHOS 01,Pre,4/14/1999 12:00:00 AM,1,True,1,0.5,1,L,14.4,7,,X,,,,,,,,,,,,,,,,,,,,,-1,,-1,,-1,,-1,,-1,From FMH TREEPOLE 1069,,, poleq1_ALL,,,,,,,,,,PIED,,
SHOS 01,Pre,4/14/1999 12:00:00 AM,2,True,1,0.5,4,L,14,7,,X,,,,,,,,,,,,,,,,,,,,,-1,,-1,,-1,,-1,,-1,From FMH TREEPOLE 1069,,, poleq1_ALL,,,,,,,,,,PIED,,
SHOS 01,Pre,4/14/1999 12:00:00 AM,3,True,1,0.5,8,L,11.8,7,,X,,,,,,,,,,,,,,,,,,,,,-1,,-1,,-1,,-1,,-1,From FMH TREEPOLE 1069,,, poleq1_ALL,,,,,,,,,,PIED,,
SHOS 01,Pre,4/14/1999 12:00:00 AM,4,True,1,0.5,11,D,13,7,,X,,,,,,,,,,,,,,,,,,,,,-1,,-1,,-1,,-1,,-1,From FMH TREEPOLE 1069,,, poleq1_ALL,,,,,,,,,,PIED,,
SHOS 01,Pre,4/14/1999 12:00:00 AM,5,True,1,0.5,62,L,8.7,5,,X,,,,,,,,,,,,,,,,,,,,,-1,,-1,,-1,,-1,,-1,From FMH TREEPOLE 1069,,, poleq1_ALL,,,,,,,,,,PIED,,
SHOS 01,Pre,4/14/1999 12:00:00 AM,6,True,1,0.5,63,L,6.2,3,,X,,,,,,,,,,,,,,,,,,,,,-1,,-1,,-1,,-1,,-1,From FMH TREEPOLE 1069,,, poleq1_ALL,,,,,,,,,,PIED,,
SHOS 01,Pre,4/14/1999 12:00:00 AM,7,True,1,0.5,64,L,5,2,,X,,,,,,,,,,,,,,,,,,,,,-1,,-1,,-1,,-1,,-1,From FMH TREEPOLE 1069,,, poleq1_ALL,,,,,,,,,,PIED,,
SHOS 01,Pre,4/14/1999 12:00:00 AM,8,True,1,0.5,65,L,3.6,3,,X,,,,,,,,,,,,,,,,,,,,,-1,,-1,,-1,,-1,,-1,From FMH TREEPOLE 1069,,, poleq1_ALL,,,,,,,,,,PIED,,
SHOS 01,Pre,4/14/1999 12:00:00 AM,9,True,1,0.5,66,L,7.2,3,,X,,,,,,,,,,,,,,,,,,,,,-1,,-1,,-1,,-1,,-1,From FMH TREEPOLE 1069,,, poleq1_ALL,,,,,,,,,,PIED,,
SHOS 01,Pre,4/14/1999 12:00:00 AM,10,True,1,0.5,67,L,6.8,3,,X,,,,,,,,,,,,,,,,,,,,,-1,,-1,,-1,,-1,,-1,From FMH TREEPOLE 1069,,, poleq1_ALL,,,,,,,,,,PIED,,
SHOS 01,Pre,4/14/1999 12:00:00 AM,11,True,1,0.5,72,D,9.4,3,,X,,,,,,,,,,,,,,,,,,,,,-1,,-1,,-1,,-1,,-1,From FMH TREEPOLE 1069,,, poleq1_ALL,,,,,,,,,,JUOS,,
SHOS 01,Pre,4/14/1999 12:00:00 AM,12,True,1,0.5,73,L,6.2,3,,X,,,,,,,,,,,,,,,,,,,,,-1,,-1,,-1,,-1,,-1,From FMH TREEPOLE 1069,,, poleq1_ALL,,,,,,,,,,PIED,,
SHOS 01,Pre,4/14/1999 12:00:00 AM,13,True,1,0.5,74,L,3.3,2,,X,,,,,,,,,,,,,,,,,,,,,-1,,-1,,-1,,-1,,-1,From FMH TREEPOLE 1069,,, poleq1_ALL,,,,,,,,,,PIED,,
SHOS 01,Pre,4/14/1999 12:00:00 AM,14,True,1,0.5,75,L,4.2,2,,X,,,,,,,,,,,,,,,,,,,,,-1,,-1,,-1,,-1,,-1,From FMH TREEPOLE 1069,,, poleq1_ALL,,,,,,,,,,PIED,,
SHOS 01,Pre,4/14/1999 12:00:00 AM,15,True,1,0.5,80,L,3.3,2,,X,,,,,,,,,,,,,,,,,,,,,-1,,-1,,-1,,-1,,-1,From FMH TREEPOLE 1069,,, poleq1_ALL,,,,,,,,,,PIED,,
SHOS 01,Pre,4/14/1999 12:00:00 AM,16,True,1,0.5,81,D,10.7,3,,X,,,,,,,,,,,,,,,,,,,,,-1,,-1,,-1,,-1,,-1,From FMH TREEPOLE 1069,,, poleq1_ALL,,,,,,,,,,JUOS,,
SHOS 01,Pre,4/14/1999 12:00:00 AM,17,True,1,0.5,82,L,7.7,3,,X,,,,,,,,,,,,,,,,,,,,,-1,,-1,,-1,,-1,,-1,From FMH TREEPOLE 1069,,, poleq1_ALL,,,,,,,,,,PIED,,
SHOS 01,Pre,4/14/1999 12:00:00 AM,18,True,1,0.5,84,L,9.8,4,,X,,,,,,,,,,,,,,,,,,,,,-1,,-1,,-1,,-1,,-1,From FMH TREEPOLE 1069,,, poleq1_ALL,,,,,,,,,,PIED,,
SHOS 01,Pre,4/14/1999 12:00:00 AM,19,True,1,0.5,85,L,12.3,4,,X,,,,,,,,,,,,,,,,,,,,,-1,,-1,,-1,,-1,,-1,From FMH TREEPOLE 1069,,, poleq1_ALL,,,,,,,,,,PIED,,
SHOS 01,Pre,4/14/1999 12:00:00 AM,20,True,1,0.5,87,L,11.2,4,,X,,,,,,,,,,,,,,,,,,,,,-1,,-1,,-1,,-1,,-1,From FMH TREEPOLE 1069,,, poleq1_ALL,,,,,,,,,,PIED,,
SHOS 01,Pre,4/14/1999 12:00:00 AM,21,True,1,0.5,88,L,8.4,4,,X,,,,,,,,,,,,,,,,,,,,,-1,,-1,,-1,,-1,,-1,From FMH TREEPOLE 1069,,, poleq1_ALL,,,,,,,,,,PIED,,
SHOS 01,Pre,4/14/1999 12:00:00 AM,22,True,1,0.5,89,L,12,4,,X,,,,,,,,,,,,,,,,,,,,,-1,,-1,,-1,,-1,,-1,From FMH TREEPOLE 1069,,, poleq1_ALL,,,,,,,,,,PIED,,
SHOS 01,Pre,4/14/1999 12:00:00 AM,23,True,1,0.5,90,L,6.6,3,,X,,,,,,,,,,,,,,,,,,,,,-1,,-1,,-1,,-1,,-1,From FMH TREEPOLE 1069,,, poleq1_ALL,,,,,,,,,,PIED,,
SHOS 01,Pre,4/14/1999 12:00:00 AM,24,True,1,0.5,91,L,5.9,3,,X,,,,,,,,,,,,,,,,,,,,,-1,,-1,,-1,,-1,,-1,From FMH TREEPOLE 1069,,, poleq1_ALL,,,,,,,,,,PIED,,
SHOS 01,Pre,4/14/1999 12:00:00 AM,25,True,1,0.5,92,L,6.4,2,,X,,,,,,,,,,,,,,,,,,,,,-1,,-1,,-1,,-1,,-1,From FMH TREEPOLE 1069,,, poleq1_ALL,,,,,,,,,,PIED,,
SHOS 01,Pre,4/14/1999 12:00:00 AM,26,True,2,0.5,93,L,11,3,,X,,,,,,,,,,,,,,,,,,,,,-1,,-1,,-1,,-1,,-1,From FMH TREEPOLE 1069,,, poleq2_ALL,,,,,,,,,,PIED,,
SHOS 01,Pre,4/14/1999 12:00:00 AM,27,True,2,0.5,94,D,13.3,4,,X,,,,,,,,,,,,,,,,,,,,,-1,,-1,,-1,,-1,,-1,From FMH TREEPOLE 1069,,, poleq2_ALL,,,,,,,,,,PIED,,
SHOS 01,Pre,4/14/1999 12:00:00 AM,28,True,2,0.5,95,L,6.3,3,,X,,,,,,,,,,,,,,,,,,,,,-1,,-1,,-1,,-1,,-1,From FMH TREEPOLE 1069,,, poleq2_ALL,,,,,,,,,,PIED,,
SHOS 01,Pre,4/14/1999 12:00:00 AM,29,True,2,0.5,96,L,6.8,3,,X,,,,,,,,,,,,,,,,,,,,,-1,,-1,,-1,,-1,,-1,From FMH TREEPOLE 1069,,, poleq2_ALL,,,,,,,,,,PIED,,
SHOS 01,Pre,4/14/1999 12:00:00 AM,30,True,2,0.5,97,L,12.4,4,,X,,,,,,,,,,,,,,,,,,,,,-1,,-1,,-1,,-1,,-1,From FMH TREEPOLE 1069,,, poleq2_ALL,,,,,,,,,,JUOS,,
SHOS 01,Pre,4/14/1999 12:00:00 AM,31,True,2,0.5,98,L,10,3,,X,,,,,,,,,,,,,,,,,,,,,-1,,-1,,-1,,-1,,-1,From FMH TREEPOLE 1069,,, poleq2_ALL,,,,,,,,,,PIED,,
SHOS 01,Pre,4/14/1999 12:00:00 AM,32,True,2,0.5,99,D,4,3,,X,,,,,,,,,,,,,,,,,,,,,-1,,-1,,-1,,-1,,-1,From FMH TREEPOLE 1069,,, poleq2_ALL,,,,,,,,,,PIED,,
SHOS 01,Pre,4/14/1999 12:00:00 AM,33,True,2,0.5,100,D,7.3,3,,X,,,,,,,,,,,,,,,,,,,,,-1,,-1,,-1,,-1,,-1,From FMH TREEPOLE 1069,,, poleq2_ALL,,,,,,,,,,PIED,,
SHOS 01,Pre,4/14/1999 12:00:00 AM,34,True,2,0.5,152,L,6,3,,X,,,,,,,,,,,,,,,,,,,,,-1,,-1,,-1,,-1,,-1,From FMH TREEPOLE 1069,,, poleq2_ALL,,,,,,,,,,PIED,,
SHOS 01,Pre,4/14/1999 12:00:00 AM,35,True,2,0.5,153,L,9.5,4,,X,,,,,,,,,,,,,,,,,,,,,-1,,-1,,-1,,-1,,-1,From FMH TREEPOLE 1069,,, poleq2_ALL,,,,,,,,,,PIED,,
SHOS 01,Pre,4/14/1999 12:00:00 AM,36,True,2,0.5,154,L,4.5,3,,X,,,,,,,,,,,,,,,,,,,,,-1,,-1,,-1,,-1,,-1,From FMH TREEPOLE 1069,,, poleq2_ALL,,,,,,,,,,PIED,,
SHOS 01,Pre,4/14/1999 12:00:00 AM,37,True,2,0.5,155,L,3.5,2,,X,,,,,,,,,,,,,,,,,,,,,-1,,-1,,-1,,-1,,-1,From FMH TREEPOLE 1069,,, poleq2_ALL,,,,,,,,,,PIED,,
SHOS 01,Pre,4/14/1999 12:00:00 AM,38,True,2,0.5,156,L,8.7,3,,X,,,,,,,,,,,,,,,,,,,,,-1,,-1,,-1,,-1,,-1,From FMH TREEPOLE 1069,,, poleq2_ALL,,,,,,,,,,PIED,,
SHOS 01,Pre,4/14/1999 12:00:00 AM,39,True,2,0.5,157,L,5,2,,X,,,,,,,,,,,,,,,,,,,,,-1,,-1,,-1,,-1,,-1,From FMH TREEPOLE 1069,,, poleq2_ALL,,,,,,,,,,PIED,,
SHOS 01,Pre,4/14/1999 12:00:00 AM,40,True,2,0.5,158,D,3.7,1,,X,,,,,,,,,,,,,,,,,,,,,-1,,-1,,-1,,-1,,-1,From FMH TREEPOLE 1069,,, poleq2_ALL,,,,,,,,,,JUOS,,
SHOS 01,Pre,4/14/1999 12:00:00 AM,41,True,2,0.5,159,D,13,3,,X,,,,,,,,,,,,,,,,,,,,,-1,,-1,,-1,,-1,,-1,From FMH TREEPOLE 1069,,, poleq2_ALL,,,,,,,,,,JUOS,,
SHOS 01,Pre,4/14/1999 12:00:00 AM,1001,True,1,1,2,L,29.5,,,I,,,,,,,,,,,,,,,,,,,,TWIN,-1,,-1,,-1,,-1,,-1,FMH TREEOVER 1067,,, overq1_ALL,,,,,,,,,,JUOS,,
SHOS 01,Pre,4/14/1999 12:00:00 AM,1002,True,1,1,5,D,23.9,,,X,,,,,,,,,,,,,,,,,,,,,-1,,-1,,-1,,-1,,-1,FMH TREEOVER 1067,,, overq1_ALL,,,,,,,,,,PIED,,
SHOS 01,Pre,4/14/1999 12:00:00 AM,1003,True,1,1,6,L,20.7,,,D,,,,,,,,,,,,,,,,,,,,,-1,,-1,,-1,,-1,,-1,FMH TREEOVER 1067,,, overq1_ALL,,,,,,,,,,JUOS,,
SHOS 01,Pre,4/14/1999 12:00:00 AM,1004,True,1,1,7,L,20.9,,,D,,,,,,,,,,,,,,,,,,,,LEAN,-1,,-1,,-1,,-1,,-1,FMH TREEOVER 1067,,, overq1_ALL,,,,,,,,,,JUOS,,
SHOS 01,Pre,4/14/1999 12:00:00 AM,1005,True,1,1,9,L,16.9,,,SC,,,,,,,,,,,,,,,,,,,,CROK,-1,,-1,,-1,,-1,,-1,FMH TREEOVER 1067,,, overq1_ALL,,,,,,,,,,PIED,,
SHOS 01,Pre,4/14/1999 12:00:00 AM,1006,True,1,1,10,L,28.3,,,I,,,,,,,,,,,,,,,,,,,,INSE,-1,,-1,,-1,,-1,,-1,FMH TREEOVER 1067,,, overq1_ALL,,,,,,,,,,JUOS,,
SHOS 01,Pre,4/14/1999 12:00:00 AM,1007,True,1,1,12,L,16.4,,,SC,,,,,,,,,,,,,,,,,,,,CROK,-1,TWIN,-1,,-1,,-1,,-1,FMH TREEOVER 1067,,, overq1_ALL,,,,,,,,,,PIED,,
SHOS 01,Pre,4/14/1999 12:00:00 AM,1008,True,1,1,13,L,17.7,,,I,,,,,,,,,,,,,,,,,,,,CROK,-1,,-1,,-1,,-1,,-1,FMH TREEOVER 1067,,, overq1_ALL,,,,,,,,,,PIED,,
SHOS 01,Pre,4/14/1999 12:00:00 AM,1009,True,1,1,14,L,20.3,,,I,,,,,,,,,,,,,,,,,,,,,-1,,-1,,-1,,-1,,-1,FMH TREEOVER 1067,,, overq1_ALL,,,,,,,,,,JUOS,,
SHOS 01,Pre,4/14/1999 12:00:00 AM,1010,True,1,1,15,L,22.7,,,I,,,,,,,,,,,,,,,,,,,,,-1,,-1,,-1,,-1,,-1,FMH TREEOVER 1067,,, overq1_ALL,,,,,,,,,,JUOS,,
SHOS 01,Pre,4/14/1999 12:00:00 AM,1011,True,2,1,16,L,18.5,,,I,,,,,,,,,,,,,,,,,,,,,-1,,-1,,-1,,-1,,-1,FMH TREEOVER 1067,,, overq2_ALL,,,,,,,,,,JUOS,,
SHOS 01,Pre,4/14/1999 12:00:00 AM,1012,True,2,1,17,L,16.3,,,I,,,,,,,,,,,,,,,,,,,,TWIN,-1,,-1,,-1,,-1,,-1,FMH TREEOVER 1067,,, overq2_ALL,,,,,,,,,,JUOS,,
SHOS 01,Pre,4/14/1999 12:00:00 AM,1013,True,2,1,18,L,19.4,,,I,,,,,,,,,,,,,,,,,,,,CROK,-1,,-1,,-1,,-1,,-1,FMH TREEOVER 1067,,, overq2_ALL,,,,,,,,,,JUOS,,
SHOS 01,Pre,4/14/1999 12:00:00 AM,1014,True,2,1,19,L,16.9,,,SC,,,,,,,,,,,,,,,,,,,,CROK,-1,,-1,,-1,,-1,,-1,FMH TREEOVER 1067,,, overq2_ALL,,,,,,,,,,PIED,,
SHOS 01,Pre,4/14/1999 12:00:00 AM,1015,True,2,1,20,L,16.6,,,I,,,,,,,,,,,,,,,,,,,,CROK,-1,WOND,-1,,-1,,-1,,-1,FMH TREEOVER 1067,,, overq2_ALL,,,,,,,,,,PIED,,
SHOS 01,Pre,4/14/1999 12:00:00 AM,1016,True,2,1,21,L,20,,,C,,,,,,,,,,,,,,,,,,,,CROK,-1,,-1,,-1,,-1,,-1,FMH TREEOVER 1067,,, overq2_ALL,,,,,,,,,,PIED,,
SHOS 01,Pre,4/14/1999 12:00:00 AM,1017,True,2,1,22,L,16.3,,,I,,,,,,,,,,,,,,,,,,,,SPAR,-1,CROK,-1,,-1,,-1,,-1,FMH TREEOVER 1067,,, overq2_ALL,,,,,,,,,,PIED,,
SHOS 01,Pre,4/14/1999 12:00:00 AM,1018,True,2,1,23,L,18.9,,,I,,,,,,,,,,,,,,,,,,,,INSE,-1,,-1,,-1,,-1,,-1,FMH TREEOVER 1067,,, overq2_ALL,,,,,,,,,,JUOS,,
SHOS 01,Pre,4/14/1999 12:00:00 AM,1019,True,2,1,24,D,24.8,,,X,,,,,,,,,,,,,,,,,,,,,-1,,-1,,-1,,-1,,-1,FMH TREEOVER 1067,,, overq2_ALL,,,,,,,,,,PIED,,
SHOS 01,Pre,4/14/1999 12:00:00 AM,1020,True,2,1,25,L,32.8,,,I,,,,,,,,,,,,,,,,,,,,TWIN,-1,,-1,,-1,,-1,,-1,FMH TREEOVER 1067,,, overq2_ALL,,,,,,,,,,JUOS,,
SHOS 01,Pre,4/14/1999 12:00:00 AM,1021,True,3,1,26,L,21.2,,,SC,,,,,,,,,,,,,,,,,,,,,-1,,-1,,-1,,-1,,-1,FMH TREEOVER 1067,,, overq3_ALL,,,,,,,,,,JUOS,,
SHOS 01,Pre,4/14/1999 12:00:00 AM,1022,True,3,1,27,L,25,,,I,,,,,,,,,,,,,,,,,,,,,-1,,-1,,-1,,-1,,-1,FMH TREEOVER 1067,,, overq3_ALL,,,,,,,,,,JUOS,,
SHOS 01,Pre,4/14/1999 12:00:00 AM,1023,True,3,1,28,L,51.3,,,I,,,,,,,,,,,,,,,,,,,,SPAR,-1,TWIN,-1,,-1,,-1,,-1,FMH TREEOVER 1067,,, overq3_ALL,,,,,,,,,,JUOS,,
SHOS 01,Pre,4/14/1999 12:00:00 AM,1024,True,3,1,29,L,15.5,,,SC,,,,,,,,,,,,,,,,,,,,TWIN,-1,,-1,,-1,,-1,,-1,FMH TREEOVER 1067,,, overq3_ALL,,,,,,,,,,JUOS,,
SHOS 01,Pre,4/14/1999 12:00:00 AM,1025,True,3,1,30,L,41.4,,,D,,,,,,,,,,,,,,,,,,,,FORK,-1,,-1,,-1,,-1,,-1,FMH TREEOVER 1067,,, overq3_ALL,,,,,,,,,,PIED,,
SHOS 01,Pre,4/14/1999 12:00:00 AM,1026,True,3,1,31,L,24.1,,,C,,,,,,,,,,,,,,,,,,,,FORK,-1,,-1,,-1,,-1,,-1,FMH TREEOVER 1067,,, overq3_ALL,,,,,,,,,,PIED,,
SHOS 01,Pre,4/14/1999 12:00:00 AM,1027,True,3,1,33,L,41.2,,,D,,,,,,,,,,,,,,,,,,,,TWIN,-1,,-1,,-1,,-1,,-1,FMH TREEOVER 1067,,, overq3_ALL,,,,,,,,,,JUOS,,
SHOS 01,Pre,4/14/1999 12:00:00 AM,1028,True,3,1,34,L,58,,,D,,,,,,,,,,,,,,,,,,,,TWIN,-1,,-1,,-1,,-1,,-1,FMH TREEOVER 1067,,, overq3_ALL,,,,,,,,,,JUOS,,
SHOS 01,Pre,4/14/1999 12:00:00 AM,1029,True,3,1,35,L,20.5,,,SC,,,,,,,,,,,,,,,,,,,,CROK,-1,,-1,,-1,,-1,,-1,FMH TREEOVER 1067,,, overq3_ALL,,,,,,,,,,PIED,,
SHOS 01,Pre,4/14/1999 12:00:00 AM,1030,True,4,1,36,L,19.5,,,I,,,,,,,,,,,,,,,,,,,,TWIN,-1,,-1,,-1,,-1,,-1,FMH TREEOVER 1067,,, overq4_ALL,,,,,,,,,,JUOS,,
SHOS 01,Pre,4/14/1999 12:00:00 AM,1031,True,4,1,37,L,21.7,,,I,,,,,,,,,,,,,,,,,,,,,-1,,-1,,-1,,-1,,-1,FMH TREEOVER 1067,,, overq4_ALL,,,,,,,,,,JUOS,,
SHOS 01,Pre,4/14/1999 12:00:00 AM,1032,True,4,1,38,L,18.2,,,SC,,,,,,,,,,,,,,,,,,,,ABGR,-1,SPAR,-1,,-1,,-1,,-1,FMH TREEOVER 1067,,, overq4_ALL,,,,,,,,,,PIED,,
SHOS 01,Pre,4/14/1999 12:00:00 AM,1033,True,4,1,39,L,23.7,,,I,,,,,,,,,,,,,,,,,,,,TWIN,-1,,-1,,-1,,-1,,-1,FMH TREEOVER 1067,,, overq4_ALL,,,,,,,,,,JUOS,,
SHOS 01,Pre,4/14/1999 12:00:00 AM,1034,True,4,1,40,L,15.4,,,SC,,,,,,,,,,,,,,,,,,,,SPAR,-1,ROTT,-1,MISL,-1,,-1,,-1,FMH TREEOVER 1067,,, overq4_ALL,,,,,,,,,,PIED,,
SHOS 01,Pre,4/14/1999 12:00:00 AM,1035,True,4,1,41,L,23.9,,,SC,,,,,,,,,,,,,,,,,,,,SPAR,-1,,-1,,-1,,-1,,-1,FMH TREEOVER 1067,,, overq4_ALL,,,,,,,,,,JUOS,,
SHOS 01,Pre,4/14/1999 12:00:00 AM,1036,True,4,1,42,L,64.3,,,D,,,,,,,,,,,,,,,,,,,,SPAR,-1,,-1,,-1,,-1,,-1,FMH TREEOVER 1067,,, overq4_ALL,,,,,,,,,,JUOS,,
SHOS 01,Pre,4/14/1999 12:00:00 AM,1037,True,4,1,43,L,18.8,,,C,,,,,,,,,,,,,,,,,,,,CROK,-1,,-1,,-1,,-1,,-1,FMH TREEOVER 1067,,, overq4_ALL,,,,,,,,,,PIED,,
SHOS 01,Pre,4/14/1999 12:00:00 AM,1038,True,4,1,44,L,27.8,,,SC,,,,,,,,,,,,,,,,,,,,TWIN,-1,,-1,,-1,,-1,,-1,FMH TREEOVER 1067,,, overq4_ALL,,,,,,,,,,JUOS,,
SHOS 01,Pre,4/14/1999 12:00:00 AM,1039,True,4,1,45,D,20.9,,,X,,,,,,,,,,,,,,,,,,,,TWIN,-1,,-1,,-1,,-1,,-1,FMH TREEOVER 1067,,, overq4_ALL,,,,,,,,,,JUOS,,
SHOS 01,Pre,4/14/1999 12:00:00 AM,1040,True,4,1,46,L,42.2,,,SC,,,,,,,,,,,,,,,,,,,,TWIN,-1,SPAR,-1,,-1,,-1,,-1,FMH TREEOVER 1067,,, overq4_ALL,,,,,,,,,,JUOS,,
SHOS 02,01Post,4/21/1999 12:00:00 AM,,,,,,,,,,,,,,,,,,,,,,,,,,,,,,,,,,,,,,,,,,,,0.1,0.1,15,,,,,,,,True,
SHOS 02,01Post,4/21/1999 12:00:00 AM,1,True,1,0.5,113,D,3.4,3,,X,,,,,,,,,,,,,,,,,,,,,-1,,-1,,-1,,-1,,-1,From FMH TREEPOLE 1069,,, poleq1_ALL,,,,,,,,,,PIED,,
SHOS 02,01Post,4/21/1999 12:00:00 AM,2,True,1,0.5,115,D,10.3,4,,X,,,,,,,,,,,,,,,,,,,,,-1,,-1,,-1,,-1,,-1,From FMH TREEPOLE 1069,,, poleq1_ALL,,,,,,,,,,PIED,,
SHOS 02,01Post,4/21/1999 12:00:00 AM,3,True,1,0.5,116,D,14.9,3,,X,,,,,,,,,,,,,,,,,,,,,-1,,-1,,-1,,-1,,-1,From FMH TREEPOLE 1069,,, poleq1_ALL,,,,,,,,,,PIED,,
SHOS 02,01Post,4/21/1999 12:00:00 AM,4,True,1,0.5,118,D,7.4,3,,X,,,,,,,,,,,,,,,,,,,,,-1,,-1,,-1,,-1,,-1,From FMH TREEPOLE 1069,,, poleq1_ALL,,,,,,,,,,PIED,,
SHOS 02,01Post,4/21/1999 12:00:00 AM,5,True,1,0.5,120,D,3.4,2,,X,,,,,,,,,,,,,,,,,,,,,-1,,-1,,-1,,-1,,-1,From FMH TREEPOLE 1069,,, poleq1_ALL,,,,,,,,,,PIED,,
SHOS 02,01Post,4/21/1999 12:00:00 AM,6,True,1,0.5,122,D,14.2,4,,X,,,,,,,,,,,,,,,,,,,,,-1,,-1,,-1,,-1,,-1,From FMH TREEPOLE 1069,,, poleq1_ALL,,,,,,,,,,PIED,,
SHOS 02,01Post,4/21/1999 12:00:00 AM,7,True,1,0.5,124,D,4.4,2,,X,,,,,,,,,,,,,,,,,,,,,-1,,-1,,-1,,-1,,-1,From FMH TREEPOLE 1069,,, poleq1_ALL,,,,,,,,,,PIED,,
SHOS 02,01Post,4/21/1999 12:00:00 AM,8,True,1,0.5,138,D,13.7,4,,X,,,,,,,,,,,,,,,,,,,,,-1,,-1,,-1,,-1,,-1,From FMH TREEPOLE 1069,,, poleq1_ALL,,,,,,,,,,PIED,,
SHOS 02,01Post,4/21/1999 12:00:00 AM,9,True,1,0.5,141,D,7,4,,X,,,,,,,,,,,,,,,,,,,,,-1,,-1,,-1,,-1,,-1,From FMH TREEPOLE 1069,,, poleq1_ALL,,,,,,,,,,PIED,,
SHOS 02,01Post,4/21/1999 12:00:00 AM,10,True,1,0.5,142,D,7.8,3,,X,,,,,,,,,,,,,,,,,,,,,-1,,-1,,-1,,-1,,-1,From FMH TREEPOLE 1069,,, poleq1_ALL,,,,,,,,,,PIED,,
SHOS 02,01Post,4/21/1999 12:00:00 AM,11,True,1,0.5,143,D,14.3,3,,X,,,,,,,,,,,,,,,,,,,,,-1,,-1,,-1,,-1,,-1,From FMH TREEPOLE 1069,,, poleq1_ALL,,,,,,,,,,JUOS,,
SHOS 02,01Post,4/21/1999 12:00:00 AM,12,True,1,0.5,145,D,7.7,3,,X,,,,,,,,,,,,,,,,,,,,,-1,,-1,,-1,,-1,,-1,From FMH TREEPOLE 1069,,, poleq1_ALL,,,,,,,,,,PIED,,
SHOS 02,01Post,4/21/1999 12:00:00 AM,13,True,1,0.5,146,D,6.6,2,,X,,,,,,,,,,,,,,,,,,,,,-1,,-1,,-1,,-1,,-1,From FMH TREEPOLE 1069,,, poleq1_ALL,,,,,,,,,,PIED,,
SHOS 02,01Post,4/21/1999 12:00:00 AM,14,True,1,0.5,147,D,8.7,3,,X,,,,,,,,,,,,,,,,,,,,,-1,,-1,,-1,,-1,,-1,From FMH TREEPOLE 1069,,, poleq1_ALL,,,,,,,,,,PIED,,
SHOS 02,01Post,4/21/1999 12:00:00 AM,15,True,2,0.5,149,D,12,4,,X,,,,,,,,,,,,,,,,,,,,,-1,,-1,,-1,,-1,,-1,From FMH TREEPOLE 1069,,, poleq2_ALL,,,,,,,,,,PIED,,
SHOS 02,01Post,4/21/1999 12:00:00 AM,16,True,2,0.5,150,D,7.1,4,,X,,,,,,,,,,,,,,,,,,,,,-1,,-1,,-1,,-1,,-1,From FMH TREEPOLE 1069,,, poleq2_ALL,,,,,,,,,,PIED,,
SHOS 02,01Post,4/21/1999 12:00:00 AM,17,True,2,0.5,151,D,8.1,3,,X,,,,,,,,,,,,,,,,,,,,,-1,,-1,,-1,,-1,,-1,From FMH TREEPOLE 1069,,, poleq2_ALL,,,,,,,,,,PIED,,
SHOS 02,01Post,4/21/1999 12:00:00 AM,18,True,2,0.5,153,D,5.1,2,,X,,,,,,,,,,,,,,,,,,,,,-1,,-1,,-1,,-1,,-1,From FMH TREEPOLE 1069,,, poleq2_ALL,,,,,,,,,,PIED,,
SHOS 02,01Post,4/21/1999 12:00:00 AM,19,True,2,0.5,162,D,3.6,2,,X,,,,,,,,,,,,,,,,,,,,,-1,,-1,,-1,,-1,,-1,From FMH TREEPOLE 1069,,, poleq2_ALL,,,,,,,,,,PIED,,
SHOS 02,01Post,4/21/1999 12:00:00 AM,20,True,2,0.5,163,D,5,1,,X,,,,,,,,,,,,,,,,,,,,,-1,,-1,,-1,,-1,,-1,From FMH TREEPOLE 1069,,, poleq2_ALL,,,,,,,,,,PIED,,
SHOS 02,01Post,4/21/1999 12:00:00 AM,21,True,2,0.5,165,D,6.3,2,,X,,,,,,,,,,,,,,,,,,,,,-1,,-1,,-1,,-1,,-1,From FMH TREEPOLE 1069,,, poleq2_ALL,,,,,,,,,,JUOS,,
SHOS 02,01Post,4/21/1999 12:00:00 AM,22,True,2,0.5,166,D,8.8,2,,X,,,,,,,,,,,,,,,,,,,,,-1,,-1,,-1,,-1,,-1,From FMH TREEPOLE 1069,,, poleq2_ALL,,,,,,,,,,PIED,,
SHOS 02,01Post,4/21/1999 12:00:00 AM,23,True,2,0.5,175,D,3.4,3,,X,,,,,,,,,,,,,,,,,,,,,-1,,-1,,-1,,-1,,-1,From FMH TREEPOLE 1069,,, poleq2_ALL,,,,,,,,,,PIED,,
SHOS 02,01Post,4/21/1999 12:00:00 AM,24,True,2,0.5,179,D,7.7,3,,X,,,,,,,,,,,,,,,,,,,,,-1,,-1,,-1,,-1,,-1,From FMH TREEPOLE 1069,,, poleq2_ALL,,,,,,,,,,PIED,,
SHOS 02,01Post,4/21/1999 12:00:00 AM,25,True,2,0.5,180,D,12.7,4,,X,,,,,,,,,,,,,,,,,,,,,-1,,-1,,-1,,-1,,-1,From FMH TREEPOLE 1069,,, poleq2_ALL,,,,,,,,,,JUOS,,
SHOS 02,01Post,4/21/1999 12:00:00 AM,26,True,2,0.5,191,D,12.6,4,,X,,,,,,,,,,,,,,,,,,,,,-1,,-1,,-1,,-1,,-1,From FMH TREEPOLE 1069,,, poleq2_ALL,,,,,,,,,,PIED,,
SHOS 02,01Post,4/21/1999 12:00:00 AM,27,True,2,0.5,192,D,13.8,4,,X,,,,,,,,,,,,,,,,,,,,,-1,,-1,,-1,,-1,,-1,From FMH TREEPOLE 1069,,, poleq2_ALL,,,,,,,,,,JUOS,,
SHOS 02,01Post,4/21/1999 12:00:00 AM,28,True,2,0.5,193,D,7.4,3,,X,,,,,,,,,,,,,,,,,,,,,-1,,-1,,-1,,-1,,-1,From FMH TREEPOLE 1069,,, poleq2_ALL,,,,,,,,,,PIED,,
SHOS 02,01Post,4/21/1999 12:00:00 AM,29,True,2,0.5,194,D,5.6,3,,X,,,,,,,,,,,,,,,,,,,,,-1,,-1,,-1,,-1,,-1,From FMH TREEPOLE 1069,,, poleq2_ALL,,,,,,,,,,PIED,,
SHOS 02,01Post,4/21/1999 12:00:00 AM,30,True,2,0.5,195,D,12.3,2,,X,,,,,,,,,,,,,,,,,,,,,-1,,-1,,-1,,-1,,-1,From FMH TREEPOLE 1069,,, poleq2_ALL,,,,,,,,,,PIED,,
SHOS 02,01Post,4/21/1999 12:00:00 AM,31,True,2,0.5,197,D,6.8,2,,X,,,,,,,,,,,,,,,,,,,,,-1,,-1,,-1,,-1,,-1,From FMH TREEPOLE 1069,,, poleq2_ALL,,,,,,,,,,PIED,,
SHOS 02,01Post,4/21/1999 12:00:00 AM,32,True,2,0.5,198,D,8.3,2,,X,,,,,,,,,,,,,,,,,,,,,-1,,-1,,-1,,-1,,-1,From FMH TREEPOLE 1069,,, poleq2_ALL,,,,,,,,,,PIED,,
SHOS 02,01Post,4/21/1999 12:00:00 AM,1001,True,1,1,8,D,,,,X,,,,,,,,,,,,,,,,,4,4,100,,-1,,-1,,-1,,-1,,-1,From FMH OVERPOST 1066,,, overq1_ALL,,,,,,,,,,PIED,,
SHOS 02,01Post,4/21/1999 12:00:00 AM,1002,True,1,1,17,D,,,,X,,,,,,,,,,,,,,,,,4.5,4.5,100,,-1,,-1,,-1,,-1,,-1,From FMH OVERPOST 1066,,, overq1_ALL,,,,,,,,,,PIED,,
SHOS 02,01Post,4/21/1999 12:00:00 AM,1003,True,1,1,30,D,,,,X,,,,,,,,,,,,,,,,,5,5,100,,-1,,-1,,-1,,-1,,-1,From FMH OVERPOST 1066,,, overq1_ALL,,,,,,,,,,JUOS,,
SHOS 02,01Post,4/21/1999 12:00:00 AM,1004,True,1,1,47,D,,,,X,,,,,,,,,,,,,,,,,6,6,100,,-1,,-1,,-1,,-1,,-1,From FMH OVERPOST 1066,,, overq1_ALL,,,,,,,,,,PIED,,
SHOS 02,01Post,4/21/1999 12:00:00 AM,1005,True,1,1,48,D,,,,X,,,,,,,,,,,,,,,,,5,5,100,,-1,,-1,,-1,,-1,,-1,From FMH OVERPOST 1066,,, overq1_ALL,,,,,,,,,,PIED,,
SHOS 02,01Post,4/21/1999 12:00:00 AM,1006,True,1,1,49,L,,,,X,,,,,,,,,,,,,,,,,5,5,90,,-1,,-1,,-1,,-1,,-1,From FMH OVERPOST 1066,,, overq1_ALL,,,,,,,,,,PIED,,
SHOS 02,01Post,4/21/1999 12:00:00 AM,1007,True,2,1,50,D,,,,X,,,,,,,,,,,,,,,,,4,4,100,,-1,,-1,,-1,,-1,,-1,From FMH OVERPOST 1066,,, overq2_ALL,,,,,,,,,,PIED,,
SHOS 02,01Post,4/21/1999 12:00:00 AM,1008,True,2,1,51,D,,,,X,,,,,,,,,,,,,,,,,5,5,100,,-1,,-1,,-1,,-1,,-1,From FMH OVERPOST 1066,,, overq2_ALL,,,,,,,,,,JUOS,,
SHOS 02,01Post,4/21/1999 12:00:00 AM,1009,True,2,1,52,D,,,,X,,,,,,,,,,,,,,,,,5,5,100,,-1,,-1,,-1,,-1,,-1,From FMH OVERPOST 1066,,, overq2_ALL,,,,,,,,,,PIED,,
SHOS 02,01Post,4/21/1999 12:00:00 AM,1010,True,2,1,53,D,,,,X,,,,,,,,,,,,,,,,,5,5,100,,-1,,-1,,-1,,-1,,-1,From FMH OVERPOST 1066,,, overq2_ALL,,,,,,,,,,JUOS,,
SHOS 02,01Post,4/21/1999 12:00:00 AM,1011,True,2,1,54,D,,,,X,,,,,,,,,,,,,,,,,3.5,3.5,100,,-1,,-1,,-1,,-1,,-1,From FMH OVERPOST 1066,,, overq2_ALL,,,,,,,,,,JUOS,,
SHOS 02,01Post,4/21/1999 12:00:00 AM,1012,True,2,1,55,D,,,,X,,,,,,,,,,,,,,,,,4,4,100,,-1,,-1,,-1,,-1,,-1,From FMH OVERPOST 1066,,, overq2_ALL,,,,,,,,,,JUOS,,
SHOS 02,01Post,4/21/1999 12:00:00 AM,1013,True,2,1,56,D,,,,X,,,,,,,,,,,,,,,,,4,4,100,,-1,,-1,,-1,,-1,,-1,From FMH OVERPOST 1066,,, overq2_ALL,,,,,,,,,,JUOS,,
SHOS 02,01Post,4/21/1999 12:00:00 AM,1014,True,2,1,57,D,,,,X,,,,,,,,,,,,,,,,,3.5,3.5,100,,-1,,-1,,-1,,-1,,-1,From FMH OVERPOST 1066,,, overq2_ALL,,,,,,,,,,PIED,,
SHOS 02,01Post,4/21/1999 12:00:00 AM,1015,True,2,1,58,D,,,,X,,,,,,,,,,,,,,,,,5,5,100,,-1,,-1,,-1,,-1,,-1,From FMH OVERPOST 1066,,, overq2_ALL,,,,,,,,,,PIED,,
SHOS 02,01Post,4/21/1999 12:00:00 AM,1016,True,3,1,59,D,,,,X,,,,,,,,,,,,,,,,,3.5,3.5,100,,-1,,-1,,-1,,-1,,-1,From FMH OVERPOST 1066,,, overq3_ALL,,,,,,,,,,JUOS,,
SHOS 02,01Post,4/21/1999 12:00:00 AM,1017,True,3,1,60,D,,,,X,,,,,,,,,,,,,,,,,5,5,100,,-1,,-1,,-1,,-1,,-1,From FMH OVERPOST 1066,,, overq3_ALL,,,,,,,,,,PIED,,
SHOS 02,01Post,4/21/1999 12:00:00 AM,1018,True,3,1,61,D,,,,X,,,,,,,,,,,,,,,,,5,5,100,,-1,,-1,,-1,,-1,,-1,From FMH OVERPOST 1066,,, overq3_ALL,,,,,,,,,,PIED,,
SHOS 02,01Post,4/21/1999 12:00:00 AM,1019,True,3,1,62,D,,,,X,,,,,,,,,,,,,,,,,5,5,100,,-1,,-1,,-1,,-1,,-1,From FMH OVERPOST 1066,,, overq3_ALL,,,,,,,,,,JUOS,,
SHOS 02,01Post,4/21/1999 12:00:00 AM,1020,True,3,1,63,D,,,,X,,,,,,,,,,,,,,,,,6,6,100,,-1,,-1,,-1,,-1,,-1,From FMH OVERPOST 1066,,, overq3_ALL,,,,,,,,,,JUOS,,
SHOS 02,01Post,4/21/1999 12:00:00 AM,1021,True,3,1,64,D,,,,X,,,,,,,,,,,,,,,,,6,6,100,,-1,,-1,,-1,,-1,,-1,From FMH OVERPOST 1066,,, overq3_ALL,,,,,,,,,,PIED,,
SHOS 02,01Post,4/21/1999 12:00:00 AM,1022,True,3,1,65,D,,,,X,,,,,,,,,,,,,,,,,6,6,100,,-1,,-1,,-1,,-1,,-1,From FMH OVERPOST 1066,,, overq3_ALL,,,,,,,,,,JUOS,,
SHOS 02,01Post,4/21/1999 12:00:00 AM,1023,True,3,1,66,D,,,,X,,,,,,,,,,,,,,,,,6.5,6.5,100,,-1,,-1,,-1,,-1,,-1,From FMH OVERPOST 1066,,, overq3_ALL,,,,,,,,,,PIED,,
SHOS 02,01Post,4/21/1999 12:00:00 AM,1024,True,4,1,67,D,,,,X,,,,,,,,,,,,,,,,,4,4,100,,-1,,-1,,-1,,-1,,-1,From FMH OVERPOST 1066,,, overq4_ALL,,,,,,,,,,JUOS,,
SHOS 02,01Post,4/21/1999 12:00:00 AM,1025,True,4,1,68,D,,,,X,,,,,,,,,,,,,,,,,4,4,100,,-1,,-1,,-1,,-1,,-1,From FMH OVERPOST 1066,,, overq4_ALL,,,,,,,,,,JUOS,,
SHOS 02,01Post,4/21/1999 12:00:00 AM,1026,True,4,1,69,D,,,,X,,,,,,,,,,,,,,,,,5,5,100,,-1,,-1,,-1,,-1,,-1,From FMH OVERPOST 1066,,, overq4_ALL,,,,,,,,,,PIED,,
SHOS 02,01Post,4/21/1999 12:00:00 AM,1027,True,4,1,70,D,,,,X,,,,,,,,,,,,,,,,,5,5,100,,-1,,-1,,-1,,-1,,-1,From FMH OVERPOST 1066,,, overq4_ALL,,,,,,,,,,PIED,,
SHOS 02,01Year1,5/3/2000 12:00:00 AM,,,,,,,,,,,,,,,,,,,,,,,,,,,,,,,,,,,,,,,,,,,,0.1,0.1,15,,,,,,,,True,
SHOS 02,01Year1,5/3/2000 12:00:00 AM,1,True,1,0.5,100,D,14.9,3,,X,,,,,,,,,,,,,,,,,,,,,-1,,-1,,-1,,-1,,-1,From FMH TREEPOLE 1069,,, poleq1_ALL,,,,,,,,,,PIED,,
SHOS 02,01Year1,5/3/2000 12:00:00 AM,2,True,1,0.5,113,D,3.2,3,,X,,,,,,,,,,,,,,,,,,,,,-1,,-1,,-1,,-1,,-1,From FMH TREEPOLE 1069,,, poleq1_ALL,,,,,,,,,,PIED,,
SHOS 02,01Year1,5/3/2000 12:00:00 AM,3,True,1,0.5,115,D,9.8,4,,X,,,,,,,,,,,,,,,,,,,,,-1,,-1,,-1,,-1,,-1,From FMH TREEPOLE 1069,,, poleq1_ALL,,,,,,,,,,PIED,,
SHOS 02,01Year1,5/3/2000 12:00:00 AM,4,True,1,0.5,116,D,13.4,3,,X,,,,,,,,,,,,,,,,,,,,,-1,,-1,,-1,,-1,,-1,From FMH TREEPOLE 1069,,, poleq1_ALL,,,,,,,,,,PIED,,
SHOS 02,01Year1,5/3/2000 12:00:00 AM,5,True,1,0.5,118,D,7,4,,X,,,,,,,,,,,,,,,,,,,,,-1,,-1,,-1,,-1,,-1,From FMH TREEPOLE 1069,,, poleq1_ALL,,,,,,,,,,PIED,,
SHOS 02,01Year1,5/3/2000 12:00:00 AM,6,True,1,0.5,120,D,2.5,2,,X,,,,,,,,,,,,,,,,,,,,,-1,,-1,,-1,,-1,,-1,From FMH TREEPOLE 1069,,, poleq1_ALL,,,,,,,,,,PIED,,
SHOS 02,01Year1,5/3/2000 12:00:00 AM,7,True,1,0.5,122,D,13.7,5,,X,,,,,,,,,,,,,,,,,,,,,-1,,-1,,-1,,-1,,-1,From FMH TREEPOLE 1069,,, poleq1_ALL,,,,,,,,,,PIED,,
SHOS 02,01Year1,5/3/2000 12:00:00 AM,8,True,1,0.5,124,D,4.1,2,,X,,,,,,,,,,,,,,,,,,,,,-1,,-1,,-1,,-1,,-1,From FMH TREEPOLE 1069,,, poleq1_ALL,,,,,,,,,,PIED,,
SHOS 02,01Year1,5/3/2000 12:00:00 AM,9,True,1,0.5,138,D,12.9,5,,X,,,,,,,,,,,,,,,,,,,,,-1,,-1,,-1,,-1,,-1,From FMH TREEPOLE 1069,,, poleq1_ALL,,,,,,,,,,PIED,,
SHOS 02,01Year1,5/3/2000 12:00:00 AM,10,True,1,0.5,141,D,8.2,4,,X,,,,,,,,,,,,,,,,,,,,,-1,,-1,,-1,,-1,,-1,From FMH TREEPOLE 1069,,, poleq1_ALL,,,,,,,,,,PIED,,
SHOS 02,01Year1,5/3/2000 12:00:00 AM,11,True,1,0.5,142,D,7.3,3,,X,,,,,,,,,,,,,,,,,,,,,-1,,-1,,-1,,-1,,-1,From FMH TREEPOLE 1069,,, poleq1_ALL,,,,,,,,,,PIED,,
SHOS 02,01Year1,5/3/2000 12:00:00 AM,12,True,1,0.5,143,D,14.4,4,,X,,,,,,,,,,,,,,,,,,,,,-1,,-1,,-1,,-1,,-1,From FMH TREEPOLE 1069,,, poleq1_ALL,,,,,,,,,,JUOS,,
SHOS 02,01Year1,5/3/2000 12:00:00 AM,13,True,1,0.5,145,D,7.3,4,,X,,,,,,,,,,,,,,,,,,,,,-1,,-1,,-1,,-1,,-1,From FMH TREEPOLE 1069,,, poleq1_ALL,,,,,,,,,,PIED,,
SHOS 02,01Year1,5/3/2000 12:00:00 AM,14,True,1,0.5,146,D,6.3,3,,X,,,,,,,,,,,,,,,,,,,,,-1,,-1,,-1,,-1,,-1,From FMH TREEPOLE 1069,,, poleq1_ALL,,,,,,,,,,PIED,,
SHOS 02,01Year1,5/3/2000 12:00:00 AM,15,True,1,0.5,147,D,8.3,4,,X,,,,,,,,,,,,,,,,,,,,,-1,,-1,,-1,,-1,,-1,From FMH TREEPOLE 1069,,, poleq1_ALL,,,,,,,,,,PIED,,
SHOS 02,01Year1,5/3/2000 12:00:00 AM,16,True,2,0.5,149,D,11.5,6,,X,,,,,,,,,,,,,,,,,,,,,-1,,-1,,-1,,-1,,-1,From FMH TREEPOLE 1069,,, poleq2_ALL,,,,,,,,,,PIED,,
SHOS 02,01Year1,5/3/2000 12:00:00 AM,17,True,2,0.5,150,D,6.9,3,,X,,,,,,,,,,,,,,,,,,,,,-1,,-1,,-1,,-1,,-1,From FMH TREEPOLE 1069,,, poleq2_ALL,,,,,,,,,,PIED,,
SHOS 02,01Year1,5/3/2000 12:00:00 AM,18,True,2,0.5,151,D,7,4,,X,,,,,,,,,,,,,,,,,,,,,-1,,-1,,-1,,-1,,-1,From FMH TREEPOLE 1069,,, poleq2_ALL,,,,,,,,,,PIED,,
SHOS 02,01Year1,5/3/2000 12:00:00 AM,19,True,2,0.5,153,D,4.8,3,,X,,,,,,,,,,,,,,,,,,,,,-1,,-1,,-1,,-1,,-1,From FMH TREEPOLE 1069,,, poleq2_ALL,,,,,,,,,,PIED,,
SHOS 02,01Year1,5/3/2000 12:00:00 AM,20,True,2,0.5,162,D,3.8,2,,X,,,,,,,,,,,,,,,,,,,,,-1,,-1,,-1,,-1,,-1,From FMH TREEPOLE 1069,,, poleq2_ALL,,,,,,,,,,PIED,,
SHOS 02,01Year1,5/3/2000 12:00:00 AM,21,True,2,0.5,163,D,5.2,3,,X,,,,,,,,,,,,,,,,,,,,,-1,,-1,,-1,,-1,,-1,From FMH TREEPOLE 1069,,, poleq2_ALL,,,,,,,,,,PIED,,
SHOS 02,01Year1,5/3/2000 12:00:00 AM,22,True,2,0.5,165,D,6,3,,X,,,,,,,,,,,,,,,,,,,,,-1,,-1,,-1,,-1,,-1,From FMH TREEPOLE 1069,,, poleq2_ALL,,,,,,,,,,JUOS,,
SHOS 02,01Year1,5/3/2000 12:00:00 AM,23,True,2,0.5,166,D,9,3,,X,,,,,,,,,,,,,,,,,,,,,-1,,-1,,-1,,-1,,-1,From FMH TREEPOLE 1069,,, poleq2_ALL,,,,,,,,,,PIED,,
SHOS 02,01Year1,5/3/2000 12:00:00 AM,24,True,2,0.5,175,D,3.3,3,,X,,,,,,,,,,,,,,,,,,,,,-1,,-1,,-1,,-1,,-1,From FMH TREEPOLE 1069,,, poleq2_ALL,,,,,,,,,,PIED,,
SHOS 02,01Year1,5/3/2000 12:00:00 AM,25,True,2,0.5,179,D,7.4,4,,X,,,,,,,,,,,,,,,,,,,,,-1,,-1,,-1,,-1,,-1,From FMH TREEPOLE 1069,,, poleq2_ALL,,,,,,,,,,PIED,,
SHOS 02,01Year1,5/3/2000 12:00:00 AM,26,True,2,0.5,191,D,13.2,7,,X,,,,,,,,,,,,,,,,,,,,,-1,,-1,,-1,,-1,,-1,From FMH TREEPOLE 1069,,, poleq2_ALL,,,,,,,,,,PIED,,
SHOS 02,01Year1,5/3/2000 12:00:00 AM,27,True,2,0.5,193,D,7.1,4,,X,,,,,,,,,,,,,,,,,,,,,-1,,-1,,-1,,-1,,-1,From FMH TREEPOLE 1069,,, poleq2_ALL,,,,,,,,,,PIED,,
SHOS 02,01Year1,5/3/2000 12:00:00 AM,28,True,2,0.5,194,D,5.2,3,,X,,,,,,,,,,,,,,,,,,,,,-1,,-1,,-1,,-1,,-1,From FMH TREEPOLE 1069,,, poleq2_ALL,,,,,,,,,,PIED,,
SHOS 02,01Year1,5/3/2000 12:00:00 AM,29,True,2,0.5,195,D,11.6,3,,X,,,,,,,,,,,,,,,,,,,,,-1,,-1,,-1,,-1,,-1,From FMH TREEPOLE 1069,,, poleq2_ALL,,,,,,,,,,PIED,,
SHOS 02,01Year1,5/3/2000 12:00:00 AM,30,True,2,0.5,197,D,6.5,3,,X,,,,,,,,,,,,,,,,,,,,,-1,,-1,,-1,,-1,,-1,From FMH TREEPOLE 1069,,, poleq2_ALL,,,,,,,,,,PIED,,
SHOS 02,01Year1,5/3/2000 12:00:00 AM,31,True,2,0.5,198,D,8,3,,X,,,,,,,,,,,,,,,,,,,,,-1,,-1,,-1,,-1,,-1,From FMH TREEPOLE 1069,,, poleq2_ALL,,,,,,,,,,PIED,,
SHOS 02,01Year1,5/3/2000 12:00:00 AM,1001,True,1,1,8,D,16,,,RS,,,,,,,,,,,,,,,,,,,,,-1,,-1,,-1,,-1,,-1,FMH TREEOVER 1067,,, overq1_ALL,,,,,,,,,,PIED,,
SHOS 02,01Year1,5/3/2000 12:00:00 AM,1002,True,1,1,17,D,19.9,,,RS,,,,,,,,,,,,,,,,,,,,,-1,,-1,,-1,,-1,,-1,FMH TREEOVER 1067,,, overq1_ALL,,,,,,,,,,PIED,,
SHOS 02,01Year1,5/3/2000 12:00:00 AM,1003,True,1,1,30,D,47.2,,,RS,,,,,,,,,,,,,,,,,,,,,-1,,-1,,-1,,-1,,-1,FMH TREEOVER 1067,,, overq1_ALL,,,,,,,,,,JUOS,,
SHOS 02,01Year1,5/3/2000 12:00:00 AM,1004,True,1,1,47,D,18.2,,,RS,,,,,,,,,,,,,,,,,,,,,-1,,-1,,-1,,-1,,-1,FMH TREEOVER 1067,,, overq1_ALL,,,,,,,,,,PIED,,
SHOS 02,01Year1,5/3/2000 12:00:00 AM,1005,True,1,1,48,D,21.1,,,RS,,,,,,,,,,,,,,,,,,,,,-1,,-1,,-1,,-1,,-1,FMH TREEOVER 1067,,, overq1_ALL,,,,,,,,,,PIED,,
SHOS 02,01Year1,5/3/2000 12:00:00 AM,1006,True,1,1,49,D,16.3,,,RS,,,,,,,,,,,,,,,,,,,,,-1,,-1,,-1,,-1,,-1,FMH TREEOVER 1067,,, overq1_ALL,,,,,,,,,,PIED,,
SHOS 02,01Year1,5/3/2000 12:00:00 AM,1007,True,2,1,50,D,15.1,,,RS,,,,,,,,,,,,,,,,,,,,,-1,,-1,,-1,,-1,,-1,FMH TREEOVER 1067,,, overq2_ALL,,,,,,,,,,PIED,,
SHOS 02,01Year1,5/3/2000 12:00:00 AM,1008,True,2,1,51,D,35,,,RS,,,,,,,,,,,,,,,,,,,,,-1,,-1,,-1,,-1,,-1,FMH TREEOVER 1067,,, overq2_ALL,,,,,,,,,,JUOS,,
SHOS 02,01Year1,5/3/2000 12:00:00 AM,1009,True,2,1,52,D,18.2,,,RS,,,,,,,,,,,,,,,,,,,,,-1,,-1,,-1,,-1,,-1,FMH TREEOVER 1067,,, overq2_ALL,,,,,,,,,,PIED,,
SHOS 02,01Year1,5/3/2000 12:00:00 AM,1010,True,2,1,53,D,19.3,,,RS,,,,,,,,,,,,,,,,,,,,,-1,,-1,,-1,,-1,,-1,FMH TREEOVER 1067,,, overq2_ALL,,,,,,,,,,JUOS,,
SHOS 02,01Year1,5/3/2000 12:00:00 AM,1011,True,2,1,54,D,33.9,,,RS,,,,,,,,,,,,,,,,,,,,,-1,,-1,,-1,,-1,,-1,FMH TREEOVER 1067,,, overq2_ALL,,,,,,,,,,JUOS,,
SHOS 02,01Year1,5/3/2000 12:00:00 AM,1012,True,2,1,55,D,51.7,,,RS,,,,,,,,,,,,,,,,,,,,,-1,,-1,,-1,,-1,,-1,FMH TREEOVER 1067,,, overq2_ALL,,,,,,,,,,JUOS,,
SHOS 02,01Year1,5/3/2000 12:00:00 AM,1013,True,2,1,56,D,21.7,,,RS,,,,,,,,,,,,,,,,,,,,,-1,,-1,,-1,,-1,,-1,FMH TREEOVER 1067,,, overq2_ALL,,,,,,,,,,JUOS,,
SHOS 02,01Year1,5/3/2000 12:00:00 AM,1014,True,2,1,57,D,16.2,,,RS,,,,,,,,,,,,,,,,,,,,,-1,,-1,,-1,,-1,,-1,FMH TREEOVER 1067,,, overq2_ALL,,,,,,,,,,PIED,,
SHOS 02,01Year1,5/3/2000 12:00:00 AM,1015,True,2,1,58,D,17,,,RS,,,,,,,,,,,,,,,,,,,,,-1,,-1,,-1,,-1,,-1,FMH TREEOVER 1067,,, overq2_ALL,,,,,,,,,,PIED,,
SHOS 02,01Year1,5/3/2000 12:00:00 AM,1016,True,2,1,71,D,38,,,RS,,,,,,,,,,,,,,,,,,,,,-1,,-1,,-1,,-1,,-1,FMH TREEOVER 1067,,, overq2_ALL,,,,,,,,,,JUOS,,
SHOS 02,01Year1,5/3/2000 12:00:00 AM,1017,True,2,1,72,D,35.5,,,RS,,,,,,,,,,,,,,,,,,,,,-1,,-1,,-1,,-1,,-1,FMH TREEOVER 1067,,, overq2_ALL,,,,,,,,,,JUOS,,
SHOS 02,01Year1,5/3/2000 12:00:00 AM,1018,True,3,1,59,D,59.3,,,RS,,,,,,,,,,,,,,,,,,,,,-1,,-1,,-1,,-1,,-1,FMH TREEOVER 1067,,, overq3_ALL,,,,,,,,,,JUOS,,
SHOS 02,01Year1,5/3/2000 12:00:00 AM,1019,True,3,1,60,D,34,,,RS,,,,,,,,,,,,,,,,,,,,,-1,,-1,,-1,,-1,,-1,FMH TREEOVER 1067,,, overq3_ALL,,,,,,,,,,PIED,,
SHOS 02,01Year1,5/3/2000 12:00:00 AM,1020,True,3,1,61,D,35.2,,,RS,,,,,,,,,,,,,,,,,,,,,-1,,-1,,-1,,-1,,-1,FMH TREEOVER 1067,,, overq3_ALL,,,,,,,,,,PIED,,
SHOS 02,01Year1,5/3/2000 12:00:00 AM,1021,True,3,1,62,D,22.7,,,RS,,,,,,,,,,,,,,,,,,,,,-1,,-1,,-1,,-1,,-1,FMH TREEOVER 1067,,, overq3_ALL,,,,,,,,,,JUOS,,
SHOS 02,01Year1,5/3/2000 12:00:00 AM,1022,True,3,1,63,D,32.8,,,RS,,,,,,,,,,,,,,,,,,,,,-1,,-1,,-1,,-1,,-1,FMH TREEOVER 1067,,, overq3_ALL,,,,,,,,,,JUOS,,
SHOS 02,01Year1,5/3/2000 12:00:00 AM,1023,True,3,1,64,D,22.2,,,RS,,,,,,,,,,,,,,,,,,,,,-1,,-1,,-1,,-1,,-1,FMH TREEOVER 1067,,, overq3_ALL,,,,,,,,,,PIED,,
SHOS 02,01Year1,5/3/2000 12:00:00 AM,1024,True,3,1,65,D,19.3,,,RS,,,,,,,,,,,,,,,,,,,,,-1,,-1,,-1,,-1,,-1,FMH TREEOVER 1067,,, overq3_ALL,,,,,,,,,,JUOS,,
SHOS 02,01Year1,5/3/2000 12:00:00 AM,1025,True,3,1,66,D,25,,,RS,,,,,,,,,,,,,,,,,,,,,-1,,-1,,-1,,-1,,-1,FMH TREEOVER 1067,,, overq3_ALL,,,,,,,,,,PIED,,
SHOS 02,01Year1,5/3/2000 12:00:00 AM,1026,True,4,1,67,D,22.1,,,RS,,,,,,,,,,,,,,,,,,,,,-1,,-1,,-1,,-1,,-1,FMH TREEOVER 1067,,, overq4_ALL,,,,,,,,,,JUOS,,
SHOS 02,01Year1,5/3/2000 12:00:00 AM,1027,True,4,1,68,D,20.7,,,RS,,,,,,,,,,,,,,,,,,,,,-1,,-1,,-1,,-1,,-1,FMH TREEOVER 1067,,, overq4_ALL,,,,,,,,,,JUOS,,
SHOS 02,01Year1,5/3/2000 12:00:00 AM,1028,True,4,1,69,D,17,,,RS,,,,,,,,,,,,,,,,,,,,,-1,,-1,,-1,,-1,,-1,FMH TREEOVER 1067,,, overq4_ALL,,,,,,,,,,PIED,,
SHOS 02,01Year1,5/3/2000 12:00:00 AM,1029,True,4,1,70,D,16.3,,,RS,,,,,,,,,,,,,,,,,,,,,-1,,-1,,-1,,-1,,-1,FMH TREEOVER 1067,,, overq4_ALL,,,,,,,,,,PIED,,
SHOS 02,01Year2,5/8/2001 12:00:00 AM,,,,,,,,,,,,,,,,,,,,,,,,,,,,,,,,,,,,,,,,,,,,0.1,0.1,15,,,,,,,,True,
SHOS 02,01Year2,5/8/2001 12:00:00 AM,1,True,1,0.5,100,D,14.9,5,,X,,,,,,,,,,,,,,,,,,,,,-1,,-1,,-1,,-1,,-1,From FMH TREEPOLE 1069,,, poleq1_ALL,,,,,,,,,,PIED,,
SHOS 02,01Year2,5/8/2001 12:00:00 AM,2,True,1,0.5,113,D,4.2,3,,X,,,,,,,,,,,,,,,,,,,,,-1,,-1,,-1,,-1,,-1,From FMH TREEPOLE 1069,,, poleq1_ALL,,,,,,,,,,PIED,,
SHOS 02,01Year2,5/8/2001 12:00:00 AM,3,True,1,0.5,115,D,9.9,5,,X,,,,,,,,,,,,,,,,,,,,,-1,,-1,,-1,,-1,,-1,From FMH TREEPOLE 1069,,, poleq1_ALL,,,,,,,,,,PIED,,
SHOS 02,01Year2,5/8/2001 12:00:00 AM,4,True,1,0.5,116,D,13.4,3,,X,,,,,,,,,,,,,,,,,,,,,-1,,-1,,-1,,-1,,-1,From FMH TREEPOLE 1069,,, poleq1_ALL,,,,,,,,,,PIED,,
SHOS 02,01Year2,5/8/2001 12:00:00 AM,5,True,1,0.5,118,D,6.8,4,,X,,,,,,,,,,,,,,,,,,,,,-1,,-1,,-1,,-1,,-1,From FMH TREEPOLE 1069,,, poleq1_ALL,,,,,,,,,,PIED,,
SHOS 02,01Year2,5/8/2001 12:00:00 AM,6,True,1,0.5,120,D,3.6,2,,X,,,,,,,,,,,,,,,,,,,,,-1,,-1,,-1,,-1,,-1,From FMH TREEPOLE 1069,,, poleq1_ALL,,,,,,,,,,PIED,,
SHOS 02,01Year2,5/8/2001 12:00:00 AM,7,True,1,0.5,122,D,14,6,,X,,,,,,,,,,,,,,,,,,,,,-1,,-1,,-1,,-1,,-1,From FMH TREEPOLE 1069,,, poleq1_ALL,,,,,,,,,,PIED,,
SHOS 02,01Year2,5/8/2001 12:00:00 AM,8,True,1,0.5,124,D,4.1,2,,X,,,,,,,,,,,,,,,,,,,,,-1,,-1,,-1,,-1,,-1,From FMH TREEPOLE 1069,,, poleq1_ALL,,,,,,,,,,PIED,,
SHOS 02,01Year2,5/8/2001 12:00:00 AM,9,True,1,0.5,138,D,12.9,6,,X,,,,,,,,,,,,,,,,,,,,,-1,,-1,,-1,,-1,,-1,From FMH TREEPOLE 1069,,, poleq1_ALL,,,,,,,,,,PIED,,
SHOS 02,01Year2,5/8/2001 12:00:00 AM,10,True,1,0.5,141,D,8.2,5,,X,,,,,,,,,,,,,,,,,,,,,-1,,-1,,-1,,-1,,-1,From FMH TREEPOLE 1069,,, poleq1_ALL,,,,,,,,,,PIED,,
SHOS 02,01Year2,5/8/2001 12:00:00 AM,11,True,1,0.5,142,D,8.3,4,,X,,,,,,,,,,,,,,,,,,,,,-1,,-1,,-1,,-1,,-1,From FMH TREEPOLE 1069,,, poleq1_ALL,,,,,,,,,,PIED,,
SHOS 02,01Year2,5/8/2001 12:00:00 AM,12,True,1,0.5,143,D,14.1,5,,X,,,,,,,,,,,,,,,,,,,,,-1,,-1,,-1,,-1,,-1,From FMH TREEPOLE 1069,,, poleq1_ALL,,,,,,,,,,JUOS,,
SHOS 02,01Year2,5/8/2001 12:00:00 AM,13,True,1,0.5,145,D,7.5,4,,X,,,,,,,,,,,,,,,,,,,,,-1,,-1,,-1,,-1,,-1,From FMH TREEPOLE 1069,,, poleq1_ALL,,,,,,,,,,PIED,,
SHOS 02,01Year2,5/8/2001 12:00:00 AM,14,True,1,0.5,146,D,6.4,3,,X,,,,,,,,,,,,,,,,,,,,,-1,,-1,,-1,,-1,,-1,From FMH TREEPOLE 1069,,, poleq1_ALL,,,,,,,,,,PIED,,
SHOS 02,01Year2,5/8/2001 12:00:00 AM,15,True,1,0.5,147,D,8.6,4,,X,,,,,,,,,,,,,,,,,,,,,-1,,-1,,-1,,-1,,-1,From FMH TREEPOLE 1069,,, poleq1_ALL,,,,,,,,,,PIED,,
SHOS 02,01Year2,5/8/2001 12:00:00 AM,16,True,2,0.5,149,D,11.4,6,,X,,,,,,,,,,,,,,,,,,,,,-1,,-1,,-1,,-1,,-1,From FMH TREEPOLE 1069,,, poleq2_ALL,,,,,,,,,,PIED,,
SHOS 02,01Year2,5/8/2001 12:00:00 AM,17,True,2,0.5,150,D,7,2,,X,,,,,,,,,,,,,,,,,,,,,-1,,-1,,-1,,-1,,-1,From FMH TREEPOLE 1069,,, poleq2_ALL,,,,,,,,,,PIED,,
SHOS 02,01Year2,5/8/2001 12:00:00 AM,18,True,2,0.5,151,D,7.3,5,,X,,,,,,,,,,,,,,,,,,,,,-1,,-1,,-1,,-1,,-1,From FMH TREEPOLE 1069,,, poleq2_ALL,,,,,,,,,,PIED,,
SHOS 02,01Year2,5/8/2001 12:00:00 AM,19,True,2,0.5,153,D,4.6,2,,X,,,,,,,,,,,,,,,,,,,,,-1,,-1,,-1,,-1,,-1,From FMH TREEPOLE 1069,,, poleq2_ALL,,,,,,,,,,PIED,,
SHOS 02,01Year2,5/8/2001 12:00:00 AM,20,True,2,0.5,162,D,3.8,2,,X,,,,,,,,,,,,,,,,,,,,,-1,,-1,,-1,,-1,,-1,From FMH TREEPOLE 1069,,, poleq2_ALL,,,,,,,,,,PIED,,
SHOS 02,01Year2,5/8/2001 12:00:00 AM,21,True,2,0.5,163,D,5,3,,X,,,,,,,,,,,,,,,,,,,,,-1,,-1,,-1,,-1,,-1,From FMH TREEPOLE 1069,,, poleq2_ALL,,,,,,,,,,PIED,,
SHOS 02,01Year2,5/8/2001 12:00:00 AM,22,True,2,0.5,165,D,6,3,,X,,,,,,,,,,,,,,,,,,,,,-1,,-1,,-1,,-1,,-1,From FMH TREEPOLE 1069,,, poleq2_ALL,,,,,,,,,,PIED,,
SHOS 02,01Year2,5/8/2001 12:00:00 AM,23,True,2,0.5,166,D,9,3,,X,,,,,,,,,,,,,,,,,,,,,-1,,-1,,-1,,-1,,-1,From FMH TREEPOLE 1069,,, poleq2_ALL,,,,,,,,,,PIED,,
SHOS 02,01Year2,5/8/2001 12:00:00 AM,24,True,2,0.5,179,D,7.4,3,,X,,,,,,,,,,,,,,,,,,,,,-1,,-1,,-1,,-1,,-1,From FMH TREEPOLE 1069,,, poleq2_ALL,,,,,,,,,,PIED,,
SHOS 02,01Year2,5/8/2001 12:00:00 AM,25,True,2,0.5,191,D,12,7,,X,,,,,,,,,,,,,,,,,,,,,-1,,-1,,-1,,-1,,-1,From FMH TREEPOLE 1069,,, poleq2_ALL,,,,,,,,,,PIED,,
SHOS 02,01Year2,5/8/2001 12:00:00 AM,26,True,2,0.5,193,D,7.1,5,,X,,,,,,,,,,,,,,,,,,,,,-1,,-1,,-1,,-1,,-1,From FMH TREEPOLE 1069,,, poleq2_ALL,,,,,,,,,,PIED,,
SHOS 02,01Year2,5/8/2001 12:00:00 AM,27,True,2,0.5,194,D,5.2,3,,X,,,,,,,,,,,,,,,,,,,,,-1,,-1,,-1,,-1,,-1,From FMH TREEPOLE 1069,,, poleq2_ALL,,,,,,,,,,PIED,,
SHOS 02,01Year2,5/8/2001 12:00:00 AM,28,True,2,0.5,195,D,11.7,2,,X,,,,,,,,,,,,,,,,,,,,,-1,,-1,,-1,,-1,,-1,From FMH TREEPOLE 1069,,, poleq2_ALL,,,,,,,,,,PIED,,
SHOS 02,01Year2,5/8/2001 12:00:00 AM,29,True,2,0.5,197,D,7.5,3,,X,,,,,,,,,,,,,,,,,,,,,-1,,-1,,-1,,-1,,-1,From FMH TREEPOLE 1069,,, poleq2_ALL,,,,,,,,,,PIED,,
SHOS 02,01Year2,5/8/2001 12:00:00 AM,30,True,2,0.5,198,D,8.1,3,,X,,,,,,,,,,,,,,,,,,,,,-1,,-1,,-1,,-1,,-1,From FMH TREEPOLE 1069,,, poleq2_ALL,,,,,,,,,,PIED,,
SHOS 02,01Year2,5/8/2001 12:00:00 AM,1001,True,1,1,17,D,19.5,,,RS,,,,,,,,,,,,,,,,,,,,,-1,,-1,,-1,,-1,,-1,FMH TREEOVER 1067,,, overq1_ALL,,,,,,,,,,PIED,,
SHOS 02,01Year2,5/8/2001 12:00:00 AM,1002,True,1,1,30,D,47.2,,,RS,,,,,,,,,,,,,,,,,,,,,-1,,-1,,-1,,-1,,-1,FMH TREEOVER 1067,,, overq1_ALL,,,,,,,,,,JUOS,,
SHOS 02,01Year2,5/8/2001 12:00:00 AM,1003,True,1,1,47,D,18,,,RS,,,,,,,,,,,,,,,,,,,,,-1,,-1,,-1,,-1,,-1,FMH TREEOVER 1067,,, overq1_ALL,,,,,,,,,,PIED,,
SHOS 02,01Year2,5/8/2001 12:00:00 AM,1004,True,1,1,48,D,20.9,,,RS,,,,,,,,,,,,,,,,,,,,,-1,,-1,,-1,,-1,,-1,FMH TREEOVER 1067,,, overq1_ALL,,,,,,,,,,PIED,,
SHOS 02,01Year2,5/8/2001 12:00:00 AM,1005,True,1,1,49,D,16.3,,,RS,,,,,,,,,,,,,,,,,,,,,-1,,-1,,-1,,-1,,-1,FMH TREEOVER 1067,,, overq1_ALL,,,,,,,,,,PIED,,
SHOS 02,01Year2,5/8/2001 12:00:00 AM,1006,True,2,1,50,D,15.2,,,RS,,,,,,,,,,,,,,,,,,,,,-1,,-1,,-1,,-1,,-1,FMH TREEOVER 1067,,, overq2_ALL,,,,,,,,,,PIED,,
SHOS 02,01Year2,5/8/2001 12:00:00 AM,1007,True,2,1,51,D,34.7,,,RS,,,,,,,,,,,,,,,,,,,,,-1,,-1,,-1,,-1,,-1,FMH TREEOVER 1067,,, overq2_ALL,,,,,,,,,,JUOS,,
SHOS 02,01Year2,5/8/2001 12:00:00 AM,1008,True,2,1,52,D,17.9,,,RS,,,,,,,,,,,,,,,,,,,,,-1,,-1,,-1,,-1,,-1,FMH TREEOVER 1067,,, overq2_ALL,,,,,,,,,,PIED,,
SHOS 02,01Year2,5/8/2001 12:00:00 AM,1009,True,2,1,53,D,19.1,,,RS,,,,,,,,,,,,,,,,,,,,,-1,,-1,,-1,,-1,,-1,FMH TREEOVER 1067,,, overq2_ALL,,,,,,,,,,JUOS,,
SHOS 02,01Year2,5/8/2001 12:00:00 AM,1010,True,2,1,54,D,33.9,,,RS,,,,,,,,,,,,,,,,,,,,,-1,,-1,,-1,,-1,,-1,FMH TREEOVER 1067,,, overq2_ALL,,,,,,,,,,JUOS,,
SHOS 02,01Year2,5/8/2001 12:00:00 AM,1011,True,2,1,55,D,51.7,,,RS,,,,,,,,,,,,,,,,,,,,,-1,,-1,,-1,,-1,,-1,FMH TREEOVER 1067,,, overq2_ALL,,,,,,,,,,JUOS,,
SHOS 02,01Year2,5/8/2001 12:00:00 AM,1012,True,2,1,56,D,21.4,,,RS,,,,,,,,,,,,,,,,,,,,,-1,,-1,,-1,,-1,,-1,FMH TREEOVER 1067,,, overq2_ALL,,,,,,,,,,JUOS,,
SHOS 02,01Year2,5/8/2001 12:00:00 AM,1013,True,2,1,57,D,16.1,,,RS,,,,,,,,,,,,,,,,,,,,,-1,,-1,,-1,,-1,,-1,FMH TREEOVER 1067,,, overq2_ALL,,,,,,,,,,PIED,,
SHOS 02,01Year2,5/8/2001 12:00:00 AM,1014,True,2,1,58,D,16.9,,,RS,,,,,,,,,,,,,,,,,,,,,-1,,-1,,-1,,-1,,-1,FMH TREEOVER 1067,,, overq2_ALL,,,,,,,,,,PIED,,
SHOS 02,01Year2,5/8/2001 12:00:00 AM,1015,True,2,1,71,D,38,,,RS,,,,,,,,,,,,,,,,,,,,,-1,,-1,,-1,,-1,,-1,FMH TREEOVER 1067,,, overq2_ALL,,,,,,,,,,JUOS,,
SHOS 02,01Year2,5/8/2001 12:00:00 AM,1016,True,2,1,72,D,35.5,,,RS,,,,,,,,,,,,,,,,,,,,,-1,,-1,,-1,,-1,,-1,FMH TREEOVER 1067,,, overq2_ALL,,,,,,,,,,JUOS,,
SHOS 02,01Year2,5/8/2001 12:00:00 AM,1017,True,3,1,59,D,59.3,,,RS,,,,,,,,,,,,,,,,,,,,,-1,,-1,,-1,,-1,,-1,FMH TREEOVER 1067,,, overq3_ALL,,,,,,,,,,JUOS,,
SHOS 02,01Year2,5/8/2001 12:00:00 AM,1018,True,3,1,60,D,33.2,,,RS,,,,,,,,,,,,,,,,,,,,,-1,,-1,,-1,,-1,,-1,FMH TREEOVER 1067,,, overq3_ALL,,,,,,,,,,PIED,,
SHOS 02,01Year2,5/8/2001 12:00:00 AM,1019,True,3,1,61,D,35.6,,,RS,,,,,,,,,,,,,,,,,,,,,-1,,-1,,-1,,-1,,-1,FMH TREEOVER 1067,,, overq3_ALL,,,,,,,,,,PIED,,
SHOS 02,01Year2,5/8/2001 12:00:00 AM,1020,True,3,1,62,D,21.4,,,RS,,,,,,,,,,,,,,,,,,,,,-1,,-1,,-1,,-1,,-1,FMH TREEOVER 1067,,, overq3_ALL,,,,,,,,,,JUOS,,
SHOS 02,01Year2,5/8/2001 12:00:00 AM,1021,True,3,1,63,D,33,,,RS,,,,,,,,,,,,,,,,,,,,,-1,,-1,,-1,,-1,,-1,FMH TREEOVER 1067,,, overq3_ALL,,,,,,,,,,JUOS,,
SHOS 02,01Year2,5/8/2001 12:00:00 AM,1022,True,3,1,64,D,22.1,,,RS,,,,,,,,,,,,,,,,,,,,,-1,,-1,,-1,,-1,,-1,FMH TREEOVER 1067,,, overq3_ALL,,,,,,,,,,PIED,,
SHOS 02,01Year2,5/8/2001 12:00:00 AM,1023,True,3,1,65,D,19.4,,,RS,,,,,,,,,,,,,,,,,,,,,-1,,-1,,-1,,-1,,-1,FMH TREEOVER 1067,,, overq3_ALL,,,,,,,,,,JUOS,,
SHOS 02,01Year2,5/8/2001 12:00:00 AM,1024,True,3,1,66,D,24.8,,,RS,,,,,,,,,,,,,,,,,,,,,-1,,-1,,-1,,-1,,-1,FMH TREEOVER 1067,,, overq3_ALL,,,,,,,,,,PIED,,
SHOS 02,01Year2,5/8/2001 12:00:00 AM,1025,True,4,1,67,D,21.6,,,RS,,,,,,,,,,,,,,,,,,,,,-1,,-1,,-1,,-1,,-1,FMH TREEOVER 1067,,, overq4_ALL,,,,,,,,,,JUOS,,
SHOS 02,01Year2,5/8/2001 12:00:00 AM,1026,True,4,1,68,D,20.6,,,RS,,,,,,,,,,,,,,,,,,,,,-1,,-1,,-1,,-1,,-1,FMH TREEOVER 1067,,, overq4_ALL,,,,,,,,,,JUOS,,
SHOS 02,01Year2,5/8/2001 12:00:00 AM,1027,True,4,1,69,D,17,,,RS,,,,,,,,,,,,,,,,,,,,,-1,,-1,,-1,,-1,,-1,FMH TREEOVER 1067,,, overq4_ALL,,,,,,,,,,PIED,,
SHOS 02,01Year2,5/8/2001 12:00:00 AM,1028,True,4,1,70,D,16.3,,,RS,,,,,,,,,,,,,,,,,,,,,-1,,-1,,-1,,-1,,-1,FMH TREEOVER 1067,,, overq4_ALL,,,,,,,,,,PIED,,
SHOS 02,01Year5,5/17/2004 12:00:00 AM,,,,,,,,,,,,,,,,,,,,,,,,,,,,,,,,,,,,,,,,,,,,0.1,0.1,15,,,,,,,,True,
SHOS 02,01Year5,5/17/2004 12:00:00 AM,1,True,1,0.5,124,D,5.5,3,,X,,,,,,,,,,,,,,,,,,,,,-1,,-1,,-1,,-1,,-1,From FMH TREEPOLE 1069,,, poleq1_ALL,,,,,,,,,,PIED,,
SHOS 02,01Year5,5/17/2004 12:00:00 AM,2,True,1,0.5,138,D,12.9,4,,X,,,,,,,,,,,,,,,,,,,,,-1,,-1,,-1,,-1,,-1,From FMH TREEPOLE 1069,,, poleq1_ALL,,,,,,,,,,PIED,,
SHOS 02,01Year5,5/17/2004 12:00:00 AM,3,True,1,0.5,142,D,8,4,,X,,,,,,,,,,,,,,,,,,,,,-1,,-1,,-1,,-1,,-1,From FMH TREEPOLE 1069,,, poleq1_ALL,,,,,,,,,,PIED,,
SHOS 02,01Year5,5/17/2004 12:00:00 AM,4,True,1,0.5,143,D,14.1,5,,X,,,,,,,,,,,,,,,,,,,,,-1,,-1,,-1,,-1,,-1,From FMH TREEPOLE 1069,,, poleq1_ALL,,,,,,,,,,JUOS,,
SHOS 02,01Year5,5/17/2004 12:00:00 AM,5,True,1,0.5,145,D,9,4,,X,,,,,,,,,,,,,,,,,,,,,-1,,-1,,-1,,-1,,-1,From FMH TREEPOLE 1069,,, poleq1_ALL,,,,,,,,,,PIED,,
SHOS 02,01Year5,5/17/2004 12:00:00 AM,6,True,1,0.5,146,D,6.4,3,,X,,,,,,,,,,,,,,,,,,,,,-1,,-1,,-1,,-1,,-1,From FMH TREEPOLE 1069,,, poleq1_ALL,,,,,,,,,,PIED,,
SHOS 02,01Year5,5/17/2004 12:00:00 AM,7,True,1,0.5,147,D,8.6,4,,X,,,,,,,,,,,,,,,,,,,,,-1,,-1,,-1,,-1,,-1,From FMH TREEPOLE 1069,,, poleq1_ALL,,,,,,,,,,PIED,,
SHOS 02,01Year5,5/17/2004 12:00:00 AM,8,True,2,0.5,101,D,5.9,3,,X,,,,,,,,,,,,,,,,,,,,,-1,,-1,,-1,,-1,,-1,From FMH TREEPOLE 1069,,, poleq2_ALL,,,,,,,,,,PIED,,
SHOS 02,01Year5,5/17/2004 12:00:00 AM,9,True,2,0.5,149,D,11.4,6,,X,,,,,,,,,,,,,,,,,,,,,-1,,-1,,-1,,-1,,-1,From FMH TREEPOLE 1069,,, poleq2_ALL,,,,,,,,,,PIED,,
SHOS 02,01Year5,5/17/2004 12:00:00 AM,10,True,2,0.5,150,D,7,2,,X,,,,,,,,,,,,,,,,,,,,,-1,,-1,,-1,,-1,,-1,From FMH TREEPOLE 1069,,, poleq2_ALL,,,,,,,,,,PIED,,
SHOS 02,01Year5,5/17/2004 12:00:00 AM,11,True,2,0.5,153,D,5.1,2,,X,,,,,,,,,,,,,,,,,,,,,-1,,-1,,-1,,-1,,-1,From FMH TREEPOLE 1069,,, poleq2_ALL,,,,,,,,,,PIED,,
SHOS 02,01Year5,5/17/2004 12:00:00 AM,12,True,2,0.5,162,D,3.3,2,,X,,,,,,,,,,,,,,,,,,,,,-1,,-1,,-1,,-1,,-1,From FMH TREEPOLE 1069,,, poleq2_ALL,,,,,,,,,,PIED,,
SHOS 02,01Year5,5/17/2004 12:00:00 AM,13,True,2,0.5,163,D,5,3,,X,,,,,,,,,,,,,,,,,,,,,-1,,-1,,-1,,-1,,-1,From FMH TREEPOLE 1069,,, poleq2_ALL,,,,,,,,,,PIED,,
SHOS 02,01Year5,5/17/2004 12:00:00 AM,14,True,2,0.5,165,D,6.6,3,,X,,,,,,,,,,,,,,,,,,,,,-1,,-1,,-1,,-1,,-1,From FMH TREEPOLE 1069,,, poleq2_ALL,,,,,,,,,,JUOS,,
SHOS 02,01Year5,5/17/2004 12:00:00 AM,15,True,2,0.5,166,D,8.7,3,,X,,,,,,,,,,,,,,,,,,,,,-1,,-1,,-1,,-1,,-1,From FMH TREEPOLE 1069,,, poleq2_ALL,,,,,,,,,,PIED,,
SHOS 02,01Year5,5/17/2004 12:00:00 AM,16,True,2,0.5,175,D,3,3,,X,,,,,,,,,,,,,,,,,,,,,-1,,-1,,-1,,-1,,-1,From FMH TREEPOLE 1069,,, poleq2_ALL,,,,,,,,,,PIED,,
SHOS 02,01Year5,5/17/2004 12:00:00 AM,17,True,2,0.5,179,D,7.3,3,,X,,,,,,,,,,,,,,,,,,,,,-1,,-1,,-1,,-1,,-1,From FMH TREEPOLE 1069,,, poleq2_ALL,,,,,,,,,,PIED,,
SHOS 02,01Year5,5/17/2004 12:00:00 AM,18,True,2,0.5,191,D,12,7,,X,,,,,,,,,,,,,,,,,,,,,-1,,-1,,-1,,-1,,-1,From FMH TREEPOLE 1069,,, poleq2_ALL,,,,,,,,,,PIED,,
SHOS 02,01Year5,5/17/2004 12:00:00 AM,19,True,2,0.5,193,D,6.9,5,,X,,,,,,,,,,,,,,,,,,,,,-1,,-1,,-1,,-1,,-1,From FMH TREEPOLE 1069,,, poleq2_ALL,,,,,,,,,,PIED,,
SHOS 02,01Year5,5/17/2004 12:00:00 AM,20,True,2,0.5,194,D,5.3,3,,X,,,,,,,,,,,,,,,,,,,,,-1,,-1,,-1,,-1,,-1,From FMH TREEPOLE 1069,,, poleq2_ALL,,,,,,,,,,PIED,,
SHOS 02,01Year5,5/17/2004 12:00:00 AM,21,True,2,0.5,195,D,11.7,2,,X,,,,,,,,,,,,,,,,,,,,,-1,,-1,,-1,,-1,,-1,From FMH TREEPOLE 1069,,, poleq2_ALL,,,,,,,,,,PIPO,,
SHOS 02,01Year5,5/17/2004 12:00:00 AM,22,True,2,0.5,197,D,7,3,,X,,,,,,,,,,,,,,,,,,,,,-1,,-1,,-1,,-1,,-1,From FMH TREEPOLE 1069,,, poleq2_ALL,,,,,,,,,,PIED,,
SHOS 02,01Year5,5/17/2004 12:00:00 AM,23,True,2,0.5,198,D,8,3,,X,,,,,,,,,,,,,,,,,,,,,-1,,-1,,-1,,-1,,-1,From FMH TREEPOLE 1069,,, poleq2_ALL,,,,,,,,,,PIED,,
SHOS 02,01Year5,5/17/2004 12:00:00 AM,24,True,2,0.5,200,D,7.5,5,,X,,,,,,,,,,,,,,,,,,,,,-1,,-1,,-1,,-1,,-1,From FMH TREEPOLE 1069,,, poleq2_ALL,,,,,,,,,,PIED,,
SHOS 02,01Year5,5/17/2004 12:00:00 AM,1001,True,1,1,17,D,19.5,,,LBS,,,,,,,,,,,,,,,,,,,,,-1,,-1,,-1,,-1,,-1,FMH TREEOVER 1067,,, overq1_ALL,,,,,,,,,,PIED,,
SHOS 02,01Year5,5/17/2004 12:00:00 AM,1002,True,1,1,30,D,46.7,,,RS,,,,,,,,,,,,,,,,,,,,,-1,,-1,,-1,,-1,,-1,FMH TREEOVER 1067,,, overq1_ALL,,,,,,,,,,JUOS,,
SHOS 02,01Year5,5/17/2004 12:00:00 AM,1003,True,1,1,47,D,18.1,,,LBS,,,,,,,,,,,,,,,,,,,,,-1,,-1,,-1,,-1,,-1,FMH TREEOVER 1067,,, overq1_ALL,,,,,,,,,,PIED,,
SHOS 02,01Year5,5/17/2004 12:00:00 AM,1004,True,1,1,48,D,20.5,,,LBS,,,,,,,,,,,,,,,,,,,,,-1,,-1,,-1,,-1,,-1,FMH TREEOVER 1067,,, overq1_ALL,,,,,,,,,,PIED,,
SHOS 02,01Year5,5/17/2004 12:00:00 AM,1005,True,1,1,49,D,16,,,LBS,,,,,,,,,,,,,,,,,,,,,-1,,-1,,-1,,-1,,-1,FMH TREEOVER 1067,,, overq1_ALL,,,,,,,,,,PIED,,
SHOS 02,01Year5,5/17/2004 12:00:00 AM,1006,True,2,1,50,D,15.4,,,LBS,,,,,,,,,,,,,,,,,,,,,-1,,-1,,-1,,-1,,-1,FMH TREEOVER 1067,,, overq2_ALL,,,,,,,,,,PIED,,
SHOS 02,01Year5,5/17/2004 12:00:00 AM,1007,True,2,1,51,D,35.3,,,RS,,,,,,,,,,,,,,,,,,,,,-1,,-1,,-1,,-1,,-1,FMH TREEOVER 1067,,, overq2_ALL,,,,,,,,,,JUOS,,
SHOS 02,01Year5,5/17/2004 12:00:00 AM,1008,True,2,1,52,D,17.9,,,LBS,,,,,,,,,,,,,,,,,,,,,-1,,-1,,-1,,-1,,-1,FMH TREEOVER 1067,,, overq2_ALL,,,,,,,,,,PIED,,
SHOS 02,01Year5,5/17/2004 12:00:00 AM,1009,True,2,1,53,D,19.3,,,RS,,,,,,,,,,,,,,,,,,,,,-1,,-1,,-1,,-1,,-1,FMH TREEOVER 1067,,, overq2_ALL,,,,,,,,,,JUOS,,
SHOS 02,01Year5,5/17/2004 12:00:00 AM,1010,True,2,1,54,D,33.8,,,RS,,,,,,,,,,,,,,,,,,,,,-1,,-1,,-1,,-1,,-1,FMH TREEOVER 1067,,, overq2_ALL,,,,,,,,,,JUOS,,
SHOS 02,01Year5,5/17/2004 12:00:00 AM,1011,True,2,1,55,D,51.4,,,RS,,,,,,,,,,,,,,,,,,,,,-1,,-1,,-1,,-1,,-1,FMH TREEOVER 1067,,, overq2_ALL,,,,,,,,,,JUOS,,
SHOS 02,01Year5,5/17/2004 12:00:00 AM,1012,True,2,1,56,D,21.3,,,RS,,,,,,,,,,,,,,,,,,,,,-1,,-1,,-1,,-1,,-1,FMH TREEOVER 1067,,, overq2_ALL,,,,,,,,,,JUOS,,
SHOS 02,01Year5,5/17/2004 12:00:00 AM,1013,True,2,1,57,D,16.1,,,LBS,,,,,,,,,,,,,,,,,,,,,-1,,-1,,-1,,-1,,-1,FMH TREEOVER 1067,,, overq2_ALL,,,,,,,,,,PIED,,
SHOS 02,01Year5,5/17/2004 12:00:00 AM,1014,True,2,1,58,D,16.8,,,LBS,,,,,,,,,,,,,,,,,,,,,-1,,-1,,-1,,-1,,-1,FMH TREEOVER 1067,,, overq2_ALL,,,,,,,,,,PIED,,
SHOS 02,01Year5,5/17/2004 12:00:00 AM,1015,True,2,1,71,D,35.1,,,RS,,,,,,,,,,,,,,,,,,,,,-1,,-1,,-1,,-1,,-1,FMH TREEOVER 1067,,, overq2_ALL,,,,,,,,,,JUOS,,
SHOS 02,01Year5,5/17/2004 12:00:00 AM,1016,True,2,1,72,D,34.1,,,RS,,,,,,,,,,,,,,,,,,,,,-1,,-1,,-1,,-1,,-1,FMH TREEOVER 1067,,, overq2_ALL,,,,,,,,,,JUOS,,
SHOS 02,01Year5,5/17/2004 12:00:00 AM,1017,True,3,1,59,D,59.3,,,RS,,,,,,,,,,,,,,,,,,,,,-1,,-1,,-1,,-1,,-1,FMH TREEOVER 1067,,, overq3_ALL,,,,,,,,,,JUOS,,
SHOS 02,01Year5,5/17/2004 12:00:00 AM,1018,True,3,1,60,D,34.6,,,LBS,,,,,,,,,,,,,,,,,,,,,-1,,-1,,-1,,-1,,-1,FMH TREEOVER 1067,,, overq3_ALL,,,,,,,,,,PIED,,
SHOS 02,01Year5,5/17/2004 12:00:00 AM,1019,True,3,1,61,D,34.9,,,LBS,,,,,,,,,,,,,,,,,,,,,-1,,-1,,-1,,-1,,-1,FMH TREEOVER 1067,,, overq3_ALL,,,,,,,,,,PIED,,
SHOS 02,01Year5,5/17/2004 12:00:00 AM,1020,True,3,1,62,D,21.2,,,RS,,,,,,,,,,,,,,,,,,,,,-1,,-1,,-1,,-1,,-1,FMH TREEOVER 1067,,, overq3_ALL,,,,,,,,,,JUOS,,
SHOS 02,01Year5,5/17/2004 12:00:00 AM,1021,True,3,1,63,D,32.6,,,RS,,,,,,,,,,,,,,,,,,,,,-1,,-1,,-1,,-1,,-1,FMH TREEOVER 1067,,, overq3_ALL,,,,,,,,,,JUOS,,
SHOS 02,01Year5,5/17/2004 12:00:00 AM,1022,True,3,1,65,D,19.2,,,RS,,,,,,,,,,,,,,,,,,,,,-1,,-1,,-1,,-1,,-1,FMH TREEOVER 1067,,, overq3_ALL,,,,,,,,,,JUOS,,
SHOS 02,01Year5,5/17/2004 12:00:00 AM,1023,True,3,1,66,D,24.2,,,LBS,,,,,,,,,,,,,,,,,,,,,-1,,-1,,-1,,-1,,-1,FMH TREEOVER 1067,,, overq3_ALL,,,,,,,,,,PIED,,
SHOS 02,01Year5,5/17/2004 12:00:00 AM,1024,True,4,1,67,D,21.6,,,RS,,,,,,,,,,,,,,,,,,,,,-1,,-1,,-1,,-1,,-1,FMH TREEOVER 1067,,, overq4_ALL,,,,,,,,,,JUOS,,
SHOS 02,01Year5,5/17/2004 12:00:00 AM,1025,True,4,1,68,D,20.6,,,RS,,,,,,,,,,,,,,,,,,,,,-1,,-1,,-1,,-1,,-1,FMH TREEOVER 1067,,, overq4_ALL,,,,,,,,,,JUOS,,
